timestamp,switch_count,avg_lat,min_lat,max_lat,p95_lat,p99_lat,stddev_lat,over20,over50,over100,avg_prio,highest_prio,label
1777482527,10,26.41,8.00,74.46,74.46,74.46,18.46,7,1,0,1030.0,140,1
1777482528,45,27.43,9.17,74.04,46.92,74.04,13.01,31,2,0,1030.0,140,1
1777482529,45,26.22,12.42,63.37,45.12,63.37,10.41,29,2,0,1030.0,140,1
1777482530,43,36.03,12.12,145.00,61.75,145.00,23.31,37,4,2,1030.5,140,1
1777482531,42,40.82,18.75,128.21,66.67,128.21,19.82,40,6,2,1031.0,140,1
1777482532,42,35.33,14.88,52.33,51.71,52.33,10.01,40,4,0,1031.0,140,1
1777482533,42,37.05,16.17,130.37,54.00,130.37,20.97,40,3,2,1031.0,140,1
1777482534,43,40.26,15.87,122.21,85.50,122.21,20.35,39,5,2,1031.2,140,1
1777482535,42,35.88,16.38,75.25,69.75,75.25,13.26,40,4,0,1032.0,140,1
1777482536,43,31.89,12.92,60.67,47.92,60.67,10.38,38,1,0,1032.0,140,1
1777482537,44,34.25,12.54,135.16,48.33,135.16,17.97,40,2,1,1032.0,140,1
1777482538,42,35.35,11.71,89.67,58.08,89.67,12.85,39,3,0,1032.0,140,1
1777482539,44,34.61,14.46,140.83,48.37,140.83,19.03,41,2,1,1032.9,140,1
1777482540,42,38.24,8.62,86.92,77.12,86.92,15.62,39,7,0,1033.0,140,1
1777482541,43,30.47,16.79,67.37,45.54,67.37,10.42,35,2,0,1033.0,140,1
1777482542,42,38.92,16.42,163.96,61.08,163.96,22.74,39,6,1,1033.0,140,1
1777482543,43,43.26,13.54,179.62,112.04,179.62,33.19,41,4,3,1033.7,140,1
1777482544,43,37.56,15.00,112.00,78.62,112.00,19.78,40,4,2,1034.0,140,1
1777482545,43,36.54,12.67,129.29,59.87,129.29,19.32,38,5,1,1034.0,140,1
1777482546,43,37.96,17.46,160.54,52.79,160.54,21.15,41,5,1,1034.0,140,1
1777482547,42,38.36,17.96,132.25,64.79,132.25,18.90,38,5,1,1034.3,140,1
1777482548,42,34.40,17.96,71.12,50.71,71.12,11.79,36,3,0,1035.0,140,1
1777482549,42,39.05,15.12,139.00,65.50,139.00,24.74,37,3,2,1035.0,140,1
1777482550,43,35.88,14.92,150.29,50.71,150.29,21.15,37,4,1,1035.0,140,1
1777482551,43,36.47,18.50,122.08,55.21,122.08,17.18,40,4,1,1035.0,140,1
1777482552,42,33.22,14.71,51.83,51.75,51.83,10.35,38,4,0,1036.0,140,1
1777482553,42,33.52,11.00,95.08,59.54,95.08,14.38,38,3,0,1036.0,140,1
1777482554,43,37.83,18.37,109.92,52.96,109.92,18.60,39,4,2,1036.0,140,1
1777482555,41,38.42,18.29,84.79,57.62,84.79,14.07,38,7,0,1036.0,140,1
1777482556,43,36.77,19.33,93.21,47.21,93.21,11.90,42,1,0,1036.8,140,1
1777482557,42,34.23,16.46,51.37,47.71,51.37,8.93,38,2,0,1037.0,140,1
1777482558,43,37.79,12.54,121.37,71.00,121.37,20.23,41,6,1,1037.0,140,1
1777482559,42,35.18,16.12,119.00,53.33,119.00,16.75,36,3,1,1037.0,140,1
1777482560,42,34.42,15.58,69.83,55.87,69.83,12.85,38,5,0,1037.5,140,1
1777482561,43,34.03,17.62,83.00,53.42,83.00,12.16,40,3,0,1038.0,140,1
1777482562,43,38.41,16.50,166.29,48.46,166.29,21.74,39,2,1,1038.0,140,1
1777482563,43,33.04,13.75,56.41,49.66,56.41,10.13,38,2,0,1038.0,140,1
1777482564,42,37.65,11.71,131.54,56.29,131.54,18.81,38,6,1,1038.2,140,1
1777482565,42,38.25,14.92,122.54,72.67,122.54,18.70,40,5,1,1039.0,140,1
1777482566,43,35.35,11.79,85.00,62.12,85.00,13.92,39,3,0,1039.0,140,1
1777482567,42,36.15,9.00,73.29,46.83,73.29,10.28,40,1,0,1039.0,140,1
1777482568,42,35.42,11.83,106.42,67.87,106.42,16.85,37,4,1,1039.0,140,1
1777482569,43,33.94,13.00,161.66,50.04,161.66,22.27,36,3,1,1039.9,140,1
1777482570,43,36.75,14.58,77.50,69.62,77.50,14.83,40,6,0,1040.0,140,1
1777482571,41,56.39,15.17,858.23,76.62,858.23,128.20,38,3,2,1040.0,140,1
1777482572,43,36.03,12.50,67.12,65.21,67.12,13.22,39,6,0,1040.0,140,1
1777482573,42,36.73,17.50,84.33,50.37,84.33,12.23,40,3,0,1040.5,140,1
1777482574,42,33.47,14.21,66.21,49.83,66.21,11.47,40,2,0,1041.0,140,1
1777482575,43,34.42,14.29,72.96,60.96,72.96,13.14,36,5,0,1041.0,140,1
1777482576,42,37.02,15.54,115.79,51.62,115.79,15.51,41,4,1,1041.0,140,1
1777482577,42,38.76,14.92,135.29,72.71,135.29,20.88,39,4,1,1041.3,140,1
1777482578,42,32.04,15.12,79.67,46.50,79.67,11.33,37,1,0,1042.0,140,1
1777482579,43,34.56,12.67,83.12,49.71,83.12,12.08,40,2,0,1042.0,140,1
1777482580,43,33.74,14.79,85.08,59.25,85.08,13.56,36,3,0,1042.0,140,1
1777482581,42,35.60,18.50,96.79,62.04,96.79,15.02,41,4,0,1042.0,140,1
1777482582,43,34.30,15.58,78.92,63.29,78.92,13.97,37,4,0,1043.0,140,1
1777482583,43,33.76,10.75,58.96,56.67,58.96,11.33,39,3,0,1043.0,140,1
1777482584,43,34.49,11.17,89.00,52.33,89.00,13.64,39,3,0,1043.0,140,1
1777482585,42,33.75,19.25,70.25,51.21,70.25,10.73,39,3,0,1043.0,140,1
1777482586,41,38.48,16.71,87.46,54.37,87.46,14.20,39,5,0,1043.7,140,1
1777482587,42,42.03,14.75,156.25,64.21,156.25,26.25,38,7,2,1044.0,140,1
1777482588,43,51.09,10.83,611.61,76.29,611.61,109.95,30,4,2,1044.0,140,1
1777482589,43,218.94,11.67,8109.38,51.96,8109.38,1217.62,37,6,1,1044.0,140,1
1777482590,44,33.52,14.92,137.66,123.46,137.66,27.78,35,5,3,1044.4,140,1
1777482591,42,20.59,11.62,48.96,38.12,48.96,9.21,18,0,0,1045.0,140,1
1777482592,43,27.61,10.33,107.71,54.83,107.71,17.17,30,3,1,1045.0,140,1
1777482593,42,31.23,9.75,137.16,78.83,137.16,25.37,25,8,1,1045.0,140,1
1777482594,42,33.01,16.00,109.87,56.62,109.87,15.92,38,4,1,1045.1,140,1
1777482595,42,32.35,10.21,120.00,48.58,120.00,17.48,36,2,1,1046.0,140,1
1777482596,43,29.10,11.46,99.29,75.25,99.29,19.08,28,4,0,1046.0,140,1
1777482597,44,27.60,8.50,172.00,40.67,172.00,24.44,30,2,1,1046.0,140,1
1777482598,43,22.38,9.50,65.04,32.00,65.04,8.17,28,1,0,1046.0,140,1
1777482599,43,25.26,8.92,116.96,52.75,116.96,16.96,26,3,1,1046.8,140,1
1777482600,44,23.96,10.17,36.37,32.92,36.37,5.44,33,0,0,1047.0,140,1
1777482601,42,23.97,8.42,50.00,44.25,50.00,8.26,25,0,0,1047.0,140,1
1777482602,42,32.61,9.17,87.04,51.58,87.04,15.26,36,5,0,1047.0,140,1
1777482603,42,35.17,12.62,157.91,75.08,157.91,23.74,35,4,1,1047.5,140,1
1777482604,43,29.94,12.87,48.83,44.75,48.83,8.12,38,0,0,1048.0,140,1
1777482605,42,27.83,11.46,62.54,51.17,62.54,10.47,34,3,0,1048.0,140,1
1777482606,43,29.06,10.21,52.25,47.17,52.25,10.58,32,2,0,1048.0,140,1
1777482607,42,30.23,9.42,73.71,70.96,73.71,15.00,32,4,0,1048.2,140,1
1777482608,44,31.77,5.67,218.91,57.67,218.91,32.01,29,5,1,1049.0,140,1
1777482609,43,28.96,10.08,125.92,45.25,125.92,17.83,33,1,1,1049.0,140,1
1777482610,43,30.01,12.79,164.29,45.50,164.29,22.62,32,2,1,1049.0,140,1
1777482611,43,30.65,10.00,66.96,50.83,66.96,12.30,34,3,0,1049.0,140,1
1777482612,43,27.80,11.42,128.08,49.71,128.08,18.01,30,2,1,1049.9,140,1
1777482613,43,24.53,9.62,101.37,49.42,101.37,15.73,19,2,1,1050.0,140,1
1777482614,43,32.01,13.08,224.91,46.92,224.91,31.53,31,2,1,1050.0,140,1
1777482615,43,23.57,10.67,48.37,42.96,48.37,9.14,24,0,0,1050.0,140,1
1777482616,43,29.74,9.17,148.58,66.67,148.58,24.67,26,3,2,1050.6,140,1
1777482617,44,26.04,7.71,93.96,57.00,93.96,15.65,23,3,0,1051.0,140,1
1777482618,43,24.38,11.67,92.71,39.79,92.71,12.79,28,1,0,1051.0,140,1
1777482619,43,30.81,11.00,217.91,39.33,217.91,30.00,30,1,1,1051.0,140,1
1777482620,42,32.30,13.25,124.83,54.04,124.83,18.03,34,4,1,1051.3,140,1
1777482621,42,29.58,11.04,89.00,50.25,89.00,15.48,32,3,0,1052.0,140,1
1777482622,43,30.18,9.17,78.17,54.96,78.17,13.31,34,3,0,1052.0,140,1
1777482623,43,27.32,8.96,78.29,45.46,78.29,12.55,28,2,0,1052.0,140,1
1777482624,43,24.55,8.21,51.21,41.12,51.21,8.78,30,1,0,1052.0,140,1
1777482625,43,27.53,13.04,93.33,40.21,93.33,12.59,36,2,0,1053.0,140,1
1777482626,42,27.70,8.54,51.17,49.04,51.17,11.49,29,2,0,1053.0,140,1
1777482627,43,23.31,7.08,53.12,41.79,53.12,9.16,24,2,0,1053.0,140,1
1777482628,43,22.21,6.58,101.75,35.62,101.75,14.67,21,1,1,1053.0,140,1
1777482629,42,28.29,12.92,97.08,52.54,97.08,15.99,27,3,0,1053.7,140,1
1777482630,43,17.85,7.38,56.25,30.92,56.25,8.40,9,1,0,1054.0,140,1
1777482631,42,20.98,7.38,47.08,38.87,47.08,8.88,20,0,0,1054.0,140,1
1777482632,42,27.50,11.88,163.50,49.00,163.50,25.43,20,2,1,1054.0,140,1
1777482633,42,19.52,11.38,48.83,38.37,48.83,8.81,14,0,0,1054.5,140,1
1777482634,42,19.19,9.21,77.08,39.08,77.08,13.71,9,2,0,1055.0,140,1
1777482635,42,19.24,8.00,99.71,33.58,99.71,14.96,10,2,0,1055.0,140,1
1777482636,43,17.64,7.21,54.87,29.62,54.87,8.60,10,1,0,1055.0,140,1
1777482637,42,19.68,11.92,69.67,42.08,69.67,11.63,11,1,0,1055.2,140,1
1777482638,43,16.60,10.79,43.92,27.04,43.92,6.35,7,0,0,1056.0,140,1
1777482639,43,29.33,8.12,52.67,48.21,52.67,11.19,36,1,0,1056.0,140,1
1777482640,42,20.71,9.33,76.12,35.37,76.12,10.82,14,1,0,1056.0,140,1
1777482641,42,23.01,9.71,159.25,48.29,159.25,23.54,14,2,1,1056.0,140,1
1777482642,42,19.31,5.79,78.29,39.04,78.29,12.37,11,1,0,1056.9,140,1
1777482643,43,18.12,7.08,49.25,44.96,49.25,9.68,10,0,0,1057.0,140,1
1777482644,42,19.27,11.79,47.00,37.38,47.00,8.87,13,0,0,1057.0,140,1
1777482645,42,16.84,9.29,42.62,31.67,42.62,7.49,9,0,0,1057.0,140,1
1777482646,41,21.22,8.58,124.21,43.37,124.21,18.54,10,1,1,1057.6,140,1
1777482647,42,30.98,8.12,316.24,47.67,316.24,47.82,18,2,2,1058.0,140,1
1777482648,41,24.05,8.04,109.12,44.08,109.12,16.08,23,2,1,1058.0,140,1
1777482649,43,20.15,7.96,46.33,40.17,46.33,8.78,16,0,0,1058.0,140,1
1777482650,42,17.27,9.33,52.33,30.00,52.33,7.93,10,1,0,1058.3,140,1
1777482651,42,19.26,8.88,57.33,46.00,57.33,10.17,11,2,0,1059.0,140,1
1777482652,42,19.18,7.50,49.79,36.54,49.79,8.35,12,0,0,1059.0,140,1
1777482653,42,16.98,9.83,38.12,31.08,38.12,6.65,10,0,0,1059.0,140,1
1777482654,42,17.37,7.42,47.54,27.21,47.54,6.74,10,0,0,1059.0,140,1
1777482655,42,22.53,8.96,195.66,43.79,195.66,28.38,12,1,1,1060.0,140,1
1777482656,42,23.45,11.96,125.00,45.92,125.00,18.35,18,2,1,1060.0,140,1
1777482657,43,20.17,5.96,51.29,46.25,51.29,10.65,12,1,0,1060.0,140,1
1777482658,42,20.94,8.00,66.96,46.17,66.96,12.20,15,2,0,1060.0,140,1
1777482659,42,27.29,10.38,66.12,51.00,66.12,13.89,25,3,0,1060.7,140,1
1777482660,43,25.97,10.04,49.87,42.50,49.87,8.64,33,0,0,1061.0,140,1
1777482661,42,22.69,7.04,131.75,41.79,131.75,20.54,14,2,1,1061.0,140,1
1777482662,42,25.50,8.04,71.58,51.79,71.58,14.40,23,3,0,1061.0,140,1
1777482663,42,25.06,8.58,102.25,40.00,102.25,15.33,21,2,1,1061.4,140,1
1777482664,44,34.12,9.42,232.50,65.58,232.50,33.57,30,4,1,1062.0,140,1
1777482665,41,21.78,9.83,147.96,36.29,147.96,21.37,12,1,1,1062.0,140,1
1777482666,41,31.37,7.58,125.00,52.42,125.00,23.72,27,4,2,1062.0,140,1
1777482667,42,27.04,8.79,61.96,46.71,61.96,12.05,26,1,0,1062.1,140,1
1777482668,43,27.53,6.54,129.96,41.21,129.96,18.62,31,2,1,1063.0,140,1
1777482669,43,25.89,10.21,52.21,42.91,52.21,9.08,32,1,0,1063.0,140,1
1777482670,43,30.04,9.46,155.46,53.21,155.46,22.10,31,4,1,1063.0,140,1
1777482671,43,31.66,8.12,104.37,72.75,104.37,19.80,32,4,1,1063.0,140,1
1777482672,42,30.00,9.25,46.83,45.62,46.83,9.81,35,0,0,1063.8,140,1
1777482673,43,28.27,6.87,165.21,53.46,165.21,25.02,21,5,1,1064.0,140,1
1777482674,42,33.20,11.79,158.83,63.91,158.83,24.07,29,4,1,1064.0,140,1
1777482675,42,31.03,9.92,188.08,55.04,188.08,27.05,30,3,1,1064.0,140,1
1777482676,42,28.10,6.00,68.50,55.50,68.50,14.82,27,5,0,1064.5,140,1
1777482677,43,63.00,7.29,1554.01,60.46,1554.01,230.47,30,5,1,1065.0,140,1
1777482678,42,74.41,7.67,1878.09,62.50,1878.09,282.27,30,5,2,1065.0,140,1
1777482679,42,31.79,9.58,150.41,93.29,150.41,26.51,28,5,1,1065.0,140,1
1777482680,43,26.38,9.29,51.67,45.96,51.67,9.40,32,2,0,1065.2,140,1
1777482681,42,28.66,9.50,92.50,56.67,92.50,14.20,28,3,0,1066.0,140,1
1777482682,43,34.19,9.67,266.12,44.25,266.12,37.06,33,2,1,1066.0,140,1
1777482683,42,34.63,11.12,197.00,51.37,197.00,27.57,34,3,1,1066.0,140,1
1777482684,43,25.89,11.54,49.71,45.25,49.71,8.56,28,0,0,1066.0,140,1
1777482685,43,40.58,10.12,453.32,58.91,453.32,68.17,29,5,2,1066.9,140,1
1777482686,42,29.79,15.79,132.12,48.71,132.12,18.66,28,2,1,1067.0,140,1
1777482687,42,53.05,11.71,967.31,52.62,967.31,143.32,37,4,1,1067.0,140,1
1777482688,43,28.27,9.75,61.25,49.79,61.25,11.01,33,2,0,1067.0,140,1
1777482689,43,31.38,8.75,93.16,52.50,93.16,15.02,35,4,0,1067.6,140,1
1777482690,41,38.33,15.25,141.25,53.75,141.25,20.94,38,5,1,1068.0,140,1
1777482691,42,31.33,8.42,95.58,47.87,95.58,14.02,35,2,0,1068.0,140,1
1777482692,44,35.36,7.29,245.91,51.08,245.91,34.13,35,4,1,1068.0,140,1
1777482693,42,31.40,6.21,152.66,51.25,152.66,22.26,30,3,1,1068.3,140,1
1777482694,43,28.28,10.25,110.71,57.79,110.71,19.03,28,3,1,1069.0,140,1
1777482695,42,26.28,7.54,52.00,49.46,52.00,11.00,31,1,0,1069.0,140,1
1777482696,42,28.07,7.04,125.21,57.12,125.21,19.52,29,4,1,1069.0,140,1
1777482697,42,29.51,8.54,100.54,50.62,100.54,16.53,28,3,1,1069.0,140,1
1777482698,43,24.88,8.42,57.58,43.96,57.58,10.46,26,1,0,1070.0,140,1
1777482699,43,27.52,9.67,168.87,44.00,168.87,23.81,24,1,1,1070.0,140,1
1777482700,43,27.70,7.12,51.29,49.37,51.29,10.85,31,1,0,1070.0,140,1
1777482701,42,25.76,8.17,51.29,44.33,51.29,11.03,24,1,0,1070.0,140,1
1777482702,42,28.17,10.21,51.50,46.46,51.50,10.65,31,1,0,1070.7,140,1
1777482703,42,31.30,11.79,73.25,50.50,73.25,14.35,30,3,0,1071.0,140,1
1777482704,42,32.54,7.71,245.70,78.46,245.70,36.56,27,4,1,1071.0,140,1
1777482705,42,35.91,13.38,157.33,81.21,157.33,26.34,33,5,2,1071.0,140,1
1777482706,43,26.24,7.38,132.29,45.58,132.29,18.82,26,2,1,1071.4,140,1
1777482707,43,28.53,8.00,101.25,44.33,101.25,15.77,31,2,1,1072.0,140,1
1777482708,42,28.78,9.33,146.79,51.33,146.79,21.14,29,3,1,1072.0,140,1
1777482709,43,28.17,10.42,126.79,55.25,126.79,18.61,28,3,1,1072.0,140,1
1777482710,42,32.98,8.29,93.08,70.08,93.08,18.09,33,7,0,1072.1,140,1
1777482711,42,29.11,8.71,93.54,77.37,93.54,18.72,25,4,0,1073.0,140,1
1777482712,41,26.98,7.04,111.21,43.54,111.21,15.48,29,1,1,1073.0,140,1
1777482713,43,30.36,8.96,124.58,67.37,124.58,20.13,29,4,1,1073.0,140,1
1777482714,43,29.05,10.33,84.37,61.16,84.37,15.99,32,5,0,1073.0,140,1
1777482715,42,29.83,9.33,50.00,47.08,50.00,11.09,32,0,0,1073.9,140,1
1777482716,43,25.23,7.33,48.50,44.16,48.50,10.36,28,0,0,1074.0,140,1
1777482717,42,32.41,8.17,133.62,77.33,133.62,24.20,31,5,2,1074.0,140,1
1777482718,42,25.03,6.75,48.62,46.42,48.62,9.77,26,0,0,1074.0,140,1
1777482719,43,27.48,7.54,172.29,41.17,172.29,23.68,30,1,1,1074.6,140,1
1777482720,42,28.70,12.46,82.87,47.83,82.87,13.06,32,2,0,1075.0,140,1
1777482721,43,34.17,7.96,317.87,61.75,317.87,46.24,28,4,1,1075.0,140,1
1777482722,43,26.50,13.29,52.04,45.50,52.04,9.03,32,1,0,1075.0,140,1
1777482723,43,30.02,7.33,110.67,49.08,110.67,16.49,32,1,1,1075.3,140,1
1777482724,42,31.11,6.79,149.71,82.92,149.71,25.95,25,5,1,1076.0,140,1
1777482725,43,30.09,9.33,77.83,50.87,77.83,13.83,31,4,0,1076.0,140,1
1777482726,43,28.55,8.71,86.75,54.12,86.75,14.40,31,3,0,1076.0,140,1
1777482727,42,32.13,13.46,151.58,48.25,151.58,21.00,35,2,1,1076.0,140,1
1777482728,41,30.68,13.50,115.66,49.29,115.66,17.06,32,2,1,1077.0,140,1
1777482729,42,64.27,6.96,1691.30,41.04,1691.30,254.29,27,1,1,1077.0,140,1
1777482730,43,28.23,13.62,56.83,48.83,56.83,10.48,33,2,0,1077.0,140,1
1777482731,43,28.01,6.83,83.25,54.46,83.25,14.76,30,3,0,1077.0,140,1
1777482732,42,47.96,7.88,648.78,130.62,648.78,97.93,28,5,3,1077.7,140,1
1777482733,42,28.71,7.08,100.75,48.58,100.75,15.28,32,2,1,1078.0,140,1
1777482734,43,24.04,7.62,47.38,40.96,47.38,9.33,27,0,0,1078.0,140,1
1777482735,43,29.44,6.54,112.83,46.75,112.83,18.02,32,2,1,1078.0,140,1
1777482736,42,24.27,11.96,51.75,37.04,51.75,8.44,25,1,0,1078.4,140,1
1777482737,42,28.53,10.38,68.46,51.17,68.46,12.38,30,3,0,1079.0,140,1
1777482738,42,28.92,8.04,84.87,47.71,84.87,13.15,33,2,0,1079.0,140,1
1777482739,43,25.94,9.33,51.16,47.79,51.16,10.03,28,1,0,1079.0,140,1
1777482740,43,30.21,8.54,101.04,51.92,101.04,16.50,29,4,1,1079.1,140,1
1777482741,42,25.38,9.25,61.79,44.42,61.79,10.16,27,1,0,1080.0,140,1
1777482742,43,27.76,9.00,92.67,45.50,92.67,14.35,28,2,0,1080.0,140,1
1777482743,42,28.21,12.62,87.92,49.71,87.92,14.40,28,2,0,1080.0,140,1
1777482744,43,23.54,7.12,49.46,39.25,49.46,9.11,24,0,0,1080.0,140,1
1777482745,43,27.46,9.88,55.25,46.96,55.25,10.62,30,1,0,1080.8,140,1
1777482746,44,26.04,8.29,102.66,47.46,102.66,15.61,26,2,1,1081.0,140,1
1777482747,42,29.59,14.67,109.04,59.62,109.04,16.82,28,3,1,1081.0,140,1
1777482748,42,29.51,14.17,92.37,47.08,92.37,14.00,32,1,0,1081.0,140,1
1777482749,42,25.02,9.67,52.87,44.33,52.87,9.95,28,2,0,1081.5,140,1
1777482750,42,29.48,12.54,72.00,53.75,72.00,13.24,33,4,0,1082.0,140,1
1777482751,42,25.42,7.75,50.83,45.21,50.83,10.00,28,1,0,1082.0,140,1
1777482752,43,27.27,12.54,49.46,46.79,49.46,10.36,30,0,0,1082.0,140,1
1777482753,42,24.90,6.08,48.21,40.04,48.21,8.61,30,0,0,1082.2,140,1
1777482754,42,30.78,16.92,61.71,50.00,61.71,10.24,37,2,0,1083.0,140,1
1777482755,43,34.16,10.92,122.71,56.91,122.71,18.31,34,3,1,1083.0,140,1
1777482756,43,25.86,6.79,57.87,49.67,57.87,12.21,24,2,0,1083.0,140,1
1777482757,43,29.90,7.92,142.41,57.33,142.41,21.45,28,3,1,1083.0,140,1
1777482758,42,27.51,8.42,54.42,49.75,54.42,11.58,30,2,0,1083.9,140,1
1777482759,43,31.08,8.83,225.29,48.00,225.29,33.84,30,2,2,1084.0,140,1
1777482760,42,28.14,7.75,53.37,50.58,53.37,11.61,32,4,0,1084.0,140,1
1777482761,42,25.12,9.96,87.83,45.96,87.83,13.34,25,2,0,1084.0,140,1
1777482762,43,30.90,6.29,102.83,70.46,102.83,18.97,31,5,1,1084.6,140,1
1777482763,42,30.26,8.62,58.37,57.41,58.37,13.97,32,5,0,1085.0,140,1
1777482764,43,27.06,6.92,57.04,50.58,57.04,11.18,31,3,0,1085.0,140,1
1777482765,42,30.65,7.08,138.91,52.58,138.91,21.18,30,4,1,1085.0,140,1
1777482766,42,26.82,7.75,89.79,50.75,89.79,14.66,27,3,0,1085.3,140,1
1777482767,43,29.35,9.67,196.21,48.33,196.21,27.99,23,2,1,1086.0,140,1
1777482768,41,32.80,11.62,162.87,61.79,162.87,25.35,30,6,1,1086.0,140,1
1777482769,42,28.65,6.67,107.96,76.17,107.96,20.94,30,4,2,1086.0,140,1
1777482770,43,31.17,7.12,139.00,54.21,139.00,20.91,32,5,1,1086.0,140,1
1777482771,42,26.74,9.33,60.92,49.54,60.92,12.44,28,2,0,1087.0,140,1
1777482772,42,29.35,11.67,75.37,51.12,75.37,13.02,32,3,0,1087.0,140,1
1777482773,41,30.20,9.67,109.16,52.00,109.16,16.99,30,4,1,1087.0,140,1
1777482774,43,24.85,11.04,51.79,44.83,51.79,9.23,26,1,0,1087.0,140,1
1777482775,43,27.97,7.96,56.42,50.62,56.42,10.85,34,3,0,1087.7,140,1
1777482776,42,26.63,7.17,94.67,45.67,94.67,15.46,26,2,0,1088.0,140,1
1777482777,42,30.90,9.08,110.29,53.04,110.29,17.66,29,3,1,1088.0,140,1
1777482778,42,31.57,8.33,117.50,56.33,117.50,19.49,31,3,1,1088.0,140,1
1777482779,43,24.61,5.88,52.21,46.75,52.21,11.06,27,1,0,1088.4,140,1
1777482780,43,29.07,7.67,135.87,51.75,135.87,20.27,25,3,1,1089.0,140,1
1777482781,43,26.78,7.96,52.00,45.16,52.00,10.52,30,1,0,1089.0,140,1
1777482782,43,27.98,12.62,131.66,56.04,131.66,20.24,23,3,1,1089.0,140,1
1777482783,42,31.76,7.54,125.79,54.54,125.79,19.82,29,5,1,1089.1,140,1
1777482784,41,27.21,12.42,56.92,49.96,56.92,11.02,29,2,0,1090.0,140,1
1777482785,43,29.86,12.58,82.42,46.67,82.42,12.50,34,1,0,1090.0,140,1
1777482786,41,23.69,10.25,45.33,43.33,45.33,9.32,22,0,0,1090.0,140,1
1777482787,44,27.82,7.83,121.83,44.96,121.83,17.80,29,2,1,1090.0,140,1
1777482788,42,30.05,9.92,69.83,52.71,69.83,12.57,32,3,0,1090.8,140,1
1777482789,42,24.19,8.92,63.00,41.37,63.00,10.68,25,1,0,1091.0,140,1
1777482790,44,35.11,7.71,411.53,48.46,411.53,58.60,28,2,1,1091.0,140,1
1777482791,42,24.12,7.71,44.92,40.58,44.92,8.38,27,0,0,1091.0,140,1
1777482792,41,28.37,10.17,56.00,52.00,56.00,12.30,26,3,0,1091.5,140,1
1777482793,42,28.96,9.00,57.79,55.21,57.79,12.69,30,3,0,1092.0,140,1
1777482794,42,26.27,8.46,54.08,39.37,54.08,9.64,31,2,0,1092.0,140,1
1777482795,42,30.10,8.62,55.87,55.04,55.87,12.19,36,3,0,1092.0,140,1
1777482796,44,25.83,8.83,52.91,48.54,52.91,11.27,27,1,0,1092.2,140,1
1777482797,42,29.75,7.96,192.00,51.87,192.00,27.57,26,4,1,1093.0,140,1
1777482798,42,26.32,7.50,58.21,45.42,58.21,10.84,28,1,0,1093.0,140,1
1777482799,43,32.53,10.04,304.54,57.92,304.54,45.24,23,3,2,1093.0,140,1
1777482800,43,29.38,7.58,101.42,48.96,101.42,16.03,30,1,1,1093.0,140,1
1777482801,43,28.54,8.46,152.58,53.00,152.58,21.63,29,3,1,1094.0,140,1
1777482802,42,27.17,9.75,90.37,46.37,90.37,13.39,31,1,0,1094.0,140,1
1777482803,42,30.98,6.62,110.16,52.04,110.16,17.46,29,4,1,1094.0,140,1
1777482804,42,25.27,6.92,52.08,38.96,52.08,10.09,31,1,0,1094.0,140,1
1777482805,43,28.20,9.08,51.42,50.46,51.42,12.16,29,3,0,1094.7,140,1
1777482806,42,31.98,6.88,135.91,117.62,135.91,27.08,30,3,3,1095.0,140,1
1777482807,42,28.13,12.33,58.83,46.21,58.83,11.25,29,2,0,1095.0,140,1
1777482808,42,29.40,6.67,69.08,47.50,69.08,13.05,30,1,0,1095.0,140,1
1777482809,42,25.75,8.00,54.33,48.50,54.33,11.09,28,2,0,1095.4,140,1
1777482810,43,26.94,6.71,53.00,51.29,53.00,12.98,24,3,0,1096.0,140,1
1777482811,43,25.19,7.62,52.67,48.62,52.67,10.86,26,2,0,1096.0,140,1
1777482812,43,26.52,9.54,56.62,44.75,56.62,9.36,31,1,0,1096.0,140,1
1777482813,42,28.99,12.54,109.37,50.33,109.37,16.38,30,3,1,1096.1,140,1
1777482814,43,24.38,9.54,58.58,46.04,58.58,10.79,23,2,0,1097.0,140,1
1777482815,42,45.20,10.71,515.07,116.75,515.07,78.06,30,5,3,1097.0,140,1
1777482816,43,25.09,7.67,45.71,43.58,45.71,8.31,28,0,0,1097.0,140,1
1777482817,43,37.32,12.96,236.50,95.54,236.50,36.15,34,6,2,1097.0,140,1
1777482818,43,33.08,13.08,94.33,54.04,94.33,15.71,34,5,0,1097.8,140,1
1777482819,42,28.25,9.50,77.21,53.83,77.21,14.18,30,4,0,1098.0,140,1
1777482820,41,36.95,15.96,175.46,67.21,175.46,30.06,31,5,2,1098.0,140,1
1777482821,43,24.45,10.67,46.83,42.88,46.83,9.27,25,0,0,1098.0,140,1
1777482822,43,26.61,9.79,53.04,47.67,53.04,10.29,32,1,0,1098.5,140,1
1777482823,43,30.05,9.88,117.54,50.25,117.54,17.56,31,3,1,1099.0,140,1
1777482824,42,29.01,12.92,72.46,58.46,72.46,14.10,28,5,0,1099.0,140,1
1777482825,43,41.42,7.50,466.07,51.29,466.07,67.14,33,5,1,1099.0,140,1
1777482826,42,25.58,7.62,45.87,44.62,45.87,9.17,33,0,0,1099.2,140,1
1777482827,42,26.87,7.96,58.37,48.58,58.37,11.44,29,2,0,1100.0,140,1
1777482828,42,30.10,13.87,122.37,48.00,122.37,17.75,29,2,1,1100.0,140,1
1777482829,43,26.64,6.83,89.46,50.83,89.46,15.51,26,3,0,1100.0,140,1
1777482830,41,35.13,10.04,366.24,49.12,366.24,53.39,27,2,1,1100.0,140,1
1777482831,43,23.90,7.00,54.71,42.25,54.71,10.57,27,2,0,1100.9,140,1
1777482832,44,29.15,6.62,166.41,47.17,166.41,24.19,30,2,1,1101.0,140,1
1777482833,42,26.24,9.54,52.79,47.71,52.79,10.96,27,1,0,1101.0,140,1
1777482834,42,29.25,8.87,118.46,54.58,118.46,17.41,31,3,1,1101.0,140,1
1777482835,42,28.84,6.83,78.21,50.62,78.21,13.69,33,3,0,1101.6,140,1
1777482836,42,26.01,7.04,65.33,50.79,65.33,12.56,27,3,0,1102.0,140,1
1777482837,42,29.82,12.71,113.75,49.83,113.75,17.11,30,2,1,1102.0,140,1
1777482838,42,29.72,9.79,115.37,75.12,115.37,20.39,27,4,1,1102.0,140,1
1777482839,44,26.46,7.08,97.75,53.41,97.75,15.36,29,3,0,1102.3,140,1
1777482840,43,40.46,7.83,403.87,80.54,403.87,59.75,33,5,2,1103.0,140,1
1777482841,43,22.52,8.08,39.37,34.29,39.37,7.04,26,0,0,1103.0,140,1
1777482842,41,30.41,12.50,139.96,56.04,139.96,23.01,27,3,2,1103.0,140,1
1777482843,43,28.26,9.83,82.00,53.29,82.00,13.29,31,3,0,1103.0,140,1
1777482844,43,26.30,6.96,52.33,46.17,52.33,9.46,33,2,0,1104.0,140,1
1777482845,43,29.79,12.08,82.37,48.25,82.37,14.33,30,1,0,1104.0,140,1
1777482846,42,27.00,7.37,92.83,47.21,92.83,15.05,27,2,0,1104.0,140,1
1777482847,43,28.39,13.04,57.96,48.46,57.96,10.61,32,1,0,1104.0,140,1
1777482848,42,30.36,8.46,81.12,53.00,81.12,14.04,33,5,0,1104.7,140,1
1777482849,42,24.73,6.50,46.58,42.04,46.58,9.18,27,0,0,1105.0,140,1
1777482850,43,29.73,7.67,64.17,53.37,64.17,13.83,31,3,0,1105.0,140,1
1777482851,43,25.56,8.46,108.29,41.25,108.29,15.62,25,2,1,1105.0,140,1
1777482852,41,29.88,8.38,98.12,49.00,98.12,15.76,29,2,0,1105.4,140,1
1777482853,42,27.82,6.54,55.58,50.42,55.58,11.55,31,3,0,1106.0,140,1
1777482854,42,27.56,13.54,49.08,45.37,49.08,8.93,33,0,0,1106.0,140,1
1777482855,42,35.70,9.17,218.45,51.04,218.45,38.56,28,3,2,1106.0,140,1
1777482856,42,26.09,9.71,69.33,49.29,69.33,11.96,29,2,0,1106.1,140,1
1777482857,43,25.90,7.08,64.67,48.75,64.67,12.42,30,2,0,1107.0,140,1
1777482858,43,29.46,6.92,74.29,46.46,74.29,11.75,35,1,0,1107.0,140,1
1777482859,43,58.15,7.25,1525.97,47.71,1525.97,226.68,25,2,1,1107.0,140,1
1777482860,43,31.86,11.83,109.00,50.58,109.00,18.32,33,3,1,1107.0,140,1
1777482861,42,25.85,6.79,66.00,44.21,66.00,11.06,29,1,0,1107.8,140,1
1777482862,42,29.77,8.46,78.37,52.25,78.37,14.03,32,4,0,1108.0,140,1
1777482863,43,30.56,7.38,95.67,50.96,95.67,15.47,32,3,0,1108.0,140,1
1777482864,43,27.58,8.58,129.12,45.62,129.12,18.25,27,1,1,1108.0,140,1
1777482865,42,26.81,8.42,61.62,45.58,61.62,10.84,31,1,0,1108.5,140,1
1777482866,42,24.37,7.38,42.04,39.71,42.04,8.28,27,0,0,1109.0,140,1
1777482867,43,33.95,7.25,232.75,53.67,232.75,36.26,30,4,2,1109.0,140,1
1777482868,42,33.32,7.83,177.25,56.21,177.25,29.92,29,4,2,1109.0,140,1
1777482869,42,24.30,10.38,55.87,39.75,55.87,9.47,26,1,0,1109.2,140,1
1777482870,42,36.99,14.67,96.92,72.87,96.92,18.30,39,7,0,1110.0,140,1
1777482871,42,31.73,9.54,120.37,49.75,120.37,19.73,30,2,1,1110.0,140,1
1777482872,42,29.81,7.83,134.12,54.37,134.12,20.70,29,3,1,1110.0,140,1
1777482873,42,29.19,6.62,61.54,49.50,61.54,11.62,33,2,0,1110.0,140,1
1777482874,43,30.11,9.04,205.37,49.58,205.37,29.26,27,2,1,1110.9,140,1
1777482875,43,27.03,10.29,49.87,47.71,49.87,10.42,30,0,0,1111.0,140,1
1777482876,42,31.05,6.87,126.79,55.75,126.79,18.62,33,3,1,1111.0,140,1
1777482877,43,24.27,9.17,46.83,39.75,46.83,8.90,26,0,0,1111.0,140,1
1777482878,43,30.20,13.21,94.96,50.87,94.96,14.75,31,4,0,1111.7,140,1
1777482879,42,28.40,6.75,80.62,68.62,80.62,15.81,27,4,0,1112.0,140,1
1777482880,42,32.43,8.08,89.91,81.17,89.91,18.53,32,4,0,1112.0,140,1
1777482881,42,28.70,6.92,110.50,46.29,110.50,17.68,30,2,1,1112.0,140,1
1777482882,43,30.01,12.83,51.50,49.04,51.50,11.51,32,1,0,1112.3,140,1
1777482883,43,36.65,10.83,130.58,103.54,130.58,27.03,35,7,3,1113.0,140,1
1777482884,42,26.02,12.54,69.87,45.41,69.87,10.31,29,1,0,1113.0,140,1
1777482885,42,29.27,7.96,136.79,49.54,136.79,19.33,34,2,1,1113.0,140,1
1777482886,43,25.32,11.54,54.04,43.46,54.04,9.57,28,1,0,1113.0,140,1
1777482887,41,26.79,7.12,68.12,48.04,68.12,12.51,29,2,0,1114.0,140,1
1777482888,41,29.00,11.33,55.37,48.54,55.37,10.64,31,2,0,1114.0,140,1
1777482889,43,26.71,6.58,105.00,53.50,105.00,16.26,29,3,1,1114.0,140,1
1777482890,41,31.63,7.21,96.12,52.91,96.12,15.62,32,4,0,1114.0,140,1
1777482891,43,26.64,6.54,61.91,45.42,61.91,11.52,30,2,0,1114.7,140,1
1777482892,42,28.60,10.67,67.37,50.79,67.37,12.55,32,3,0,1115.0,140,1
1777482893,43,30.66,7.62,140.33,53.66,140.33,22.12,28,3,1,1115.0,140,1
1777482894,42,30.20,7.96,109.29,53.21,109.29,18.45,27,5,1,1115.0,140,1
1777482895,44,30.62,9.00,128.16,53.08,128.16,19.20,33,4,1,1115.5,140,1
1777482896,41,25.85,11.50,75.62,53.50,75.62,12.42,26,3,0,1116.0,140,1
1777482897,41,27.88,7.50,58.04,50.33,58.04,13.59,27,3,0,1116.0,140,1
1777482898,42,30.06,9.04,91.58,54.71,91.58,15.22,33,3,0,1116.0,140,1
1777482899,44,27.89,10.17,78.62,53.21,78.62,14.25,31,3,0,1116.2,140,1
1777482900,41,33.57,8.21,90.37,55.37,90.37,16.61,31,5,0,1117.0,140,1
1777482901,41,31.45,7.33,136.00,70.25,136.00,21.95,28,4,1,1117.0,140,1
1777482902,44,22.99,6.58,80.71,45.62,80.71,13.14,25,2,0,1117.0,140,1
1777482903,42,32.53,7.96,153.71,58.87,153.71,25.34,28,5,1,1117.0,140,1
1777482904,43,24.19,7.50,84.00,36.75,84.00,13.02,24,2,0,1117.9,140,1
1777482905,41,31.39,11.71,77.54,49.04,77.54,14.30,31,2,0,1118.0,140,1
1777482906,43,23.38,8.25,78.96,36.79,78.96,11.07,25,1,0,1118.0,140,1
1777482907,42,31.64,11.33,181.62,49.29,181.62,25.67,30,2,1,1118.0,140,1
1777482908,43,28.68,7.21,58.00,49.87,58.00,12.26,33,2,0,1118.6,140,1
1777482909,43,27.96,10.62,73.58,46.75,73.58,11.80,34,1,0,1119.0,140,1
1777482910,41,33.75,13.17,126.87,59.58,126.87,23.11,35,5,2,1119.0,140,1
1777482911,43,23.71,7.75,51.79,41.83,51.79,9.60,25,1,0,1119.0,140,1
1777482912,42,31.82,14.25,99.33,48.83,99.33,16.84,30,2,0,1119.3,140,1
1777482913,43,33.30,6.92,260.37,46.12,260.37,41.34,31,2,2,1120.0,140,1
1777482914,42,29.83,11.38,181.54,49.58,181.54,25.72,28,2,1,1120.0,140,1
1777482915,42,32.11,14.75,144.08,55.00,144.08,21.19,31,5,1,1120.0,140,1
1777482916,42,26.02,8.38,47.37,46.21,47.37,10.08,29,0,0,1120.0,140,1
1777482917,42,28.24,13.04,53.42,50.16,53.42,11.35,31,3,0,1121.0,140,1
1777482918,41,30.63,9.33,85.92,52.75,85.92,14.81,32,3,0,1121.0,140,1
1777482919,42,28.75,7.50,72.33,57.12,72.33,14.89,27,5,0,1121.0,140,1
1777482920,43,33.56,8.92,143.91,81.33,143.91,25.23,29,5,2,1121.0,140,1
1777482921,42,27.37,11.83,86.67,48.12,86.67,13.77,28,2,0,1121.7,140,1
1777482922,42,26.26,13.29,50.71,43.04,50.71,8.69,31,1,0,1122.0,140,1
1777482923,42,25.71,11.50,51.08,48.71,51.08,9.10,30,2,0,1122.0,140,1
1777482924,42,284.40,7.08,10922.74,52.16,10922.74,1661.46,27,3,1,1122.0,140,1
1777482925,43,33.22,9.88,208.70,57.08,208.70,29.52,32,5,1,1122.4,140,1
1777482926,42,27.01,12.17,52.58,50.75,52.58,11.21,27,4,0,1123.0,140,1
1777482927,42,29.06,8.83,117.12,51.37,117.12,17.40,26,3,1,1123.0,140,1
1777482928,42,25.98,10.92,53.29,46.83,53.29,9.14,30,1,0,1123.0,140,1
1777482929,45,23.45,6.58,58.96,38.25,58.96,9.28,29,1,0,1123.1,140,1
1777482930,43,27.57,12.04,49.42,45.46,49.42,9.75,31,0,0,1124.0,140,1
1777482931,43,30.38,9.33,103.92,47.46,103.92,18.31,30,2,1,1124.0,140,1
1777482932,43,27.20,8.62,61.83,53.12,61.83,11.99,31,3,0,1124.0,140,1
1777482933,42,28.49,10.21,55.29,48.71,55.29,12.74,27,2,0,1124.0,140,1
1777482934,43,30.11,7.75,155.37,50.37,155.37,22.10,32,3,1,1124.8,140,1
1777482935,43,29.47,8.87,83.25,57.00,83.25,15.66,28,4,0,1125.0,140,1
1777482936,42,26.82,7.83,54.46,49.08,54.46,10.48,31,2,0,1125.0,140,1
1777482937,43,28.56,8.88,111.71,49.71,111.71,17.32,27,2,1,1125.0,140,1
1777482938,42,27.33,7.75,55.58,46.96,55.58,11.38,31,2,0,1125.5,140,1
1777482939,43,28.61,7.62,199.91,46.16,199.91,28.15,26,2,1,1126.0,140,1
1777482940,43,32.18,9.71,222.37,49.71,222.37,31.94,30,2,1,1126.0,140,1
1777482941,42,28.57,12.00,90.21,49.83,90.21,14.56,29,2,0,1126.0,140,1
1777482942,42,29.10,7.42,110.21,49.79,110.21,18.03,29,2,1,1126.2,140,1
1777482943,43,38.69,10.96,269.24,84.25,269.24,44.53,35,5,2,1127.0,140,1
1777482944,42,27.35,13.58,51.67,46.41,51.67,9.73,30,1,0,1127.0,140,1
1777482945,42,35.07,10.62,214.58,51.00,214.58,30.38,34,4,1,1127.0,140,1
1777482946,43,30.10,9.88,59.17,54.87,59.17,12.37,33,3,0,1127.0,140,1
1777482947,42,32.75,10.33,136.25,66.50,136.25,22.54,29,5,1,1127.9,140,1
1777482948,42,28.53,6.88,56.87,46.33,56.87,11.31,29,1,0,1128.0,140,1
1777482949,43,26.84,8.75,109.79,45.71,109.79,19.80,23,2,2,1128.0,140,1
1777482950,42,28.38,8.17,63.21,50.96,63.21,12.44,30,3,0,1128.0,140,1
1777482951,42,31.63,9.33,119.58,57.29,119.58,18.50,32,3,1,1128.6,140,1
1777482952,41,26.94,11.21,48.83,44.42,48.83,10.85,27,0,0,1129.0,140,1
1777482953,43,31.45,7.17,86.12,46.71,86.12,15.81,31,2,0,1129.0,140,1
1777482954,43,25.56,6.33,63.50,45.08,63.50,11.77,26,2,0,1129.0,140,1
1777482955,42,27.16,10.17,62.42,48.17,62.42,11.04,30,2,0,1129.3,140,1
1777482956,43,30.01,6.46,197.04,51.71,197.04,29.65,29,3,1,1130.0,140,1
1777482957,42,22.65,8.50,42.58,34.42,42.58,7.91,24,0,0,1130.0,140,1
1777482958,42,29.22,9.25,66.92,51.50,66.92,12.52,31,3,0,1130.0,140,1
1777482959,43,27.43,12.62,121.37,40.83,121.37,16.71,29,1,1,1130.0,140,1
1777482960,43,28.66,13.04,52.54,46.75,52.54,9.74,36,1,0,1131.0,140,1
1777482961,43,26.35,7.92,90.54,44.46,90.54,13.72,30,2,0,1131.0,140,1
1777482962,42,27.92,11.25,88.04,54.50,88.04,14.57,23,3,0,1131.0,140,1
1777482963,43,32.18,12.83,75.37,53.37,75.37,12.72,37,4,0,1131.0,140,1
1777482964,43,27.81,7.38,92.21,43.25,92.21,14.69,28,2,0,1131.7,140,1
1777482965,42,27.99,8.04,60.17,50.83,60.17,12.49,31,3,0,1132.0,140,1
1777482966,43,28.72,9.62,71.92,50.12,71.92,12.45,34,3,0,1132.0,140,1
1777482967,43,23.39,10.96,42.83,35.46,42.83,6.82,28,0,0,1132.0,140,1
1777482968,42,31.34,8.00,80.67,58.83,80.67,15.52,29,6,0,1132.5,140,1
1777482969,42,23.19,7.92,46.96,37.96,46.96,8.90,26,0,0,1133.0,140,1
1777482970,44,27.17,12.21,53.46,47.00,53.46,11.07,30,2,0,1133.0,140,1
1777482971,43,30.02,7.83,102.17,55.00,102.17,19.29,30,4,2,1133.0,140,1
1777482972,43,24.83,7.71,48.33,46.37,48.33,10.65,24,0,0,1133.2,140,1
1777482973,42,25.34,7.46,50.62,43.41,50.62,10.09,28,2,0,1134.0,140,1
1777482974,44,27.82,6.38,89.71,51.37,89.71,14.86,29,4,0,1134.0,140,1
1777482975,42,30.45,13.96,115.04,48.62,115.04,16.72,28,1,1,1134.0,140,1
1777482976,43,30.58,7.88,65.62,54.37,65.62,12.65,35,3,0,1134.0,140,1
1777482977,42,27.25,10.67,75.75,47.88,75.75,13.12,26,2,0,1134.9,140,1
1777482978,43,27.75,7.62,52.79,47.42,52.79,10.84,30,2,0,1135.0,140,1
1777482979,42,28.93,7.42,104.62,57.04,104.62,18.28,29,3,1,1135.0,140,1
1777482980,42,33.21,11.25,128.54,54.33,128.54,19.38,31,5,1,1135.0,140,1
1777482981,42,77.26,6.67,1865.34,65.58,1865.34,281.29,27,6,2,1135.5,140,1
1777482982,43,33.89,11.54,366.95,50.25,366.95,52.37,28,3,1,1136.0,140,1
1777482983,42,29.64,9.79,135.08,46.62,135.08,18.83,31,1,1,1136.0,140,1
1777482984,43,26.10,6.46,54.54,47.67,54.54,10.80,29,2,0,1136.0,140,1
1777482985,42,30.37,14.58,84.62,53.92,84.62,13.73,33,4,0,1136.3,140,1
1777482986,42,25.71,8.12,50.29,40.87,50.29,9.23,31,1,0,1137.0,140,1
1777482987,42,26.06,6.96,63.08,50.25,63.08,11.99,27,3,0,1137.0,140,1
1777482988,40,29.94,9.17,60.33,55.29,60.33,11.20,34,2,0,1137.0,140,1
1777482989,38,28.12,8.42,103.37,100.83,103.37,19.82,23,3,2,1137.0,140,1
1777482990,38,31.71,9.17,164.46,67.71,164.46,25.36,28,3,1,1137.9,140,1
1777482991,38,32.02,11.00,106.83,53.79,106.83,17.13,28,4,1,1138.0,140,1
1777482992,39,27.13,7.58,102.00,73.75,102.00,17.68,23,3,1,1138.0,140,1
1777482993,41,26.56,7.25,53.16,45.42,53.16,10.49,30,1,0,1138.0,140,1
1777482994,38,29.51,8.92,97.04,64.21,97.04,16.61,26,4,0,1138.7,140,1
1777482995,37,30.25,6.50,106.08,59.87,106.08,17.97,24,3,1,1139.0,140,1
1777482996,39,36.05,10.08,175.79,81.12,175.79,28.00,29,7,1,1139.0,140,1
1777482997,38,26.07,9.75,81.71,48.58,81.71,12.58,24,1,0,1139.0,140,1
1777482998,38,31.35,11.21,192.37,81.33,192.37,29.81,24,3,1,1139.4,140,1
1777482999,39,27.02,7.00,51.21,48.71,51.21,10.44,29,1,0,1140.0,140,1
1777483000,37,28.25,6.71,53.66,49.42,53.66,10.83,29,1,0,1140.0,140,1
1777483001,39,34.07,7.50,160.91,106.21,160.91,27.36,31,4,2,1140.0,140,1
1777483002,36,32.65,8.50,117.00,82.42,117.00,19.62,31,4,1,1140.1,140,1
1777483003,38,38.12,10.46,234.33,90.96,234.33,36.54,29,6,1,1141.0,140,1
1777483004,38,25.69,11.00,48.87,44.00,48.87,10.07,26,0,0,1141.0,140,1
1777483005,39,31.38,8.33,131.54,83.33,131.54,21.91,25,4,1,1141.0,140,1
1777483006,37,32.94,13.00,84.50,53.66,84.50,14.53,27,4,0,1141.0,140,1
1777483007,39,28.92,8.67,57.37,54.50,57.37,12.50,30,3,0,1141.8,140,1
1777483008,39,32.66,10.42,133.08,60.50,133.08,19.94,30,3,1,1142.0,140,1
1777483009,38,23.03,6.42,59.33,36.04,59.33,9.00,22,1,0,1142.0,140,1
1777483010,37,34.87,9.08,103.62,69.62,103.62,18.73,29,6,1,1142.0,140,1
1777483011,37,37.54,11.42,168.54,93.08,168.54,26.67,32,6,1,1142.5,140,1
1777483012,38,25.41,10.00,46.42,45.62,46.42,8.69,26,0,0,1143.0,140,1
1777483013,40,26.37,8.42,57.96,56.79,57.96,12.45,25,3,0,1143.0,140,1
1777483014,36,26.96,9.83,49.79,49.21,49.79,8.86,29,0,0,1143.0,140,1
1777483015,38,32.16,8.54,124.79,88.50,124.79,21.61,26,3,1,1143.2,140,1
1777483016,39,30.74,6.75,113.42,56.87,113.42,17.65,31,3,1,1144.0,140,1
1777483017,38,27.33,11.12,79.29,63.33,79.29,13.79,25,2,0,1144.0,140,1
1777483018,38,27.41,8.00,46.58,46.33,46.58,11.74,26,0,0,1144.0,140,1
1777483019,38,28.21,6.46,104.58,53.04,104.58,16.29,27,2,1,1144.0,140,1
1777483020,39,29.72,9.00,62.75,59.87,62.75,12.70,29,3,0,1144.9,140,1
1777483021,39,29.90,7.50,120.92,53.46,120.92,18.24,26,2,1,1145.0,140,1
1777483022,37,30.84,8.50,169.21,51.79,169.21,25.85,26,3,1,1145.0,140,1
1777483023,38,35.85,7.88,144.66,90.96,144.66,23.80,30,5,1,1145.0,140,1
1777483024,38,28.01,8.58,107.79,53.58,107.79,16.72,24,2,1,1145.6,140,1
1777483025,36,35.96,10.71,239.66,100.79,239.66,39.25,28,4,2,1146.0,140,1
1777483026,38,29.54,7.29,73.21,57.79,73.21,13.91,28,4,0,1146.0,140,1
1777483027,38,26.35,8.92,45.08,44.62,45.08,8.78,29,0,0,1146.0,140,1
1777483028,38,31.91,10.83,121.66,68.33,121.66,20.12,26,5,1,1146.3,140,1
1777483029,39,24.95,8.54,68.17,44.08,68.17,10.51,27,1,0,1147.0,140,1
1777483030,37,36.76,8.42,192.46,112.75,192.46,33.04,29,3,3,1147.0,140,1
1777483031,39,31.32,6.83,131.71,66.58,131.71,21.79,26,6,1,1147.0,140,1
1777483032,39,28.19,7.42,87.87,47.33,87.87,14.40,27,1,0,1147.0,140,1
1777483033,38,27.29,11.38,53.79,47.29,53.79,10.94,25,1,0,1148.0,140,1
1777483034,39,29.86,6.50,115.83,80.17,115.83,19.97,24,3,1,1148.0,140,1
1777483035,37,35.95,8.88,314.41,51.71,314.41,47.87,28,3,1,1148.0,140,1
1777483036,38,44.90,13.21,470.99,99.46,470.99,72.51,27,6,1,1148.0,140,1
1777483037,37,29.57,9.62,97.12,80.21,97.12,18.41,28,4,0,1148.7,140,1
1777483038,38,29.26,9.67,73.96,53.54,73.96,13.42,27,2,0,1149.0,140,1
1777483039,40,31.20,8.21,131.91,62.12,131.91,20.92,26,6,1,1149.0,140,1
1777483040,36,29.85,11.00,91.08,85.54,91.08,18.70,23,4,0,1149.0,140,1
1777483041,37,28.53,6.71,59.04,50.79,59.04,12.41,26,2,0,1149.4,140,1
1777483042,38,26.50,9.38,67.33,53.75,67.33,12.00,26,2,0,1150.0,140,1
1777483043,38,31.15,11.25,87.79,54.25,87.79,14.55,29,3,0,1150.0,140,1
1777483044,39,26.21,7.71,49.66,45.37,49.66,11.14,26,0,0,1150.0,140,1
1777483045,38,28.96,10.21,64.33,53.37,64.33,12.92,26,3,0,1150.1,140,1
1777483046,36,34.08,11.58,138.87,92.96,138.87,22.98,28,4,1,1151.0,140,1
1777483047,39,28.62,12.96,100.54,58.37,100.54,16.80,26,5,1,1151.0,140,1
1777483048,37,38.50,10.25,350.70,85.46,350.70,53.76,26,2,1,1151.0,140,1
1777483049,39,30.09,8.33,164.50,51.46,164.50,24.07,29,2,1,1151.0,140,1
1777483050,38,40.03,9.75,269.16,90.58,269.16,41.02,29,4,1,1151.8,140,1
1777483051,38,29.53,8.83,83.71,51.17,83.71,15.05,28,2,0,1152.0,140,1
1777483052,37,26.80,7.12,62.04,53.04,62.04,11.97,24,3,0,1152.0,140,1
1777483053,37,29.66,7.50,75.08,49.71,75.08,12.27,29,1,0,1152.0,140,1
1777483054,38,31.37,11.92,113.83,92.50,113.83,19.18,31,3,1,1152.6,140,1
1777483055,37,35.08,9.08,96.33,91.04,96.33,19.89,27,6,0,1153.0,140,1
1777483056,37,37.63,7.29,196.83,136.96,196.83,37.80,28,4,3,1153.0,140,1
1777483057,40,26.63,8.54,97.08,88.42,97.08,17.92,26,3,0,1153.0,140,1
1777483058,37,35.50,9.75,162.87,56.42,162.87,25.17,27,6,1,1153.2,140,1
1777483059,39,28.26,8.58,134.62,45.50,134.62,19.71,26,1,1,1154.0,140,1
1777483060,37,32.48,8.50,80.37,71.75,80.37,16.10,29,6,0,1154.0,140,1
1777483061,38,31.76,10.83,72.12,70.00,72.12,15.61,28,5,0,1154.0,140,1
1777483062,38,25.85,9.37,52.04,47.04,52.04,11.30,23,1,0,1154.0,140,1
1777483063,38,32.38,9.87,93.46,54.54,93.46,14.65,30,4,0,1154.9,140,1
1777483064,38,38.25,7.17,403.28,76.00,403.28,62.03,27,5,1,1155.0,140,1
1777483065,38,33.75,13.21,123.04,105.58,123.04,21.91,27,4,2,1155.0,140,1
1777483066,38,35.23,9.83,140.29,93.46,140.29,24.52,27,8,1,1155.0,140,1
1777483067,39,28.80,9.58,100.04,71.12,100.04,16.62,26,2,1,1155.7,140,1
1777483068,38,32.34,9.79,97.41,80.83,97.41,17.14,28,2,0,1156.0,140,1
1777483069,37,29.22,14.25,59.71,59.46,59.71,12.63,26,4,0,1156.0,140,1
1777483070,39,29.33,10.46,195.62,48.83,195.62,28.42,26,1,1,1156.0,140,1
1777483071,38,33.75,14.04,157.29,79.46,157.29,24.86,28,5,1,1156.3,140,1
1777483072,38,164.06,12.38,5270.73,58.79,5270.73,839.60,24,4,1,1157.0,140,1
1777483073,37,35.32,7.54,147.25,113.29,147.25,26.17,28,5,2,1157.0,140,1
1777483074,39,42.29,8.50,362.91,161.75,362.91,58.90,30,5,3,1157.0,140,1
1777483075,39,33.91,10.08,154.54,76.08,154.54,24.62,27,6,1,1157.1,140,1
1777483076,38,28.09,11.25,144.54,58.46,144.54,21.02,27,2,1,1158.0,140,1
1777483077,43,29.29,10.96,101.83,51.25,101.83,15.10,33,3,1,1158.0,140,1
1777483078,43,42.57,13.04,251.04,144.41,251.04,44.09,35,7,3,1158.0,140,1
1777483079,41,24.76,7.46,52.25,46.75,52.25,11.52,25,2,0,1158.0,140,1
1777483080,42,37.28,17.29,125.79,66.33,125.79,19.66,38,3,1,1158.8,140,1
1777483081,44,31.60,16.00,90.71,46.54,90.71,12.08,40,1,0,1159.0,140,1
1777483082,43,38.61,16.42,189.58,71.96,189.58,27.41,39,6,1,1159.0,140,1
1777483083,42,31.46,11.46,71.83,48.17,71.83,9.85,37,1,0,1159.0,140,1
1777483084,43,35.48,17.62,123.12,80.42,123.12,20.38,38,4,2,1159.5,140,1
1777483085,43,34.40,13.12,98.67,52.62,98.67,14.00,40,4,0,1160.0,140,1
1777483086,43,37.27,16.88,124.12,99.50,124.12,21.35,41,4,2,1160.0,140,1
1777483087,43,34.02,17.71,99.87,56.79,99.87,13.33,40,3,0,1160.0,140,1
1777483088,42,31.62,12.87,51.37,46.21,51.37,9.40,36,1,0,1160.2,140,1
1777483089,43,31.88,16.50,76.83,46.67,76.83,9.91,40,1,0,1161.0,140,1
1777483090,42,35.65,16.37,109.46,58.79,109.46,15.64,37,4,1,1161.0,140,1
1777483091,43,34.10,13.75,112.16,61.50,112.16,16.43,38,3,1,1161.0,140,1
1777483092,42,32.20,16.58,54.04,45.54,54.04,8.48,39,1,0,1161.0,140,1
1777483093,43,36.31,18.00,144.29,58.92,144.29,20.53,38,4,1,1161.9,140,1
1777483094,43,33.99,10.71,107.67,46.67,107.67,17.31,40,2,2,1162.0,140,1
1777483095,44,31.40,16.08,54.58,49.66,54.58,8.40,39,2,0,1162.0,140,1
1777483096,42,31.42,11.25,57.58,49.17,57.58,9.76,37,2,0,1162.0,140,1
1777483097,41,33.26,11.46,65.00,55.33,65.00,11.17,38,4,0,1162.6,140,1
1777483098,43,39.24,15.42,202.25,53.16,202.25,27.37,39,5,1,1163.0,140,1
1777483099,42,37.77,13.67,130.50,94.92,130.50,24.43,39,5,2,1163.0,140,1
1777483100,43,37.12,18.37,80.62,54.54,80.62,13.10,41,6,0,1163.0,140,1
1777483101,44,31.76,16.46,79.17,59.25,79.17,11.77,39,3,0,1163.3,140,1
1777483102,42,31.96,16.21,90.42,46.12,90.42,11.77,38,1,0,1164.0,140,1
1777483103,43,36.00,18.46,175.46,58.21,175.46,24.04,41,3,1,1164.0,140,1
1777483104,43,35.73,16.29,133.16,82.42,133.16,20.64,40,4,1,1164.0,140,1
1777483105,42,33.46,13.79,76.58,49.12,76.58,12.39,39,2,0,1164.0,140,1
1777483106,43,30.47,10.92,62.08,49.46,62.08,10.54,34,1,0,1165.0,140,1
1777483107,43,34.88,16.96,137.62,54.71,137.62,19.30,39,3,1,1165.0,140,1
1777483108,44,35.29,13.46,115.41,50.04,115.41,17.68,40,3,1,1165.0,140,1
1777483109,42,38.23,13.08,238.62,96.12,238.62,36.36,36,5,2,1165.0,140,1
1777483110,44,25.57,11.88,35.92,34.17,35.92,5.66,35,0,0,1165.7,140,1
1777483111,42,33.46,15.92,83.54,48.58,83.54,12.48,37,2,0,1166.0,140,1
1777483112,43,31.90,12.83,71.79,50.83,71.79,11.39,37,3,0,1166.0,140,1
1777483113,42,34.91,11.54,240.04,44.33,240.04,32.98,36,1,1,1166.0,140,1
1777483114,42,30.77,9.79,71.83,44.54,71.83,9.86,37,1,0,1166.4,140,1
1777483115,43,37.31,15.92,188.70,69.17,188.70,27.51,37,4,2,1167.0,140,1
1777483116,42,36.82,15.79,147.87,62.75,147.87,20.13,39,3,1,1167.0,140,1
1777483117,43,29.87,10.75,48.50,47.71,48.50,8.56,35,0,0,1167.0,140,1
1777483118,42,31.18,14.46,58.25,47.62,58.25,10.01,35,2,0,1167.1,140,1
1777483119,43,31.70,17.58,100.12,45.08,100.12,12.81,41,2,1,1168.0,140,1
1777483120,44,31.99,10.71,75.83,51.96,75.83,11.59,37,3,0,1168.0,140,1
1777483121,43,28.11,8.54,44.04,37.87,44.04,7.29,35,0,0,1168.0,140,1
1777483324,23,25.53,7.58,92.33,42.96,92.33,17.00,14,1,0,1215.0,140,2
1777483324,37,30.81,9.08,105.29,97.58,105.29,20.35,29,4,1,1215.9,140,2
1777483338,37,27.59,5.00,71.46,62.83,71.46,13.28,27,2,0,1219.0,140,2
1777483339,44,31.48,15.96,82.87,54.29,82.87,13.15,36,4,0,1219.0,140,2
1777483340,43,29.04,8.83,64.54,47.42,64.54,10.27,36,2,0,1219.0,140,2
1777483341,43,31.06,12.50,50.46,48.54,50.46,10.14,33,1,0,1219.0,140,2
1777483342,42,34.14,15.37,86.87,50.54,86.87,13.15,37,3,0,1219.8,140,2
1777483343,43,35.97,16.54,143.12,61.96,143.12,20.55,41,4,1,1220.0,140,2
1777483344,42,34.73,18.21,116.62,56.37,116.62,15.77,39,3,1,1220.0,140,2
1777483345,43,38.34,15.33,228.04,48.87,228.04,36.22,39,2,2,1220.0,140,2
1777483346,43,36.49,17.42,123.50,56.25,123.50,16.77,40,5,1,1220.5,140,2
1777483347,42,30.62,14.87,57.16,47.00,57.16,8.03,37,1,0,1221.0,140,2
1777483348,42,34.04,16.29,71.37,48.08,71.37,11.00,38,2,0,1221.0,140,2
1777483349,43,35.03,8.29,84.67,79.37,84.67,15.62,39,3,0,1221.0,140,2
1777483350,44,34.14,17.29,80.71,51.42,80.71,12.07,40,3,0,1221.2,140,2
1777483351,43,33.92,7.33,96.17,49.04,96.17,14.80,39,2,0,1222.0,140,2
1777483352,42,33.41,12.00,137.62,53.25,137.62,19.47,37,3,1,1222.0,140,2
1777483353,42,46.68,8.71,779.65,44.29,779.65,114.71,36,1,1,1222.0,140,2
1777483354,42,31.87,16.67,71.08,45.50,71.08,10.04,39,1,0,1222.0,140,2
1777483355,42,30.03,15.54,57.08,45.58,57.08,8.38,37,1,0,1222.9,140,2
1777483356,43,35.61,15.62,146.16,54.66,146.16,24.24,35,3,2,1223.0,140,2
1777483357,42,33.66,15.54,67.00,56.91,67.00,11.44,39,5,0,1223.0,140,2
1777483358,42,33.89,8.96,77.67,53.62,77.67,12.85,36,4,0,1223.0,140,2
1777483359,42,34.22,15.33,87.75,55.41,87.75,12.41,39,3,0,1223.6,140,2
1777483360,43,31.60,15.96,54.21,47.25,54.21,8.44,39,1,0,1224.0,140,2
1777483361,42,36.29,11.21,144.91,75.54,144.91,23.73,40,4,2,1224.0,140,2
1777483362,43,33.67,10.42,98.04,45.46,98.04,12.37,40,1,0,1224.0,140,2
1777483363,42,35.67,17.96,157.25,77.92,157.25,22.78,41,3,1,1224.3,140,2
1777483364,43,33.98,11.04,84.42,47.00,84.42,11.84,39,1,0,1225.0,140,2
1777483365,43,30.13,11.75,64.21,48.25,64.21,11.03,36,2,0,1225.0,140,2
1777483366,43,33.88,8.54,107.50,53.46,107.50,15.45,38,3,1,1225.0,140,2
1777483367,42,32.10,12.08,56.67,53.46,56.67,9.35,38,3,0,1225.0,140,2
1777483368,42,38.60,13.67,106.50,88.91,106.50,19.49,40,6,1,1226.0,140,2
1777483369,43,40.45,17.17,163.58,78.46,163.58,29.09,40,6,2,1226.0,140,2
1777483370,42,31.12,9.83,79.12,52.41,79.12,11.97,34,4,0,1226.0,140,2
1777483371,42,39.15,16.83,201.21,88.00,201.21,32.47,38,3,2,1226.0,140,2
1777483372,42,35.69,10.71,139.08,60.37,139.08,21.31,38,3,2,1226.7,140,2
1777483373,43,35.46,15.46,173.96,47.46,173.96,23.46,37,2,1,1227.0,140,2
1777483374,42,33.98,15.00,136.83,54.08,136.83,18.52,37,3,1,1227.0,140,2
1777483375,43,34.26,12.79,201.16,51.33,201.16,27.43,34,3,1,1227.0,140,2
1777483376,42,32.20,15.08,56.00,49.71,56.00,9.46,38,2,0,1227.4,140,2
1777483377,43,30.50,15.04,50.08,43.71,50.08,7.40,37,1,0,1228.0,140,2
1777483378,42,32.10,18.12,65.79,47.08,65.79,9.60,40,2,0,1228.0,140,2
1777483379,43,36.43,11.67,111.75,58.25,111.75,17.79,38,5,1,1228.0,140,2
1777483380,43,37.45,17.71,83.92,78.21,83.92,15.90,41,6,0,1228.1,140,2
1777483381,42,38.14,17.46,128.12,68.37,128.12,18.57,40,6,1,1229.0,140,2
1777483382,43,30.26,8.92,57.08,46.04,57.08,8.69,39,1,0,1229.0,140,2
1777483383,42,44.10,16.67,301.62,77.79,301.62,44.44,37,6,2,1229.0,140,2
1777483384,42,59.59,15.46,1135.39,50.41,1135.39,168.75,36,3,2,1229.0,140,2
1777483385,43,32.73,17.54,143.66,48.25,143.66,19.12,38,2,1,1229.8,140,2
1777483386,44,30.41,16.17,51.29,45.25,51.29,8.15,39,1,0,1230.0,140,2
1777483387,43,38.03,17.83,214.16,73.83,214.16,31.20,39,6,2,1230.0,140,2
1777483388,42,33.33,16.17,91.42,62.46,91.42,13.84,39,4,0,1230.0,140,2
1777483389,42,37.73,10.08,133.96,87.25,133.96,24.07,37,5,2,1230.5,140,2
1777483390,43,28.47,9.58,54.08,43.29,54.08,8.28,36,1,0,1231.0,140,2
1777483391,43,34.38,8.71,144.00,71.75,144.00,24.67,34,5,2,1231.0,140,2
1777483392,44,35.38,12.38,106.79,68.79,106.79,15.81,41,5,1,1231.0,140,2
1777483393,43,35.65,13.21,118.21,74.42,118.21,19.87,36,5,1,1231.2,140,2
1777483394,43,32.63,10.21,76.92,66.00,76.92,14.88,36,5,0,1232.0,140,2
1777483395,43,34.63,14.58,88.04,49.67,88.04,12.64,40,2,0,1232.0,140,2
1777483396,43,34.29,11.87,109.54,50.87,109.54,15.71,37,3,1,1232.0,140,2
1777483397,43,34.21,15.50,139.08,58.62,139.08,19.95,36,4,1,1232.0,140,2
1777483398,42,35.35,15.71,99.83,55.75,99.83,14.49,36,3,0,1233.0,140,2
1777483399,42,38.18,14.17,155.37,51.96,155.37,24.61,40,5,2,1233.0,140,2
1777483400,43,35.43,9.46,115.79,61.54,115.79,16.89,38,4,1,1233.0,140,2
1777483401,43,34.75,13.25,123.41,55.12,123.41,16.77,38,3,1,1233.0,140,2
1777483402,43,31.12,15.62,52.83,46.17,52.83,8.72,36,1,0,1233.6,140,2
1777483403,43,34.06,12.04,90.00,56.37,90.00,13.26,40,5,0,1234.0,140,2
1777483404,43,38.46,20.00,126.12,58.67,126.12,19.87,42,5,2,1234.0,140,2
1777483405,44,36.71,14.00,107.79,75.29,107.79,17.99,41,4,1,1234.0,140,2
1777483406,42,36.66,19.38,131.16,64.62,131.16,18.49,41,5,1,1234.4,140,2
1777483407,43,31.14,17.29,49.12,46.46,49.12,7.45,41,0,0,1235.0,140,2
1777483408,43,36.62,16.25,152.37,52.79,152.37,24.27,39,3,2,1235.0,140,2
1777483409,42,35.20,20.12,96.41,53.41,96.41,13.17,42,4,0,1235.0,140,2
1777483410,44,32.02,10.21,101.87,47.92,101.87,13.47,39,2,1,1235.1,140,2
1777483411,42,34.54,14.92,152.25,49.17,152.25,20.52,38,2,1,1236.0,140,2
1777483412,43,34.24,16.25,95.33,75.87,95.33,16.73,38,3,0,1236.0,140,2
1777483413,43,30.84,11.46,51.83,46.33,51.83,9.90,36,1,0,1236.0,140,2
1777483414,43,34.48,14.62,65.08,58.25,65.08,10.92,40,5,0,1236.0,140,2
1777483415,42,39.43,10.88,196.12,59.66,196.12,33.65,38,6,2,1236.8,140,2
1777483416,42,36.66,13.29,122.00,58.54,122.00,17.46,38,4,1,1237.0,140,2
1777483417,42,33.51,17.67,62.87,48.87,62.87,8.85,39,2,0,1237.0,140,2
1777483418,43,29.08,11.25,52.62,47.33,52.62,8.91,36,2,0,1237.0,140,2
1777483419,43,33.99,14.08,105.58,52.08,105.58,15.45,35,5,1,1237.5,140,2
1777483420,43,46.58,15.83,691.78,49.54,691.78,99.91,39,1,1,1238.0,140,2
1777483421,42,32.33,12.46,49.54,45.50,49.54,8.60,39,0,0,1238.0,140,2
1777483422,44,35.39,14.17,104.12,50.96,104.12,16.50,41,3,1,1238.0,140,2
1777483423,42,42.71,15.83,364.16,49.67,364.16,56.61,37,2,2,1238.2,140,2
1777483424,42,33.77,9.04,109.75,48.41,109.75,15.17,37,1,1,1239.0,140,2
1777483425,43,33.90,13.08,120.00,46.71,120.00,20.00,36,2,2,1239.0,140,2
1777483426,42,33.34,17.71,59.21,45.42,59.21,7.91,40,1,0,1239.0,140,2
1777483427,42,37.38,11.29,150.96,58.46,150.96,22.80,38,3,2,1239.0,140,2
1777483428,42,89.05,17.12,2325.50,75.71,2325.50,349.51,39,4,1,1239.9,140,2
1777483429,43,52.27,8.38,714.32,106.83,714.32,104.70,37,5,3,1240.0,140,2
1777483430,42,32.65,4.17,67.54,50.21,67.54,12.32,36,3,0,1240.0,140,2
1777483431,43,40.40,20.21,193.66,89.96,193.66,30.62,43,4,2,1240.0,140,2
1777483432,42,36.75,17.04,82.75,57.58,82.75,12.72,41,5,0,1240.6,140,2
1777483433,42,33.97,9.79,142.54,52.29,142.54,19.64,34,3,1,1241.0,140,2
1777483434,44,31.82,13.50,48.21,46.21,48.21,8.20,41,0,0,1241.0,140,2
1777483435,43,34.26,15.46,82.54,66.17,82.54,14.61,39,5,0,1241.0,140,2
1777483436,42,36.14,15.42,73.21,63.96,73.21,13.52,37,6,0,1241.3,140,2
1777483437,42,31.66,16.79,51.87,45.58,51.87,7.21,39,1,0,1242.0,140,2
1777483438,43,42.78,16.54,397.41,86.37,397.41,57.02,39,4,2,1242.0,140,2
1777483439,42,38.89,12.88,113.29,90.33,113.29,20.61,40,7,2,1242.0,140,2
1777483440,42,35.85,13.50,166.96,55.29,166.96,25.76,38,3,2,1242.0,140,2
1777483441,43,34.56,13.46,83.17,52.67,83.17,12.77,41,5,0,1243.0,140,2
1777483442,44,33.42,11.67,99.83,52.54,99.83,15.55,40,3,0,1243.0,140,2
1777483443,42,32.45,9.04,129.96,61.33,129.96,19.71,33,3,1,1243.0,140,2
1777483444,43,26.92,8.79,74.58,35.62,74.58,9.09,35,1,0,1243.0,140,2
1777483445,42,30.40,9.96,61.21,48.12,61.21,10.22,38,2,0,1243.7,140,2
1777483446,42,32.87,16.58,65.37,51.91,65.37,9.97,40,3,0,1244.0,140,2
1777483447,42,34.38,17.92,74.67,55.04,74.67,12.21,39,5,0,1244.0,140,2
1777483448,43,30.02,14.62,79.12,44.29,79.12,10.23,37,1,0,1244.0,140,2
1777483449,43,30.11,13.04,63.79,48.46,63.79,10.41,37,2,0,1244.4,140,2
1777483450,43,34.96,9.54,83.46,61.71,83.46,14.40,39,7,0,1245.0,140,2
1777483451,43,32.39,14.67,85.54,51.58,85.54,13.22,40,3,0,1245.0,140,2
1777483452,42,37.01,14.12,147.21,63.17,147.21,21.71,39,5,1,1245.0,140,2
1777483453,42,32.19,15.12,90.62,47.71,90.62,12.66,35,2,0,1245.1,140,2
1777483454,43,32.39,13.83,75.62,45.08,75.62,11.80,39,2,0,1246.0,140,2
1777483455,42,31.85,15.96,58.67,50.29,58.67,9.26,40,3,0,1246.0,140,2
1777483456,43,33.14,18.21,91.33,54.12,91.33,12.42,40,4,0,1246.0,140,2
1777483457,41,60.66,13.42,1004.40,98.16,1004.40,150.90,36,5,2,1246.0,140,2
1777483458,43,33.73,14.87,88.46,68.87,88.46,14.56,40,4,0,1246.8,140,2
1777483459,43,32.97,17.12,58.33,52.92,58.33,9.67,40,4,0,1247.0,140,2
1777483460,42,36.94,17.46,111.71,74.17,111.71,18.14,39,3,1,1247.0,140,2
1777483461,43,33.11,15.62,64.21,57.96,64.21,12.54,33,3,0,1247.0,140,2
1777483462,43,33.04,9.67,87.25,53.04,87.25,12.35,40,3,0,1247.5,140,2
1777483463,43,31.76,16.42,55.00,49.66,55.00,9.19,38,2,0,1248.0,140,2
1777483464,43,31.08,15.96,57.37,51.25,57.37,9.44,37,3,0,1248.0,140,2
1777483465,42,37.90,13.54,199.41,79.62,199.41,33.89,41,3,2,1248.0,140,2
1777483466,43,31.84,16.62,47.58,46.04,47.58,8.22,40,0,0,1248.2,140,2
1777483467,43,32.82,16.50,82.37,61.66,82.37,14.21,40,4,0,1249.0,140,2
1777483468,42,29.92,12.92,72.75,47.71,72.75,10.71,35,2,0,1249.0,140,2
1777483469,42,30.12,9.62,50.00,47.21,50.00,8.91,35,0,0,1249.0,140,2
1777483470,42,31.89,17.54,65.71,46.87,65.71,9.40,38,2,0,1249.0,140,2
1777483471,43,33.39,15.79,110.50,49.21,110.50,18.94,34,2,2,1249.9,140,2
1777483472,43,32.20,15.12,59.79,48.37,59.79,9.21,39,1,0,1250.0,140,2
1777483473,43,33.60,19.87,68.79,48.12,68.79,10.50,42,2,0,1250.0,140,2
1777483474,42,32.25,14.42,94.46,49.46,94.46,13.09,37,1,0,1250.0,140,2
1777483475,44,35.97,9.83,113.54,56.46,113.54,18.24,39,3,1,1250.6,140,2
1777483476,41,35.15,13.67,108.50,48.25,108.50,15.31,36,2,1,1251.0,140,2
1777483477,42,33.99,18.67,209.20,43.54,209.20,28.16,40,1,1,1251.0,140,2
1777483478,42,32.81,11.08,84.46,51.79,84.46,12.27,37,3,0,1251.0,140,2
1777483479,43,37.79,10.38,128.83,75.79,128.83,21.09,39,5,1,1251.3,140,2
1777483480,42,34.83,17.33,189.66,50.62,189.66,25.74,40,3,1,1252.0,140,2
1777483481,43,28.73,15.04,56.17,50.08,56.17,8.69,38,3,0,1252.0,140,2
1777483482,43,33.19,16.71,124.12,56.33,124.12,17.41,37,3,1,1252.0,140,2
1777483483,43,34.62,14.75,113.29,52.79,113.29,15.39,39,3,1,1252.0,140,2
1777483484,42,32.79,11.42,59.46,49.46,59.46,11.63,35,1,0,1253.0,140,2
1777483485,44,36.27,18.25,98.91,73.75,98.91,16.62,40,5,0,1253.0,140,2
1777483486,43,34.31,17.50,103.71,59.00,103.71,14.87,39,4,1,1253.0,140,2
1777483487,42,34.21,15.21,78.83,48.08,78.83,12.08,40,2,0,1253.0,140,2
1777483488,43,30.52,14.17,52.54,43.25,52.54,7.64,40,1,0,1253.7,140,2
1777483489,42,34.88,10.42,178.00,50.16,178.00,24.54,37,3,1,1254.0,140,2
1777483490,44,32.72,19.75,63.16,56.71,63.16,9.13,43,3,0,1254.0,140,2
1777483491,42,33.44,15.62,110.29,49.50,110.29,14.56,37,2,1,1254.0,140,2
1777483492,43,35.44,16.92,201.00,48.25,201.00,27.01,39,2,1,1254.5,140,2
1777483493,43,30.97,14.04,70.17,50.66,70.17,11.30,36,3,0,1255.0,140,2
1777483494,43,32.93,14.46,59.75,49.66,59.75,10.13,38,2,0,1255.0,140,2
1777483495,43,33.17,15.08,146.41,51.29,146.41,19.84,35,3,1,1255.0,140,2
1777483496,42,34.69,13.88,98.96,52.92,98.96,14.01,40,3,0,1255.2,140,2
1777483497,43,35.40,13.12,104.12,53.79,104.12,14.53,40,3,1,1256.0,140,2
1777483498,43,36.22,4.88,157.16,73.46,157.16,29.49,34,5,2,1256.0,140,2
1777483499,44,38.00,10.38,214.54,70.96,214.54,29.68,40,4,1,1256.0,140,2
1777483500,43,30.57,11.71,76.54,47.50,76.54,11.62,33,2,0,1256.0,140,2
1777483501,43,30.07,15.88,46.75,41.54,46.75,6.88,39,0,0,1256.9,140,2
1777483502,43,30.28,8.79,66.04,48.21,66.04,11.72,35,2,0,1257.0,140,2
1777483503,44,43.20,16.33,245.75,115.25,245.75,39.08,39,7,4,1257.0,140,2
1777483504,42,37.33,12.50,176.79,47.83,176.79,23.99,41,2,1,1257.0,140,2
1777483505,42,33.40,18.58,58.83,52.08,58.83,9.85,39,3,0,1257.6,140,2
1777483506,42,33.81,16.25,75.75,54.54,75.75,12.87,37,3,0,1258.0,140,2
1777483507,42,33.27,15.71,107.83,50.25,107.83,15.54,36,3,1,1258.0,140,2
1777483508,43,33.52,12.12,147.66,48.08,147.66,19.73,39,2,1,1258.0,140,2
1777483509,44,32.74,17.21,106.42,48.50,106.42,14.15,37,1,1,1258.3,140,2
1777483510,43,31.15,16.58,63.08,55.83,63.08,10.35,37,4,0,1259.0,140,2
1777483511,42,42.54,10.79,553.07,49.92,553.07,80.23,37,2,1,1259.0,140,2
1777483512,43,33.88,17.71,62.41,48.21,62.41,9.52,40,1,0,1259.0,140,2
1777483513,44,34.14,9.79,129.96,78.33,129.96,20.20,35,4,1,1259.0,140,2
1777483514,42,31.86,9.79,67.75,49.37,67.75,11.57,38,2,0,1260.0,140,2
1777483515,42,33.60,15.96,98.29,53.25,98.29,14.34,40,4,0,1260.0,140,2
1777483516,43,32.89,15.83,140.46,46.04,140.46,18.98,36,1,1,1260.0,140,2
1777483517,43,34.91,9.67,91.16,81.00,91.16,17.91,36,5,0,1260.0,140,2
1777483518,42,31.04,14.42,74.12,51.58,74.12,11.31,36,3,0,1260.7,140,2
1777483519,42,32.64,16.38,72.83,49.16,72.83,11.09,36,2,0,1261.0,140,2
1777483520,43,34.11,10.83,139.62,54.62,139.62,18.68,40,3,1,1261.0,140,2
1777483521,42,34.41,9.38,156.54,49.16,156.54,21.47,37,2,1,1261.0,140,2
1777483522,42,40.11,17.92,142.25,90.33,142.25,25.74,39,5,2,1261.4,140,2
1777483523,44,37.57,18.46,165.58,124.66,165.58,30.70,42,5,3,1262.0,140,2
1777483524,43,36.40,9.08,88.17,68.79,88.17,14.99,39,6,0,1262.0,140,2
1777483525,42,31.10,13.08,85.50,49.83,85.50,12.39,38,2,0,1262.0,140,2
1777483526,44,32.15,4.12,174.71,64.62,174.71,25.16,34,3,1,1262.1,140,2
1777483527,42,47.20,11.79,867.65,62.12,867.65,129.07,32,3,2,1263.0,140,2
1777483528,42,29.51,9.04,100.04,50.71,100.04,15.90,30,3,1,1263.0,140,2
1777483529,44,31.85,8.54,120.75,74.12,120.75,20.96,32,4,1,1263.0,140,2
1777483530,43,32.27,7.92,201.91,98.33,201.91,33.00,28,4,2,1263.0,140,2
1777483531,42,37.29,9.08,281.74,88.83,281.74,47.53,30,6,2,1263.8,140,2
1777483532,43,30.92,9.08,164.25,68.75,164.25,24.60,32,5,1,1264.0,140,2
1777483533,43,39.52,12.54,378.45,78.29,378.45,56.14,35,6,2,1264.0,140,2
1777483534,42,53.77,7.54,965.69,74.08,965.69,150.79,28,4,2,1264.0,140,2
1777483535,44,47.95,8.83,1091.98,48.12,1091.98,159.66,26,2,1,1264.5,140,2
1777483536,43,26.98,13.58,42.87,36.75,42.87,6.33,35,0,0,1265.0,140,2
1777483537,44,33.80,10.58,230.62,44.79,230.62,31.29,39,2,1,1265.0,140,2
1777483538,43,35.03,12.33,166.79,64.67,166.79,28.25,38,5,2,1265.0,140,2
1777483539,43,28.35,16.83,72.92,47.12,72.92,10.68,35,2,0,1265.2,140,2
1777483540,42,34.69,9.71,153.66,65.62,153.66,28.50,33,3,2,1266.0,140,2
1777483541,42,27.62,14.42,138.91,38.79,138.91,19.46,32,2,1,1266.0,140,2
1777483542,43,23.63,9.62,53.17,32.37,53.17,6.89,32,1,0,1266.0,140,2
1777483543,44,25.27,6.67,137.12,44.75,137.12,19.04,23,1,1,1266.0,140,2
1777483544,42,24.03,10.25,65.87,35.46,65.87,10.92,25,2,0,1266.9,140,2
1777483545,42,24.58,8.17,66.37,39.08,66.37,10.09,26,1,0,1267.0,140,2
1777483546,43,29.88,10.04,67.67,52.58,67.67,13.54,31,4,0,1267.0,140,2
1777483547,42,27.75,13.46,81.83,69.21,81.83,14.97,29,3,0,1267.0,140,2
1777483548,43,29.26,13.79,91.50,51.54,91.50,13.96,33,4,0,1267.6,140,2
1777483549,43,29.73,6.75,135.75,102.04,135.75,26.39,25,4,3,1268.0,140,2
1777483550,43,23.90,10.58,60.83,49.54,60.83,10.30,26,2,0,1268.0,140,2
1777483551,43,35.30,13.21,123.75,77.29,123.75,20.11,39,3,1,1268.0,140,2
1777483552,43,26.61,14.29,87.21,34.67,87.21,11.20,33,1,0,1268.3,140,2
1777483553,42,28.11,9.17,158.58,61.46,158.58,23.75,28,3,1,1269.0,140,2
1777483554,43,22.65,8.17,48.21,44.33,48.21,9.29,22,0,0,1269.0,140,2
1777483555,43,23.97,9.33,149.00,43.50,149.00,20.97,20,1,1,1269.0,140,2
1777483556,43,39.54,16.25,360.74,66.75,360.74,56.15,34,6,2,1269.0,140,2
1777483557,42,24.28,11.29,72.87,36.37,72.87,10.01,27,1,0,1270.0,140,2
1777483558,43,24.52,9.54,57.58,40.25,57.58,8.49,31,1,0,1270.0,140,2
1777483559,44,25.91,9.04,66.46,38.12,66.46,9.95,33,1,0,1270.0,140,2
1777483560,43,34.14,9.83,86.12,73.75,86.12,15.85,39,4,0,1270.0,140,2
1777483561,43,36.07,10.58,224.16,83.75,224.16,32.83,37,4,1,1270.7,140,2
1777483562,44,29.95,11.42,216.16,64.08,216.16,30.77,32,4,1,1271.0,140,2
1777483563,43,28.86,11.58,106.33,72.37,106.33,18.46,31,4,1,1271.0,140,2
1777483564,42,30.51,11.67,80.58,45.92,80.58,12.34,36,1,0,1271.0,140,2
1777483565,42,37.12,12.50,509.45,65.58,509.45,74.70,30,3,1,1271.5,140,2
1777483566,42,23.71,11.79,52.67,45.25,52.67,9.23,25,2,0,1272.0,140,2
1777483567,43,27.21,11.50,98.29,46.62,98.29,14.37,26,2,0,1272.0,140,2
1777483568,42,26.28,10.50,73.58,44.54,73.58,12.02,26,2,0,1272.0,140,2
1777483569,42,26.53,8.96,70.04,49.96,70.04,12.59,29,2,0,1272.1,140,2
1777483570,44,26.79,8.50,137.62,52.92,137.62,19.87,23,3,1,1273.0,140,2
1777483571,43,28.21,11.71,110.62,60.16,110.62,20.42,26,3,2,1273.0,140,2
1777483572,41,26.34,8.96,67.33,43.37,67.33,11.36,27,2,0,1273.0,140,2
1777483573,43,23.73,8.58,52.37,36.83,52.37,7.86,29,1,0,1273.0,140,2
1777483574,43,30.75,9.83,144.87,66.00,144.87,22.47,28,4,1,1273.9,140,2
1777483575,43,31.69,9.96,192.66,77.75,192.66,29.79,31,4,1,1274.0,140,2
1777483576,43,32.32,13.79,131.50,53.54,131.50,18.66,39,4,1,1274.0,140,2
1777483577,45,32.75,9.79,106.50,78.75,106.50,20.25,39,6,2,1274.0,140,2
1777483578,42,27.79,12.67,91.04,48.21,91.04,13.94,30,2,0,1274.5,140,2
1777483579,43,28.12,10.33,93.29,46.62,93.29,14.25,30,2,0,1275.0,140,2
1777483580,42,30.81,12.08,74.96,52.91,74.96,14.03,33,4,0,1275.0,140,2
1777483581,43,27.61,10.25,72.75,44.37,72.75,11.51,33,2,0,1275.0,140,2
1777483582,42,27.06,8.04,81.21,46.17,81.21,12.04,32,1,0,1275.3,140,2
1777483583,43,23.18,7.71,42.92,37.41,42.92,7.63,30,0,0,1276.0,140,2
1777483584,44,25.53,3.96,55.50,41.37,55.50,9.90,32,1,0,1276.0,140,2
1777483585,43,28.10,10.71,64.83,42.54,64.83,11.20,34,2,0,1276.0,140,2
1777483586,42,66.60,10.88,1581.76,46.62,1581.76,236.78,36,1,1,1276.0,140,2
1777483587,43,31.64,10.50,129.21,77.00,129.21,21.68,34,3,1,1277.0,140,2
1777483588,43,45.38,5.75,438.07,137.66,438.07,67.48,36,5,3,1277.0,140,2
1777483589,43,32.22,6.92,103.33,54.96,103.33,16.01,36,5,1,1277.0,140,2
1777483590,43,26.08,10.88,50.83,43.25,50.83,8.58,34,1,0,1277.0,140,2
1777483591,42,23.79,11.42,55.33,38.83,55.33,8.92,26,1,0,1277.7,140,2
1777483592,44,32.51,13.50,83.62,71.58,83.62,13.84,40,3,0,1278.0,140,2
1777483593,43,26.00,9.75,48.79,46.17,48.79,10.04,31,0,0,1278.0,140,2
1777483594,41,27.57,14.83,74.37,44.87,74.37,11.48,31,2,0,1278.0,140,2
1777483595,43,31.90,6.29,165.37,49.83,165.37,27.14,36,2,2,1278.4,140,2
1777483596,42,31.54,13.58,106.62,46.67,106.62,14.08,39,2,1,1279.0,140,2
1777483597,44,32.22,12.12,132.66,81.87,132.66,23.19,32,4,2,1279.0,140,2
1777483598,42,25.08,10.79,50.42,40.17,50.42,9.25,27,1,0,1279.0,140,2
1777483599,42,32.18,13.33,162.29,99.25,162.29,27.96,28,5,2,1279.1,140,2
1777483600,42,24.33,9.75,55.25,46.79,55.25,10.52,25,2,0,1280.0,140,2
1777483601,43,21.25,10.08,51.66,40.83,51.66,9.30,18,1,0,1280.0,140,2
1777483602,41,27.04,7.87,84.58,46.50,84.58,12.55,27,1,0,1280.0,140,2
1777483603,42,24.87,8.67,68.25,44.87,68.25,10.85,30,2,0,1280.0,140,2
1777483604,42,24.64,9.00,55.00,47.33,55.00,10.72,25,2,0,1280.8,140,2
1777483605,42,26.45,10.92,97.42,53.50,97.42,16.15,21,4,0,1281.0,140,2
1777483606,43,21.36,7.92,52.12,37.00,52.12,9.13,19,1,0,1281.0,140,2
1777483607,41,25.54,6.38,56.08,44.29,56.08,10.48,25,1,0,1281.0,140,2
1777483608,42,25.91,12.46,77.96,61.04,77.96,15.20,21,4,0,1281.5,140,2
1777483609,43,25.34,12.42,75.21,49.04,75.21,12.00,25,2,0,1282.0,140,2
1777483610,42,26.55,8.29,156.50,47.42,156.50,22.34,25,2,1,1282.0,140,2
1777483611,43,26.07,13.58,127.62,37.96,127.62,18.48,26,2,1,1282.0,140,2
1777483612,43,28.58,10.50,126.54,48.96,126.54,21.92,28,2,2,1282.2,140,2
1777483613,43,36.81,10.75,385.12,48.54,385.12,54.77,36,2,1,1283.0,140,2
1777483614,42,33.57,7.54,143.91,95.54,143.91,24.57,36,3,2,1283.0,140,2
1777483615,43,43.07,18.79,203.08,95.67,203.08,37.04,42,7,2,1283.0,140,2
1777483616,42,27.16,11.12,84.67,42.25,84.67,11.80,34,1,0,1283.0,140,2
1777483617,43,25.36,11.54,48.83,45.62,48.83,9.45,28,0,0,1283.9,140,2
1777483618,43,31.53,10.42,186.50,52.62,186.50,26.85,32,5,1,1284.0,140,2
1777483619,42,23.50,12.21,46.54,41.42,46.54,8.41,26,0,0,1284.0,140,2
1777483620,41,28.38,14.54,47.75,44.21,47.75,10.45,28,0,0,1284.0,140,2
1777483621,43,31.10,12.54,299.16,41.37,299.16,43.71,24,2,2,1284.6,140,2
1777483622,43,23.87,10.96,63.58,52.58,63.58,10.92,25,3,0,1285.0,140,2
1777483623,42,31.11,8.38,190.12,44.37,190.12,34.69,21,2,2,1285.0,140,2
1777483624,41,24.47,13.04,63.50,43.66,63.50,9.95,27,2,0,1285.0,140,2
1777483625,42,25.64,9.17,97.50,44.87,97.50,14.37,26,1,0,1285.3,140,2
1777483626,43,26.84,13.33,75.46,49.75,75.46,12.33,28,1,0,1286.0,140,2
1777483627,44,27.99,15.33,50.16,47.04,50.16,8.35,35,1,0,1286.0,140,2
1777483628,43,33.00,11.00,64.42,57.08,64.42,13.97,34,5,0,1286.0,140,2
1777483629,41,25.71,10.12,40.42,39.00,40.42,7.93,29,0,0,1286.0,140,2
1777483630,43,24.61,7.67,65.08,34.83,65.08,9.32,27,1,0,1287.0,140,2
1777483631,42,29.50,9.38,85.00,52.75,85.00,13.47,30,3,0,1287.0,140,2
1777483632,43,27.54,8.58,139.79,38.37,139.79,19.37,32,2,1,1287.0,140,2
1777483633,42,23.79,6.38,40.21,38.04,40.21,7.97,27,0,0,1287.0,140,2
1777483634,42,26.97,11.38,84.54,48.16,84.54,11.67,33,2,0,1287.7,140,2
1777483635,43,25.77,9.58,62.79,36.46,62.79,8.72,34,1,0,1288.0,140,2
1777483636,43,23.65,9.58,37.67,31.46,37.67,5.18,34,0,0,1288.0,140,2
1777483637,43,51.49,12.04,971.40,114.46,971.40,144.16,26,5,3,1288.0,140,2
1777483638,43,37.71,9.58,519.45,58.83,519.45,74.99,33,3,1,1288.4,140,2
1777483639,42,28.48,10.46,82.04,46.12,82.04,13.04,33,2,0,1289.0,140,2
1777483640,43,24.90,7.50,43.08,33.50,43.08,6.85,34,0,0,1289.0,140,2
1777483641,43,27.46,9.67,119.70,48.87,119.70,17.44,29,2,1,1289.0,140,2
1777483642,43,27.62,9.75,73.17,58.00,73.17,11.87,36,3,0,1289.1,140,2
1777483643,45,31.36,9.46,164.41,42.83,164.41,21.47,39,1,1,1290.0,140,2
1777483644,43,29.77,11.25,69.79,48.87,69.79,12.03,34,1,0,1290.0,140,2
1777483645,43,28.77,6.79,125.21,57.12,125.21,21.92,25,4,1,1290.0,140,2
1777483646,43,28.44,9.75,135.00,51.33,135.00,18.84,31,3,1,1290.0,140,2
1777483647,42,24.82,12.58,49.58,47.08,49.58,10.01,24,0,0,1290.8,140,2
1777483648,42,39.72,15.62,284.04,49.79,284.04,39.46,38,2,1,1291.0,140,2
1777483649,43,26.38,10.17,44.54,40.58,44.54,8.53,32,0,0,1291.0,140,2
1777483650,42,30.54,10.96,51.21,48.62,51.21,10.78,33,2,0,1291.0,140,2
1777483651,43,26.94,7.96,174.00,46.50,174.00,24.97,19,2,1,1291.6,140,2
1777483652,43,27.87,12.62,56.08,50.25,56.08,11.56,28,3,0,1292.0,140,2
1777483653,42,21.69,12.33,46.08,42.08,46.08,8.88,16,0,0,1292.0,140,2
1777483654,43,25.09,9.92,70.79,41.66,70.79,11.02,26,1,0,1292.0,140,2
1777483655,42,23.01,7.87,53.42,43.58,53.42,10.06,23,1,0,1292.3,140,2
1777483656,42,30.25,11.79,163.12,47.42,163.12,23.63,25,2,1,1293.0,140,2
1777483657,42,27.45,12.42,180.79,48.21,180.79,26.10,23,2,1,1293.0,140,2
1777483658,41,32.19,12.54,260.50,53.25,260.50,37.98,24,3,1,1293.0,140,2
1777483659,42,31.42,13.08,139.16,55.21,139.16,23.33,30,3,2,1293.0,140,2
1777483660,42,20.27,8.62,43.79,35.42,43.79,7.37,17,0,0,1294.0,140,2
1777483661,43,25.72,12.08,49.71,43.92,49.71,10.68,24,0,0,1294.0,140,2
1777483662,43,25.51,13.42,46.50,45.58,46.50,10.14,25,0,0,1294.0,140,2
1777483663,43,25.35,12.25,63.46,48.29,63.46,12.33,24,2,0,1294.0,140,2
1777483664,40,25.99,10.00,50.29,48.46,50.29,10.79,24,1,0,1294.7,140,2
1777483665,43,22.54,11.42,56.79,39.54,56.79,10.62,21,2,0,1295.0,140,2
1777483666,42,26.08,11.79,89.17,44.83,89.17,13.65,26,2,0,1295.0,140,2
1777483667,44,29.53,8.75,97.41,48.54,97.41,13.94,36,2,0,1295.0,140,2
1777483668,43,27.42,8.25,81.12,43.12,81.12,12.05,33,1,0,1295.4,140,2
1777483669,43,28.84,11.46,80.04,58.37,80.04,14.49,30,4,0,1296.0,140,2
1777483670,44,25.52,9.21,61.62,35.92,61.62,8.40,34,1,0,1296.0,140,2
1777483671,43,25.75,11.38,117.08,51.91,117.08,17.63,20,4,1,1296.0,140,2
1777483672,42,29.22,14.04,103.21,47.08,103.21,14.51,34,1,1,1296.1,140,2
1777483673,43,17.86,8.75,33.12,26.08,33.12,5.04,12,0,0,1297.0,140,2
1777483674,43,29.28,6.88,116.33,61.25,116.33,18.77,30,3,1,1297.0,140,2
1777483675,43,23.91,9.00,81.67,49.71,81.67,14.81,18,2,0,1297.0,140,2
1777483676,42,29.60,11.92,91.58,50.50,91.58,17.08,26,3,0,1297.0,140,2
1777483677,42,25.20,8.29,51.33,42.21,51.33,10.38,23,1,0,1297.8,140,2
1777483678,43,23.66,9.96,69.17,41.96,69.17,10.94,25,1,0,1298.0,140,2
1777483679,43,25.58,9.42,45.96,45.54,45.96,10.66,28,0,0,1298.0,140,2
1777483680,43,26.79,9.58,74.21,46.66,74.21,11.56,32,1,0,1298.0,140,2
1777483681,43,26.71,11.17,58.67,41.83,58.67,9.10,33,1,0,1298.5,140,2
1777483682,43,25.46,10.17,50.21,43.62,50.21,8.42,28,1,0,1299.0,140,2
1777483683,42,26.86,12.17,77.58,68.21,77.58,16.16,23,4,0,1299.0,140,2
1777483684,43,30.41,8.33,104.62,69.50,104.62,18.56,30,3,1,1299.0,140,2
1777483685,43,24.69,11.67,88.17,46.21,88.17,12.35,26,1,0,1299.2,140,2
1777483686,42,21.95,11.88,45.54,38.71,45.54,7.38,19,0,0,1300.0,140,2
1777483687,43,32.08,13.17,129.79,69.25,129.79,22.64,31,4,2,1300.0,140,2
1777483688,42,21.38,8.67,43.00,42.21,43.00,9.59,16,0,0,1300.0,140,2
1777483689,43,27.16,10.33,63.66,48.41,63.66,12.20,26,2,0,1300.0,140,2
1777483690,41,20.74,9.62,49.12,36.12,49.12,8.93,16,0,0,1300.9,140,2
1777483691,43,23.32,10.42,55.04,43.87,55.04,8.99,27,1,0,1301.0,140,2
1777483692,42,30.99,10.92,123.08,51.96,123.08,18.03,32,3,1,1301.0,140,2
1777483693,44,27.33,10.33,116.04,78.54,116.04,21.41,24,3,2,1301.0,140,2
1777483694,43,24.82,8.38,49.75,42.71,49.75,11.04,25,0,0,1301.6,140,2
1777483695,43,22.66,8.54,54.71,43.46,54.71,9.82,19,1,0,1302.0,140,2
1777483696,42,25.91,9.50,52.00,45.33,52.00,11.57,22,2,0,1302.0,140,2
1777483697,42,28.39,12.83,62.62,50.92,62.62,11.79,34,3,0,1302.0,140,2
1777483698,43,33.45,8.17,150.08,74.58,150.08,28.13,33,4,2,1302.3,140,2
1777483699,42,27.81,9.38,107.04,45.67,107.04,15.63,28,1,1,1303.0,140,2
1777483700,43,22.91,8.25,46.71,40.58,46.71,8.71,24,0,0,1303.0,140,2
1777483701,43,27.67,7.00,166.04,48.21,166.04,23.93,24,2,1,1303.0,140,2
1777483702,42,23.59,9.33,43.46,42.04,43.46,9.51,22,0,0,1303.0,140,2
1777483703,43,21.91,10.42,47.37,35.92,47.37,8.34,20,0,0,1304.0,140,2
1777483704,44,29.58,10.46,100.16,62.66,100.16,18.02,31,5,1,1304.0,140,2
1777483705,43,26.77,11.71,88.37,50.29,88.37,13.41,32,3,0,1304.0,140,2
1777483706,42,27.34,8.88,157.58,40.42,157.58,21.48,29,1,1,1304.0,140,2
1777483707,42,28.03,8.42,75.29,49.62,75.29,13.79,28,2,0,1304.7,140,2
1777483708,43,31.71,8.00,74.33,50.17,74.33,13.24,34,3,0,1305.0,140,2
1777483709,42,30.65,11.08,118.33,46.25,118.33,16.38,35,1,1,1305.0,140,2
1777483710,42,28.89,12.87,98.67,47.92,98.67,14.41,30,2,0,1305.0,140,2
1777483711,43,31.40,7.62,119.29,48.12,119.29,18.71,32,2,1,1305.4,140,2
1777483712,42,28.02,6.92,51.21,46.83,51.21,11.67,30,2,0,1306.0,140,2
1777483713,43,28.40,6.67,91.50,61.25,91.50,16.26,31,4,0,1306.0,140,2
1777483714,42,27.65,8.79,55.21,46.71,55.21,9.49,32,1,0,1306.0,140,2
1777483715,43,28.65,7.12,73.71,50.42,73.71,13.15,31,3,0,1306.1,140,2
1777483716,43,30.98,11.79,86.33,50.08,86.33,14.45,36,3,0,1307.0,140,2
1777483717,42,26.18,7.38,54.00,49.37,54.00,11.52,28,2,0,1307.0,140,2
1777483718,42,27.23,10.54,77.29,50.37,77.29,12.57,29,3,0,1307.0,140,2
1777483719,42,33.61,15.25,110.04,57.16,110.04,17.39,38,4,1,1307.0,140,2
1777483720,43,30.26,7.88,203.91,50.04,203.91,28.98,29,3,1,1307.8,140,2
1777483721,43,30.40,6.71,155.37,56.33,155.37,22.09,33,3,1,1308.0,140,2
1777483722,42,28.32,10.71,50.66,49.00,50.66,11.23,32,2,0,1308.0,140,2
1777483723,43,25.19,7.88,80.37,40.04,80.37,12.13,28,2,0,1308.0,140,2
1777483724,41,28.04,7.17,51.41,50.08,51.41,12.34,29,3,0,1308.6,140,2
1777483725,42,34.61,6.21,410.49,49.83,410.49,59.72,26,2,1,1309.0,140,2
1777483726,42,28.02,15.42,52.00,49.08,52.00,11.18,27,1,0,1309.0,140,2
1777483727,43,33.92,7.17,234.37,82.79,234.37,35.97,31,4,2,1309.0,140,2
1777483728,42,85.21,8.08,2456.49,51.75,2456.49,370.67,29,3,2,1309.2,140,2
1777483729,43,28.67,6.46,125.79,48.75,125.79,17.97,31,1,1,1310.0,140,2
1777483730,41,28.92,12.08,138.91,45.12,138.91,19.62,31,2,1,1310.0,140,2
1777483731,42,33.42,5.50,136.75,100.04,136.75,26.70,28,4,3,1310.0,140,2
1777483732,43,30.38,7.00,227.45,50.00,227.45,32.10,31,2,1,1310.0,140,2
1777483733,43,25.25,6.71,64.75,43.21,64.75,12.44,25,2,0,1310.9,140,2
1777483734,43,29.99,7.67,76.42,48.00,76.42,13.58,33,2,0,1311.0,140,2
1777483735,42,25.99,8.08,55.71,47.62,55.71,11.33,21,1,0,1311.0,140,2
1777483736,43,28.13,8.08,53.54,45.67,53.54,11.27,31,1,0,1311.0,140,2
1777483737,42,26.47,6.46,76.17,44.29,76.17,11.79,28,1,0,1311.6,140,2
1777483738,43,29.45,7.17,137.25,55.04,137.25,19.95,31,4,1,1312.0,140,2
1777483739,41,30.10,14.88,136.71,54.25,136.71,20.21,29,5,1,1312.0,140,2
1777483740,42,27.38,12.75,95.75,51.37,95.75,14.70,28,3,0,1312.0,140,2
1777483741,43,29.56,9.29,102.50,52.37,102.50,16.61,31,4,1,1312.3,140,2
1777483742,43,33.74,12.58,151.16,55.66,151.16,28.44,26,3,2,1313.0,140,2
1777483743,42,29.00,11.17,135.29,69.37,135.29,21.13,28,3,1,1313.0,140,2
1777483744,42,31.83,10.21,87.46,52.16,87.46,14.70,31,4,0,1313.0,140,2
1777483745,42,26.56,6.12,53.00,47.54,53.00,12.73,26,2,0,1313.1,140,2
1777483746,41,29.53,10.04,59.96,51.58,59.96,12.25,32,3,0,1314.0,140,2
1777483747,42,31.68,7.62,110.50,51.17,110.50,20.28,29,3,2,1314.0,140,2
1777483748,42,31.79,8.83,250.25,81.08,250.25,38.72,22,3,2,1314.0,140,2
1777483749,42,34.64,9.12,184.66,50.79,184.66,32.31,33,3,2,1314.0,140,2
1777483750,42,27.14,7.12,60.75,45.75,60.75,11.39,30,1,0,1314.8,140,2
1777483751,44,24.45,6.75,49.08,43.83,49.08,9.91,28,0,0,1315.0,140,2
1777483752,42,29.47,10.92,49.87,48.25,49.87,10.97,33,0,0,1315.0,140,2
1777483753,42,22.89,7.88,70.92,45.46,70.92,11.55,21,1,0,1315.0,140,2
1777483754,43,34.05,9.50,305.49,45.67,305.49,43.10,32,2,1,1315.5,140,2
1777483755,42,28.53,10.25,109.71,46.66,109.71,15.79,28,1,1,1316.0,140,2
1777483756,42,30.34,10.33,74.46,54.50,74.46,13.88,31,3,0,1316.0,140,2
1777483757,43,29.42,7.12,90.83,49.33,90.83,14.36,29,2,0,1316.0,140,2
1777483758,42,25.54,8.67,51.79,51.29,51.79,11.45,25,4,0,1316.2,140,2
1777483759,43,32.78,9.38,158.21,52.33,158.21,25.99,30,4,2,1317.0,140,2
1777483760,43,26.59,8.62,59.41,43.21,59.41,10.14,30,1,0,1317.0,140,2
1777483761,41,28.07,6.17,54.96,47.25,54.96,11.30,29,1,0,1317.0,140,2
1777483762,42,28.69,7.96,66.75,50.41,66.75,13.71,30,4,0,1317.0,140,2
1777483763,42,29.35,8.00,110.62,49.25,110.62,18.74,30,2,1,1317.9,140,2
1777483764,42,33.54,8.92,116.08,58.29,116.08,20.59,34,7,1,1318.0,140,2
1777483765,42,23.28,9.29,71.17,42.04,71.17,11.64,23,2,0,1318.0,140,2
1777483766,43,31.38,7.08,116.08,74.42,116.08,21.97,29,4,2,1318.0,140,2
1777483767,43,30.98,8.17,93.16,63.83,93.16,17.28,30,6,0,1318.6,140,2
1777483768,42,31.76,6.96,148.79,49.54,148.79,23.46,30,2,1,1319.0,140,2
1777483769,43,35.71,9.21,227.83,63.46,227.83,35.03,36,4,2,1319.0,140,2
1777483770,42,29.10,12.25,167.83,46.67,167.83,23.58,27,1,1,1319.0,140,2
1777483771,42,31.40,11.25,220.08,53.46,220.08,31.72,29,4,1,1319.3,140,2
1777483772,43,30.86,8.46,109.71,68.46,109.71,19.13,30,4,1,1320.0,140,2
1777483773,43,31.69,6.88,190.20,58.25,190.20,29.63,26,5,2,1320.0,140,2
1777483774,44,35.98,9.21,316.79,51.42,316.79,44.66,30,4,1,1320.0,140,2
1777483775,43,34.97,9.17,171.54,87.37,171.54,32.97,32,4,2,1320.0,140,2
1777483776,42,28.32,7.67,76.79,69.62,76.79,14.83,31,3,0,1321.0,140,2
1777483777,43,30.84,8.04,212.70,47.83,212.70,29.85,34,1,1,1321.0,140,2
1777483778,42,32.03,14.54,85.96,61.08,85.96,14.29,34,4,0,1321.0,140,2
1777483779,42,39.98,8.04,366.74,99.37,366.74,56.03,32,5,2,1321.0,140,2
1777483780,42,28.98,7.29,97.83,53.00,97.83,17.51,28,4,0,1321.7,140,2
1777483781,42,30.82,8.29,115.42,80.42,115.42,20.61,31,4,1,1322.0,140,2
1777483782,42,29.98,8.29,56.33,51.54,56.33,11.98,31,4,0,1322.0,140,2
1777483783,42,30.35,9.12,180.33,47.33,180.33,25.57,31,2,1,1322.0,140,2
1777483784,42,29.35,9.88,114.83,50.29,114.83,17.31,30,3,1,1322.4,140,2
1777483785,43,27.84,6.83,53.58,48.00,53.58,11.03,30,2,0,1323.0,140,2
1777483786,42,26.82,10.29,66.50,48.29,66.50,10.96,28,1,0,1323.0,140,2
1777483787,42,28.79,9.00,51.96,49.79,51.96,11.31,32,2,0,1323.0,140,2
1777483788,43,24.74,7.54,89.08,42.46,89.08,13.03,25,2,0,1323.1,140,2
1777483789,42,30.69,11.50,119.66,49.92,119.66,17.72,33,2,1,1324.0,140,2
1777483790,43,30.48,8.42,94.12,55.17,94.12,15.99,32,4,0,1324.0,140,2
1777483791,44,27.76,6.96,51.50,46.29,51.50,11.52,32,1,0,1324.0,140,2
1777483792,42,25.09,8.21,51.62,41.83,51.62,9.04,31,1,0,1324.0,140,2
1777483793,43,23.69,9.67,58.96,36.79,58.96,8.44,28,2,0,1324.8,140,2
1777483794,42,25.73,10.25,90.37,38.17,90.37,12.62,27,2,0,1325.0,140,2
1777483795,43,30.15,8.46,95.16,52.08,95.16,15.00,33,3,0,1325.0,140,2
1777483796,42,30.83,12.25,88.33,50.12,88.33,14.15,32,3,0,1325.0,140,2
1777483797,43,46.61,10.33,790.82,61.33,790.82,116.03,32,5,2,1325.5,140,2
1777483798,45,26.80,8.04,148.21,39.42,148.21,19.92,34,1,1,1326.0,140,2
1777483799,43,32.70,4.12,127.54,72.54,127.54,22.37,31,6,1,1326.0,140,2
1777483800,43,27.39,8.79,74.46,50.21,74.46,11.53,35,3,0,1326.0,140,2
1777483801,44,25.20,6.96,45.04,41.25,45.04,7.80,32,0,0,1326.2,140,2
1777483802,43,33.57,12.92,81.08,65.58,81.08,13.73,39,3,0,1327.0,140,2
1777483803,45,31.02,9.08,123.96,52.75,123.96,18.36,37,4,1,1327.0,140,2
1777483804,43,30.15,13.12,90.71,48.50,90.71,13.27,35,2,0,1327.0,140,2
1777483805,43,27.36,8.96,151.58,48.08,151.58,22.24,25,2,1,1327.0,140,2
1777483806,42,33.30,13.96,89.46,52.29,89.46,15.03,37,5,0,1327.9,140,2
1777483807,44,33.41,9.92,120.96,68.96,120.96,21.35,32,4,2,1328.0,140,2
1777483808,43,17.97,5.29,35.29,25.87,35.29,6.26,16,0,0,1328.0,140,2
1777483809,43,23.01,8.71,42.46,35.17,42.46,7.64,25,0,0,1328.0,140,2
1777483810,42,28.08,10.33,121.04,44.33,121.04,19.02,30,2,1,1328.6,140,2
1777483811,43,29.12,9.54,178.79,58.79,178.79,26.83,25,3,1,1329.0,140,2
1777483812,42,35.69,13.96,94.00,60.66,94.00,17.59,35,10,0,1329.0,140,2
1777483813,43,24.30,13.50,62.54,34.25,62.54,8.58,27,1,0,1329.0,140,2
1777483814,42,25.76,8.50,55.83,52.08,55.83,10.76,27,3,0,1329.3,140,2
1777483815,42,32.28,12.29,143.75,56.50,143.75,22.63,30,6,1,1330.0,140,2
1777483816,44,37.47,9.83,412.03,55.71,412.03,58.12,36,3,1,1330.0,140,2
1777483817,43,26.75,10.46,148.58,46.25,148.58,20.82,24,1,1,1330.0,140,2
1777483818,42,27.04,13.17,57.04,44.75,57.04,9.74,33,1,0,1330.0,140,2
1777483819,42,25.30,8.33,69.29,43.58,69.29,11.01,30,1,0,1331.0,140,2
1777483820,42,24.09,8.62,51.04,40.08,51.04,8.09,27,1,0,1331.0,140,2
1777483821,42,23.02,9.62,45.58,38.04,45.58,7.52,23,0,0,1331.0,140,2
1777483822,43,23.59,8.00,57.25,36.17,57.25,9.86,24,2,0,1331.0,140,2
1777483823,42,21.93,8.75,48.50,38.75,48.50,8.87,21,0,0,1331.7,140,2
1777483824,43,26.83,8.92,211.66,47.04,211.66,34.90,16,2,2,1332.0,140,2
1777483825,43,27.30,12.75,62.75,44.58,62.75,11.58,28,2,0,1332.0,140,2
1777483826,42,33.32,9.29,86.83,53.83,86.83,14.45,37,5,0,1332.0,140,2
1777483827,44,33.82,11.38,106.79,57.54,106.79,16.54,37,5,1,1332.5,140,2
1777483828,42,29.34,12.54,67.87,48.42,67.87,11.89,34,1,0,1333.0,140,2
1777483829,44,28.35,13.92,94.83,44.12,94.83,13.88,31,2,0,1333.0,140,2
1777483830,42,95.15,12.25,3104.06,41.08,3104.06,470.01,20,2,1,1333.0,140,2
1777483831,43,20.08,13.04,72.50,28.88,72.50,10.55,14,2,0,1333.2,140,2
1777483832,42,19.61,12.46,38.46,25.21,38.46,4.84,19,0,0,1334.0,140,2
1777483833,42,20.91,11.67,72.50,32.21,72.50,10.15,19,1,0,1334.0,140,2
1777483834,42,19.92,12.54,45.33,38.58,45.33,7.24,15,0,0,1334.0,140,2
1777483835,44,23.39,7.33,52.92,43.25,52.92,9.86,27,2,0,1334.0,140,2
1777483836,42,25.53,9.08,54.62,38.04,54.62,8.37,31,1,0,1334.9,140,2
1777483837,43,26.97,11.42,53.08,41.83,53.08,8.05,36,1,0,1335.0,140,2
1777483838,43,25.89,7.21,89.92,40.58,89.92,13.79,29,1,0,1335.0,140,2
1777483839,44,32.65,12.00,87.21,56.16,87.21,13.38,40,4,0,1335.0,140,2
1777483840,42,37.17,15.00,77.62,58.50,77.62,12.54,41,6,0,1335.6,140,2
1777483841,42,29.43,6.08,54.25,48.29,54.25,9.88,34,1,0,1336.0,140,2
1777483842,42,33.48,8.71,62.58,49.12,62.58,10.72,37,1,0,1336.0,140,2
1777483843,44,30.35,12.79,93.17,47.12,93.17,11.93,39,1,0,1336.0,140,2
1777483844,43,32.59,14.50,139.91,47.37,139.91,18.84,39,2,1,1336.3,140,2
1777483845,42,30.11,12.17,52.96,48.12,52.96,9.21,36,2,0,1337.0,140,2
1777483846,42,30.59,14.37,75.83,43.00,75.83,9.90,37,1,0,1337.0,140,2
1777483847,43,31.36,7.42,81.17,52.16,81.17,12.51,37,3,0,1337.0,140,2
1777483848,42,35.12,15.12,83.29,62.46,83.29,14.16,37,4,0,1337.0,140,2
1777483849,42,35.30,17.46,148.87,57.29,148.87,19.88,38,3,1,1338.0,140,2
1777483850,43,31.01,15.83,53.67,45.04,53.67,8.19,39,1,0,1338.0,140,2
1777483851,43,41.24,16.00,264.79,109.04,264.79,41.20,40,5,3,1338.0,140,2
1777483852,43,31.20,15.96,74.33,56.00,74.33,11.14,37,4,0,1338.0,140,2
1777483853,43,36.64,6.33,107.21,76.17,107.21,18.27,38,5,1,1338.7,140,2
1777483854,43,31.35,13.92,75.62,45.04,75.62,10.79,37,1,0,1339.0,140,2
1777483855,42,34.74,16.21,75.92,48.96,75.92,12.04,39,2,0,1339.0,140,2
1777483856,42,35.42,15.79,119.67,75.79,119.67,19.96,36,4,1,1339.0,140,2
1777483857,43,30.81,14.21,56.21,45.04,56.21,8.89,38,1,0,1339.4,140,2
1777483858,42,34.84,17.71,97.41,62.54,97.41,14.47,39,5,0,1340.0,140,2
1777483859,43,36.20,14.08,160.87,86.79,160.87,25.62,37,4,2,1340.0,140,2
1777483860,44,32.37,16.83,55.41,47.25,55.41,9.25,39,2,0,1340.0,140,2
1777483861,43,34.56,15.17,151.46,52.54,151.46,20.29,39,3,1,1340.1,140,2
1777483862,43,31.38,10.25,54.71,45.41,54.71,9.17,38,1,0,1341.0,140,2
1777483863,42,31.79,16.50,70.42,51.75,70.42,10.02,40,3,0,1341.0,140,2
1777483864,43,39.77,13.79,247.00,55.29,247.00,38.46,40,3,2,1341.0,140,2
1777483865,42,31.08,12.79,51.54,48.29,51.54,9.60,35,2,0,1341.0,140,2
1777483866,44,30.42,14.83,51.12,49.58,51.12,8.73,39,2,0,1341.8,140,2
1777483867,43,33.93,10.08,87.46,55.87,87.46,13.18,37,3,0,1342.0,140,2
1777483868,43,33.52,10.50,71.50,51.92,71.50,11.10,41,3,0,1342.0,140,2
1777483869,45,24.15,3.12,68.87,48.33,68.87,13.82,29,2,0,1342.0,140,2
1777483870,43,20.99,3.12,88.12,37.92,88.12,16.16,22,1,0,1342.5,140,2
1777483871,44,33.12,18.25,136.00,47.12,136.00,17.62,40,2,1,1343.0,140,2
1777483872,42,34.04,10.29,180.33,45.71,180.33,24.36,37,2,1,1343.0,140,2
1777483873,43,30.04,15.12,63.50,46.92,63.50,9.00,38,1,0,1343.0,140,2
1777483874,43,28.65,10.29,44.37,41.08,44.37,8.92,33,0,0,1343.2,140,2
1777483875,43,31.36,15.46,62.54,50.54,62.54,9.93,39,3,0,1344.0,140,2
1777483876,43,33.74,16.38,93.37,64.21,93.37,14.38,39,4,0,1344.0,140,2
1777483877,43,37.05,17.42,128.46,79.79,128.46,19.80,42,3,1,1344.0,140,2
1777483878,42,32.97,16.42,66.08,59.87,66.08,10.70,39,4,0,1344.0,140,2
1777483879,42,35.51,18.08,128.25,59.08,128.25,17.92,39,4,1,1344.9,140,2
1777483880,43,32.12,15.00,80.17,48.29,80.17,11.66,38,2,0,1345.0,140,2
1777483881,42,32.42,18.29,91.17,48.00,91.17,13.03,40,2,0,1345.0,140,2
1777483882,42,32.57,6.92,73.12,47.62,73.12,10.84,40,2,0,1345.0,140,2
1777483883,43,40.34,12.29,219.95,87.17,219.95,34.33,39,6,2,1345.6,140,2
1777483884,42,33.63,13.12,75.58,48.29,75.58,11.11,38,2,0,1346.0,140,2
1777483885,41,30.98,11.42,95.46,45.58,95.46,12.89,34,1,0,1346.0,140,2
1777483886,44,29.94,14.42,108.37,43.62,108.37,14.00,37,1,1,1346.0,140,2
1777483887,44,33.94,12.79,116.12,59.04,116.12,19.70,35,3,2,1346.3,140,2
1777483888,43,31.58,15.71,52.25,49.58,52.25,8.91,38,1,0,1347.0,140,2
1777483889,44,31.82,16.04,74.25,63.29,74.25,11.40,40,3,0,1347.0,140,2
1777483890,42,32.28,9.33,85.29,52.08,85.29,12.82,35,3,0,1347.0,140,2
1777483891,42,31.54,10.33,79.37,56.29,79.37,13.09,36,4,0,1347.0,140,2
1777483892,42,32.43,16.42,56.54,47.96,56.54,8.87,40,1,0,1348.0,140,2
1777483893,43,40.44,14.17,181.25,67.67,181.25,27.37,40,7,2,1348.0,140,2
1777483894,42,32.02,14.62,54.79,46.67,54.79,8.18,40,2,0,1348.0,140,2
1777483895,42,42.93,10.92,322.83,72.29,322.83,49.30,35,7,2,1348.0,140,2
1777483896,42,29.95,8.75,50.46,43.75,50.46,7.86,37,1,0,1348.7,140,2
1777483897,43,36.10,18.88,123.62,77.83,123.62,19.62,41,4,1,1349.0,140,2
1777483898,43,31.89,11.54,91.54,76.25,91.54,15.80,37,3,0,1349.0,140,2
1777483899,43,32.10,15.62,63.71,50.58,63.71,9.97,39,3,0,1349.0,140,2
1777483900,42,32.56,11.12,74.17,50.96,74.17,13.30,34,4,0,1349.4,140,2
1777483901,43,31.97,14.17,109.37,49.71,109.37,15.02,37,2,1,1350.0,140,2
1777483902,43,32.64,15.38,58.83,48.37,58.83,8.75,39,1,0,1350.0,140,2
1777483903,42,30.98,17.42,57.79,46.75,57.79,8.60,38,2,0,1350.0,140,2
1777483904,43,32.50,16.17,51.96,49.75,51.96,8.03,42,2,0,1350.1,140,2
1777483905,42,38.67,17.87,126.54,76.83,126.54,20.94,38,7,1,1351.0,140,2
1777483906,42,37.51,17.08,103.04,68.12,103.04,17.04,41,6,1,1351.0,140,2
1777483907,43,29.83,9.54,60.08,54.21,60.08,10.99,33,3,0,1351.0,140,2
1777483908,42,32.71,16.83,71.25,47.21,71.25,10.14,36,1,0,1351.0,140,2
1777483909,42,31.86,14.42,52.25,46.25,52.25,8.77,36,1,0,1351.8,140,2
1777483910,43,32.87,10.12,53.54,48.21,53.54,10.73,34,1,0,1352.0,140,2
1777483911,42,35.60,16.96,116.29,49.92,116.29,16.35,38,2,1,1352.0,140,2
1777483912,43,36.94,18.71,116.62,54.50,116.62,15.67,41,4,1,1352.0,140,2
1777483913,44,32.21,12.67,51.91,49.17,51.91,9.31,40,1,0,1352.5,140,2
1777483914,43,33.45,16.00,137.46,49.66,137.46,18.03,38,2,1,1353.0,140,2
1777483915,43,35.36,15.96,206.04,48.50,206.04,27.37,40,2,1,1353.0,140,2
1777483916,42,37.49,18.17,191.62,48.50,191.62,27.08,38,2,1,1353.0,140,2
1777483917,43,29.82,15.46,51.46,47.33,51.46,8.67,35,1,0,1353.3,140,2
1777483918,41,31.96,18.25,53.37,47.33,53.37,7.49,40,1,0,1354.0,140,2
1777483919,43,181.47,9.25,6413.83,83.42,6413.83,961.79,38,3,1,1354.0,140,2
1777483920,43,34.16,18.38,76.75,56.46,76.75,11.30,39,3,0,1354.0,140,2
1777483921,41,35.98,11.62,151.46,47.12,151.46,19.93,39,1,1,1354.0,140,2
1777483922,44,37.15,9.71,109.12,76.83,109.12,18.07,41,5,1,1355.0,140,2
1777483923,42,39.01,17.54,81.04,76.21,81.04,16.01,39,6,0,1355.0,140,2
1777483924,43,38.36,16.46,130.91,82.79,130.91,20.04,41,5,1,1355.0,140,2
1777483925,44,37.56,13.75,268.70,53.12,268.70,36.72,39,4,1,1355.0,140,2
1777483926,42,32.50,15.79,115.79,46.16,115.79,15.52,38,2,1,1355.7,140,2
1777483927,43,32.74,11.71,138.33,49.00,138.33,21.98,35,2,2,1356.0,140,2
1777483928,45,18.23,2.88,162.04,35.96,162.04,24.80,18,1,1,1356.0,140,2
1777483929,42,28.45,8.75,68.37,42.04,68.37,10.13,34,1,0,1356.0,140,2
1777483929,35,35.92,11.33,180.00,63.75,180.00,26.59,32,2,1,1356.2,140,2
1777483985,40,29.46,8.21,125.21,68.37,125.21,19.37,25,2,1,1369.0,140,3
1777483986,43,31.15,8.96,96.46,66.50,96.46,17.33,31,4,0,1369.5,140,3
1777483987,44,29.52,14.42,85.17,50.08,85.17,12.69,34,3,0,1370.0,140,3
1777483988,43,34.09,15.83,82.00,54.96,82.00,11.74,42,4,0,1370.0,140,3
1777483989,43,27.64,9.54,46.87,38.29,46.87,7.24,35,0,0,1370.0,140,3
1777483990,43,35.76,14.00,168.54,52.46,168.54,23.04,38,5,1,1370.2,140,3
1777483990,17,30.27,8.33,53.54,53.54,53.54,11.78,13,1,0,1371.0,140,3
1777483992,10,53.29,8.46,121.66,121.66,121.66,44.66,6,4,3,1371.0,140,3
1777483993,44,30.78,9.04,113.71,68.96,113.71,20.67,34,5,2,1371.0,140,3
1777483994,42,28.68,7.75,72.62,43.37,72.62,11.03,31,2,0,1371.0,140,3
1777483995,43,37.68,18.04,116.42,85.96,116.42,20.33,42,5,1,1372.0,140,3
1777483996,42,34.98,14.75,85.25,55.67,85.25,13.43,37,3,0,1372.0,140,3
1777483997,43,31.96,9.67,68.50,55.83,68.50,13.31,36,5,0,1372.0,140,3
1777483998,42,40.79,10.67,140.00,96.08,140.00,26.09,37,6,2,1372.0,140,3
1777483999,42,29.25,9.75,178.66,47.21,178.66,24.53,31,1,1,1372.6,140,3
1777484000,44,26.77,5.25,121.12,90.79,121.12,22.63,23,3,1,1373.0,140,3
1777484001,48,43.30,8.62,182.25,126.58,182.25,38.84,33,11,7,1373.0,140,3
1777484002,47,39.41,10.92,160.37,126.46,160.37,36.12,34,8,6,1373.0,140,3
1777484003,47,31.89,9.79,113.71,93.58,113.71,25.00,29,5,2,1373.4,140,3
1777484004,46,33.11,8.33,202.83,79.75,202.83,30.36,29,6,1,1374.0,140,3
1777484005,43,31.90,14.38,159.62,48.04,159.62,22.19,34,2,1,1374.0,140,3
1777484006,45,29.59,7.21,115.00,93.79,115.00,23.99,25,6,2,1374.0,140,3
1777484007,45,30.69,5.08,135.66,76.17,135.66,23.11,30,5,1,1374.1,140,3
1777484008,44,38.08,10.58,151.87,123.42,151.87,32.79,33,6,3,1375.0,140,3
1777484009,45,23.07,11.79,40.25,33.37,40.25,6.65,29,0,0,1375.0,140,3
1777484010,45,22.93,3.42,113.71,43.04,113.71,17.52,27,1,1,1375.0,140,3
1777484011,45,25.22,6.29,58.87,49.00,58.87,10.57,31,2,0,1375.0,140,3
1777484012,43,27.85,7.21,89.37,46.96,89.37,13.24,31,1,0,1375.8,140,3
1777484013,45,31.16,10.50,141.91,111.37,141.91,26.27,30,4,3,1376.0,140,3
1777484014,44,26.15,8.38,53.25,36.71,53.25,7.95,34,1,0,1376.0,140,3
1777484015,47,63.23,9.50,211.16,169.33,211.16,55.75,32,20,16,1376.0,140,3
1777484016,44,32.89,16.37,94.50,61.62,94.50,17.16,37,6,0,1376.5,140,3
1777484017,46,55.74,7.50,276.49,146.62,276.49,54.74,35,14,11,1377.0,140,3
1777484018,46,30.54,9.17,146.41,49.33,146.41,21.81,33,2,1,1377.0,140,3
1777484019,48,76.22,8.54,201.33,169.37,201.33,49.13,39,30,13,1377.0,140,3
1777484020,43,29.89,9.79,119.08,55.21,119.08,20.94,32,3,2,1377.2,140,3
1777484021,44,22.31,10.00,54.83,44.12,54.83,9.31,27,2,0,1378.0,140,3
1777484022,43,34.36,13.67,171.83,53.37,171.83,23.19,41,3,1,1378.0,140,3
1777484023,43,27.43,7.00,92.92,52.04,92.92,17.16,31,4,0,1378.0,140,3
1777484024,44,25.62,10.96,43.92,34.50,43.92,6.85,33,0,0,1378.0,140,3
1777484025,42,26.58,8.50,85.17,41.71,85.17,12.67,28,1,0,1378.9,140,3
1777484026,45,24.52,8.83,67.25,43.79,67.25,10.54,26,1,0,1379.0,140,3
1777484027,44,29.38,11.17,90.50,67.92,90.50,16.37,32,3,0,1379.0,140,3
1777484028,42,31.17,12.62,99.33,45.54,99.33,14.48,34,2,0,1379.0,140,3
1777484029,44,30.82,10.62,49.83,43.29,49.83,7.57,41,0,0,1379.6,140,3
1777484030,42,36.99,13.12,119.29,62.21,119.29,21.58,34,5,2,1380.0,140,3
1777484031,44,30.74,13.08,62.04,47.58,62.04,10.74,36,2,0,1380.0,140,3
1777484032,43,26.19,7.12,116.66,37.67,116.66,15.80,32,2,1,1380.0,140,3
1777484033,43,28.52,14.75,78.37,40.50,78.37,10.78,34,1,0,1380.3,140,3
1777484034,42,32.87,10.62,122.66,47.42,122.66,18.69,35,2,1,1381.0,140,3
1777484035,43,30.15,10.00,76.12,51.92,76.12,11.39,38,3,0,1381.0,140,3
1777484036,43,29.13,7.50,64.08,48.08,64.08,11.52,31,2,0,1381.0,140,3
1777484037,42,31.79,9.54,170.21,52.54,170.21,24.75,30,3,1,1381.0,140,3
1777484038,43,30.14,11.17,52.75,48.79,52.75,10.28,38,2,0,1382.0,140,3
1777484039,42,34.23,12.67,89.71,54.21,89.71,15.75,34,5,0,1382.0,140,3
1777484040,42,28.59,6.67,81.54,52.75,81.54,15.12,28,4,0,1382.0,140,3
1777484041,42,30.24,9.71,88.12,54.00,88.12,15.09,32,5,0,1382.0,140,3
1777484042,42,31.93,11.08,97.79,52.37,97.79,14.84,33,5,0,1382.7,140,3
1777484043,42,27.31,10.83,52.37,48.54,52.37,10.76,30,1,0,1383.0,140,3
1777484044,42,32.12,9.42,65.12,50.54,65.12,13.12,33,4,0,1383.0,140,3
1777484045,42,25.72,9.12,51.12,48.79,51.12,11.55,23,1,0,1383.0,140,3
1777484046,42,32.11,9.46,129.41,53.37,129.41,20.37,32,3,1,1383.4,140,3
1777484047,42,51.39,12.67,908.11,53.50,908.11,134.31,32,4,1,1384.0,140,3
1777484048,43,26.92,14.04,107.33,47.08,107.33,15.18,29,1,1,1384.0,140,3
1777484049,43,31.94,12.25,113.21,70.83,113.21,17.89,35,4,1,1384.0,140,3
1777484050,40,26.61,10.38,55.46,47.79,55.46,10.45,27,1,0,1384.1,140,3
1777484051,43,27.05,8.21,56.42,46.25,56.42,11.06,30,2,0,1385.0,140,3
1777484052,41,32.97,7.04,143.08,74.87,143.08,24.02,29,5,1,1385.0,140,3
1777484053,42,30.38,9.25,131.75,89.92,131.75,24.65,24,5,2,1385.0,140,3
1777484054,42,34.03,10.08,138.37,83.25,138.37,24.61,34,4,2,1385.0,140,3
1777484055,44,26.67,9.67,53.12,48.58,53.12,11.49,28,2,0,1385.8,140,3
1777484056,42,26.80,7.62,120.87,47.83,120.87,17.26,26,2,1,1386.0,140,3
1777484057,44,28.83,7.04,86.50,52.37,86.50,15.06,31,3,0,1386.0,140,3
1777484058,42,24.85,7.96,60.21,50.92,60.21,11.30,25,3,0,1386.0,140,3
1777484059,42,34.37,11.67,157.91,53.96,157.91,24.60,34,3,2,1386.5,140,3
1777484060,42,27.03,6.79,56.25,49.50,56.25,12.80,26,2,0,1387.0,140,3
1777484061,42,31.56,10.71,116.96,56.16,116.96,18.80,31,4,1,1387.0,140,3
1777484062,41,32.62,12.42,170.21,52.87,170.21,23.74,34,3,1,1387.0,140,3
1777484063,41,33.00,14.17,94.66,62.25,94.66,16.28,32,6,0,1387.2,140,3
1777484064,43,29.95,8.46,76.62,53.16,76.62,13.49,33,4,0,1388.0,140,3
1777484065,43,27.31,8.33,97.50,48.92,97.50,14.07,29,2,0,1388.0,140,3
1777484066,43,28.69,8.25,81.54,50.25,81.54,12.57,32,3,0,1388.0,140,3
1777484067,42,29.66,6.62,92.54,49.66,92.54,15.49,29,2,0,1388.0,140,3
1777484068,42,31.45,6.88,134.79,54.37,134.79,23.97,34,4,2,1388.9,140,3
1777484069,44,26.05,9.29,51.00,48.50,51.00,10.73,32,1,0,1389.0,140,3
1777484070,43,23.60,9.83,47.16,43.37,47.16,8.21,26,0,0,1389.0,140,3
1777484071,43,29.84,8.08,57.21,52.75,57.21,12.44,30,5,0,1389.0,140,3
1777484072,42,28.85,6.79,61.75,52.50,61.75,13.52,29,3,0,1389.6,140,3
1777484073,42,28.64,9.29,184.25,45.83,184.25,25.86,28,1,1,1390.0,140,3
1777484074,43,25.84,8.29,91.50,52.29,91.50,14.18,25,3,0,1390.0,140,3
1777484075,42,28.36,6.25,94.21,55.04,94.21,15.89,29,4,0,1390.0,140,3
1777484076,42,39.83,11.58,464.82,59.21,464.82,68.89,33,3,2,1390.3,140,3
1777484077,43,32.89,9.00,161.50,64.46,161.50,25.80,29,5,1,1391.0,140,3
1777484078,41,29.23,9.00,139.79,53.21,139.79,21.56,27,4,1,1391.0,140,3
1777484079,42,30.76,8.29,82.62,54.12,82.62,14.61,30,4,0,1391.0,140,3
1777484080,43,27.53,6.92,145.46,45.67,145.46,20.29,31,2,1,1391.0,140,3
1777484081,42,23.83,9.25,46.83,37.92,46.83,8.39,25,0,0,1392.0,140,3
1777484082,43,28.14,8.92,121.71,47.21,121.71,17.80,27,1,1,1392.0,140,3
1777484083,42,25.00,7.04,48.79,44.50,48.79,10.15,26,0,0,1392.0,140,3
1777484084,42,37.92,7.17,333.87,49.42,333.87,48.56,33,2,1,1392.0,140,3
1777484085,44,27.03,7.38,112.17,49.29,112.17,17.56,28,2,1,1392.8,140,3
1777484086,42,27.67,12.42,66.83,43.96,66.83,10.49,33,1,0,1393.0,140,3
1777484087,43,31.42,11.29,103.08,96.25,103.08,21.37,31,4,2,1393.0,140,3
1777484088,42,28.52,7.96,152.29,49.46,152.29,22.17,29,2,1,1393.0,140,3
1777484089,42,31.27,12.00,53.33,52.17,53.33,12.55,34,3,0,1393.5,140,3
1777484090,43,29.01,11.79,91.79,52.58,91.79,17.34,27,6,0,1394.0,140,3
1777484091,42,28.81,9.42,91.21,50.96,91.21,14.87,27,3,0,1394.0,140,3
1777484092,42,27.82,12.17,49.96,49.00,49.96,10.70,32,0,0,1394.0,140,3
1777484093,42,25.97,8.38,57.12,46.25,57.12,11.03,26,2,0,1394.2,140,3
1777484094,43,32.14,8.79,139.33,48.17,139.33,19.81,33,1,1,1395.0,140,3
1777484095,42,31.32,7.17,111.67,55.25,111.67,19.55,31,3,1,1395.0,140,3
1777484096,42,25.26,8.42,47.75,43.29,47.75,9.57,28,0,0,1395.0,140,3
1777484097,42,33.66,7.75,130.87,59.25,130.87,23.61,29,4,2,1395.0,140,3
1777484098,42,37.45,9.62,226.41,53.12,226.41,34.01,33,4,2,1395.9,140,3
1777484099,43,26.02,9.46,82.54,49.08,82.54,13.72,26,1,0,1396.0,140,3
1777484100,43,27.07,6.58,102.92,50.29,102.92,16.72,25,3,1,1396.0,140,3
1777484101,42,25.52,9.75,53.00,44.79,53.00,10.82,26,1,0,1396.0,140,3
1777484102,42,29.38,9.88,98.21,50.67,98.21,16.44,27,3,0,1396.6,140,3
1777484103,43,25.39,7.00,97.58,44.54,97.58,14.65,25,2,0,1397.0,140,3
1777484104,42,28.32,7.54,76.12,48.87,76.12,14.32,30,1,0,1397.0,140,3
1777484105,43,28.40,10.08,89.12,58.83,89.12,16.05,29,4,0,1397.0,140,3
1777484106,42,33.44,9.17,231.33,47.87,231.33,38.08,27,2,2,1397.3,140,3
1777484107,43,38.07,8.79,334.12,86.21,334.12,50.30,30,3,2,1398.0,140,3
1777484108,42,26.14,8.54,62.66,43.67,62.66,11.27,27,2,0,1398.0,140,3
1777484109,43,29.09,8.42,102.12,51.33,102.12,16.63,27,4,1,1398.0,140,3
1777484110,41,26.72,9.12,52.04,45.87,52.04,10.68,28,1,0,1398.0,140,3
1777484111,45,27.30,8.25,102.96,47.54,102.96,15.81,29,2,1,1399.0,140,3
1777484112,42,33.78,7.21,233.58,72.29,233.58,34.77,29,4,1,1399.0,140,3
1777484113,43,26.15,10.42,52.29,44.08,52.29,9.51,28,1,0,1399.0,140,3
1777484114,44,34.93,12.71,146.16,77.17,146.16,23.64,31,5,1,1399.0,140,3
1777484115,43,26.12,9.38,53.83,44.66,53.83,9.93,30,2,0,1399.7,140,3
1777484116,42,28.82,7.50,85.83,47.29,85.83,13.67,31,2,0,1400.0,140,3
1777484117,42,29.67,6.88,126.29,49.00,126.29,20.25,30,2,1,1400.0,140,3
1777484118,43,27.45,11.50,65.12,46.71,65.12,11.45,30,2,0,1400.0,140,3
1777484119,43,26.13,8.08,53.42,48.71,53.42,10.48,29,2,0,1400.4,140,3
1777484120,41,27.26,7.88,60.21,53.33,60.21,13.24,27,3,0,1401.0,140,3
1777484121,44,31.14,10.46,186.71,46.92,186.71,27.05,30,2,1,1401.0,140,3
1777484122,42,30.43,8.96,126.08,45.71,126.08,17.48,34,1,1,1401.0,140,3
1777484123,43,31.30,10.96,97.41,57.46,97.41,17.28,31,4,0,1401.1,140,3
1777484124,43,34.01,7.12,232.54,50.71,232.54,33.02,35,3,1,1402.0,140,3
1777484125,42,24.08,6.46,48.50,47.17,48.50,10.68,24,0,0,1402.0,140,3
1777484126,43,28.17,9.29,79.29,46.50,79.29,13.22,31,1,0,1402.0,140,3
1777484127,42,29.75,10.83,84.58,52.00,84.58,15.71,27,4,0,1402.0,140,3
1777484128,43,22.99,5.96,60.12,30.67,60.12,8.62,27,1,0,1402.8,140,3
1777484129,44,21.15,9.46,36.21,29.67,36.21,6.13,20,0,0,1403.0,140,3
1777484130,43,34.04,10.33,274.70,59.00,274.70,39.12,30,3,1,1403.0,140,3
1777484131,43,24.31,6.83,58.17,48.50,58.17,11.12,27,2,0,1403.0,140,3
1777484132,41,33.02,9.38,140.16,60.08,140.16,22.30,31,4,1,1403.5,140,3
1777484133,43,29.17,7.62,103.46,52.08,103.46,17.31,33,4,1,1404.0,140,3
1777484134,44,34.14,9.42,232.25,50.54,232.25,32.11,33,4,1,1404.0,140,3
1777484135,41,31.12,8.33,166.71,51.46,166.71,24.66,29,4,1,1404.0,140,3
1777484136,44,27.36,6.58,85.71,51.00,85.71,14.23,27,3,0,1404.2,140,3
1777484137,42,29.25,9.83,81.83,52.25,81.83,14.88,28,5,0,1405.0,140,3
1777484138,43,27.80,6.92,85.12,44.37,85.12,13.40,29,2,0,1405.0,140,3
1777484139,42,26.63,13.75,52.71,48.46,52.71,10.86,28,2,0,1405.0,140,3
1777484140,43,28.29,8.50,90.37,50.04,90.37,15.78,28,3,0,1405.0,140,3
1777484141,42,26.17,13.54,109.79,41.42,109.79,15.62,25,2,1,1405.9,140,3
1777484142,42,31.03,11.67,81.96,57.25,81.96,16.75,28,7,0,1406.0,140,3
1777484143,43,28.43,11.87,86.17,50.00,86.17,13.53,30,2,0,1406.0,140,3
1777484144,43,30.34,8.67,138.46,56.92,138.46,23.30,29,5,2,1406.0,140,3
1777484145,42,29.89,6.96,125.58,67.50,125.58,19.77,31,3,1,1406.6,140,3
1777484146,43,24.96,9.12,48.66,46.21,48.66,9.98,26,0,0,1407.0,140,3
1777484147,42,28.35,7.58,64.83,51.21,64.83,12.22,32,3,0,1407.0,140,3
1777484148,43,27.19,6.88,93.25,47.46,93.25,14.47,30,1,0,1407.0,140,3
1777484149,42,30.07,10.25,215.83,45.54,215.83,31.94,28,2,1,1407.3,140,3
1777484150,43,32.66,7.71,158.54,92.25,158.54,26.27,30,4,1,1408.0,140,3
1777484151,43,27.72,7.46,87.96,49.46,87.96,14.60,27,2,0,1408.0,140,3
1777484152,42,29.44,8.92,69.08,46.62,69.08,12.95,32,2,0,1408.0,140,3
1777484153,42,25.64,10.54,48.46,45.96,48.46,10.27,26,0,0,1408.0,140,3
1777484154,43,27.51,8.46,99.04,49.00,99.04,15.96,26,2,0,1409.0,140,3
1777484155,42,26.31,8.54,111.16,49.50,111.16,17.32,22,1,1,1409.0,140,3
1777484156,42,27.04,9.58,93.92,50.41,93.92,15.22,24,3,0,1409.0,140,3
1777484157,42,27.80,7.83,48.29,47.62,48.29,10.34,34,0,0,1409.0,140,3
1777484158,42,25.84,8.17,56.00,46.79,56.00,9.93,34,1,0,1409.7,140,3
1777484159,42,27.13,10.08,76.25,47.08,76.25,12.91,29,1,0,1410.0,140,3
1777484160,43,28.95,7.92,50.75,48.75,50.75,11.67,32,2,0,1410.0,140,3
1777484161,42,24.31,7.92,50.50,42.79,50.50,9.33,25,1,0,1410.0,140,3
1777484162,42,31.11,11.04,62.71,47.37,62.71,10.22,35,1,0,1410.5,140,3
1777484163,42,27.82,7.12,51.58,48.87,51.58,11.57,29,1,0,1411.0,140,3
1777484164,42,30.90,9.29,154.33,48.33,154.33,23.73,30,2,1,1411.0,140,3
1777484165,41,26.05,6.38,101.37,38.75,101.37,15.19,25,2,1,1411.0,140,3
1777484166,42,32.40,9.33,262.12,49.79,262.12,37.55,30,2,1,1411.1,140,3
1777484167,42,30.35,8.08,64.04,52.54,64.04,12.63,33,3,0,1412.0,140,3
1777484168,43,25.66,6.92,51.25,47.96,51.25,10.54,27,2,0,1412.0,140,3
1777484169,42,37.44,7.00,188.58,126.04,188.58,35.21,28,8,3,1412.0,140,3
1777484170,42,31.18,10.83,54.79,52.25,54.79,12.47,34,3,0,1412.0,140,3
1777484171,41,27.41,7.87,106.00,48.83,106.00,15.70,28,2,1,1412.9,140,3
1777484172,42,32.04,8.71,94.25,51.12,94.25,16.38,32,3,0,1413.0,140,3
1777484173,43,26.06,7.58,96.00,47.12,96.00,14.11,26,2,0,1413.0,140,3
1777484174,43,33.35,8.87,132.04,54.87,132.04,24.57,32,4,2,1413.0,140,3
1777484175,42,31.75,8.17,87.67,49.79,87.67,14.84,31,2,0,1413.5,140,3
1777484176,42,34.36,8.00,246.66,74.37,246.66,36.96,32,3,2,1414.0,140,3
1777484177,43,28.80,7.17,61.00,50.33,61.00,12.62,31,3,0,1414.0,140,3
1777484178,42,28.64,10.12,53.50,47.29,53.50,11.60,30,1,0,1414.0,140,3
1777484179,43,30.11,10.58,125.33,46.96,125.33,17.71,32,1,1,1414.3,140,3
1777484180,42,29.95,9.04,111.50,54.00,111.50,17.55,30,5,1,1415.0,140,3
1777484181,43,32.91,7.08,207.83,56.50,207.83,37.39,30,4,2,1415.0,140,3
1777484182,42,33.03,9.46,139.04,54.87,139.04,20.33,33,3,1,1415.0,140,3
1777484183,42,29.13,7.50,105.79,49.87,105.79,17.18,28,2,1,1415.0,140,3
1777484184,42,32.11,13.38,95.79,52.50,95.79,16.90,30,4,0,1416.0,140,3
1777484185,43,26.53,10.00,50.83,47.83,50.83,10.49,26,1,0,1416.0,140,3
1777484186,42,25.58,8.67,50.08,42.04,50.08,8.61,29,1,0,1416.0,140,3
1777484187,42,28.97,8.92,96.42,49.91,96.42,14.42,33,2,0,1416.0,140,3
1777484188,42,28.37,8.00,57.96,51.00,57.96,13.29,25,6,0,1416.7,140,3
1777484189,42,26.66,11.04,90.50,56.29,90.50,16.35,21,4,0,1417.0,140,3
1777484190,43,29.34,11.79,56.29,50.12,56.29,12.16,29,3,0,1417.0,140,3
1777484191,42,25.89,8.50,54.92,41.83,54.92,9.29,32,1,0,1417.0,140,3
1777484192,42,32.38,6.92,103.00,58.54,103.00,18.33,32,6,1,1417.4,140,3
1777484193,43,26.75,11.00,77.71,42.62,77.71,13.05,28,2,0,1418.0,140,3
1777484194,42,34.83,7.00,224.83,56.29,224.83,35.41,28,7,2,1418.0,140,3
1777484195,43,34.38,9.79,146.41,90.25,146.41,26.63,29,4,2,1418.0,140,3
1777484196,42,25.92,9.33,51.04,47.29,51.04,10.89,26,1,0,1418.1,140,3
1777484197,43,35.16,12.62,170.04,86.37,170.04,27.80,33,5,2,1419.0,140,3
1777484198,42,23.94,8.12,49.16,42.25,49.16,10.10,24,0,0,1419.0,140,3
1777484199,43,28.60,8.00,102.33,44.83,102.33,15.28,27,1,1,1419.0,140,3
1777484200,42,33.64,14.62,109.37,81.21,109.37,19.51,32,4,1,1419.0,140,3
1777484201,43,26.54,6.83,88.71,73.37,88.71,17.19,25,3,0,1419.8,140,3
1777484202,42,29.11,11.25,45.62,44.12,45.62,9.43,34,0,0,1420.0,140,3
1777484203,43,25.19,7.33,58.37,46.62,58.37,12.25,25,1,0,1420.0,140,3
1777484204,43,27.63,10.50,51.71,49.46,51.71,11.55,32,2,0,1420.0,140,3
1777484205,42,27.26,7.79,75.08,47.58,75.08,13.28,27,2,0,1420.5,140,3
1777484206,42,28.34,6.92,157.75,47.46,157.75,22.37,27,2,1,1421.0,140,3
1777484207,42,31.50,7.42,128.50,55.42,128.50,23.96,30,3,2,1421.0,140,3
1777484208,42,25.84,7.75,53.58,46.50,53.58,11.00,27,1,0,1421.0,140,3
1777484209,42,26.06,13.25,49.62,45.83,49.62,10.01,25,0,0,1421.2,140,3
1777484210,43,108.96,9.21,2916.32,49.75,2916.32,443.93,27,2,2,1422.0,140,3
1777484211,42,30.50,7.17,109.21,54.21,109.21,17.10,33,3,1,1422.0,140,3
1777484212,43,32.01,10.21,64.25,52.37,64.25,12.47,36,4,0,1422.0,140,3
1777484213,42,33.40,9.71,202.37,88.08,202.37,31.68,30,3,1,1422.0,140,3
1777484214,42,32.93,12.37,197.20,49.33,197.20,30.13,33,2,2,1422.9,140,3
1777484215,42,29.53,13.17,63.33,47.33,63.33,12.18,30,2,0,1423.0,140,3
1777484216,42,40.38,10.00,599.78,51.96,599.78,88.09,26,3,1,1423.0,140,3
1777484217,42,31.46,12.96,87.21,68.87,87.21,17.53,29,5,0,1423.0,140,3
1777484218,41,29.93,6.71,97.79,50.12,97.79,16.50,29,3,0,1423.6,140,3
1777484219,43,31.49,6.67,197.66,47.46,197.66,27.52,31,1,1,1424.0,140,3
1777484220,42,33.44,11.29,125.29,66.08,125.29,20.18,34,3,1,1424.0,140,3
1777484221,42,25.58,8.33,57.12,46.71,57.12,10.95,29,2,0,1424.0,140,3
1777484222,42,30.63,9.17,121.21,54.33,121.21,18.58,30,3,1,1424.3,140,3
1777484223,42,28.93,8.71,183.58,46.12,183.58,26.09,26,1,1,1425.0,140,3
1777484224,43,29.88,8.12,152.04,52.25,152.04,22.23,32,3,1,1425.0,140,3
1777484225,43,26.18,7.25,61.00,42.12,61.00,10.78,28,1,0,1425.0,140,3
1777484226,42,30.93,13.08,78.08,49.08,78.08,12.23,35,2,0,1425.0,140,3
1777484227,43,28.05,8.04,67.00,48.37,67.00,12.99,30,1,0,1426.0,140,3
1777484228,42,29.73,11.58,115.58,45.46,115.58,16.68,31,1,1,1426.0,140,3
1777484229,43,25.99,7.21,108.58,55.58,108.58,20.23,21,3,2,1426.0,140,3
1777484230,43,33.20,7.96,121.83,60.50,121.83,19.69,30,6,1,1426.0,140,3
1777484231,43,28.78,9.29,134.79,78.67,134.79,21.81,28,3,1,1426.7,140,3
1777484232,42,36.02,7.29,140.12,81.71,140.12,24.14,32,7,1,1427.0,140,3
1777484233,42,29.32,7.88,105.71,63.25,105.71,19.26,27,3,1,1427.0,140,3
1777484234,41,30.03,8.21,165.12,43.92,165.12,23.38,31,1,1,1427.0,140,3
1777484235,43,26.48,12.54,60.41,45.42,60.41,11.23,29,2,0,1427.4,140,3
1777484236,42,33.33,6.08,169.50,76.79,169.50,27.15,31,4,1,1428.0,140,3
1777484237,43,32.62,12.83,134.33,58.21,134.33,21.01,33,6,1,1428.0,140,3
1777484238,41,29.27,6.46,138.16,53.33,138.16,22.70,24,3,1,1428.0,140,3
1777484239,41,26.75,10.21,119.46,49.12,119.46,18.35,22,2,1,1428.1,140,3
1777484240,45,27.31,6.46,70.96,45.50,70.96,12.05,32,1,0,1429.0,140,3
1777484241,42,26.87,8.58,103.33,40.17,103.33,15.05,29,2,1,1429.0,140,3
1777484242,42,29.33,9.29,56.00,47.50,56.00,11.03,35,2,0,1429.0,140,3
1777484243,43,28.80,10.83,84.08,48.96,84.08,13.79,27,1,0,1429.0,140,3
1777484244,42,27.47,9.79,72.79,61.41,72.79,13.15,30,3,0,1429.9,140,3
1777484245,42,27.85,8.75,81.50,48.75,81.50,14.49,25,2,0,1430.0,140,3
1777484246,42,30.36,7.00,144.83,51.37,144.83,23.03,26,5,1,1430.0,140,3
1777484247,41,29.48,7.46,54.71,48.96,54.71,12.06,32,1,0,1430.0,140,3
1777484248,43,26.57,7.33,59.21,48.79,59.21,10.76,32,1,0,1430.6,140,3
1777484249,42,28.76,8.29,81.54,53.75,81.54,14.52,29,3,0,1431.0,140,3
1777484250,43,31.85,9.46,131.33,57.92,131.33,21.22,32,4,1,1431.0,140,3
1777484251,43,25.71,10.79,87.08,42.21,87.08,12.78,27,2,0,1431.0,140,3
1777484252,42,32.72,6.79,87.83,69.33,87.83,16.94,34,5,0,1431.2,140,3
1777484253,42,25.53,11.00,51.33,42.58,51.33,8.94,29,1,0,1432.0,140,3
1777484254,42,29.06,11.38,85.46,52.50,85.46,13.41,32,3,0,1432.0,140,3
1777484255,42,30.14,15.17,51.54,48.42,51.54,10.96,29,1,0,1432.0,140,3
1777484256,42,26.33,10.62,70.46,47.46,70.46,11.93,28,1,0,1432.0,140,3
1777484257,42,31.68,8.00,90.58,68.08,90.58,18.75,30,5,0,1433.0,140,3
1777484258,42,25.78,8.62,51.25,43.29,51.25,9.30,31,1,0,1433.0,140,3
1777484259,42,26.41,7.62,51.25,43.96,51.25,10.78,27,1,0,1433.0,140,3
1777484260,44,27.78,13.25,54.00,49.04,54.00,9.89,33,2,0,1433.0,140,3
1777484261,43,26.92,6.42,50.37,48.50,50.37,10.54,31,1,0,1433.7,140,3
1777484262,41,32.32,7.50,140.66,54.96,140.66,22.29,32,5,1,1434.0,140,3
1777484263,43,28.31,7.71,133.71,51.75,133.71,19.40,27,3,1,1434.0,140,3
1777484264,44,28.06,10.33,63.96,49.42,63.96,11.28,33,2,0,1434.0,140,3
1777484265,42,28.50,12.62,50.96,47.50,50.96,10.89,32,1,0,1434.4,140,3
1777484266,43,26.77,7.33,132.41,43.83,132.41,18.38,27,2,1,1435.0,140,3
1777484267,43,24.83,9.46,52.96,40.08,52.96,9.16,26,1,0,1435.0,140,3
1777484268,42,29.88,7.46,160.66,52.71,160.66,23.38,28,4,1,1435.0,140,3
1777484269,42,27.73,7.92,62.37,50.33,62.37,11.71,29,3,0,1435.1,140,3
1777484270,42,30.71,7.75,105.79,52.08,105.79,16.20,31,4,1,1436.0,140,3
1777484271,43,31.82,10.33,324.12,44.54,324.12,46.53,26,2,1,1436.0,140,3
1777484272,42,35.97,7.71,264.79,70.58,264.79,38.47,31,4,1,1436.0,140,3
1777484273,42,26.60,9.38,50.50,47.58,50.50,9.97,30,1,0,1436.0,140,3
1777484274,42,30.00,9.83,91.92,56.33,91.92,17.40,31,3,0,1436.8,140,3
1777484275,42,28.75,8.12,91.50,50.92,91.50,16.13,29,3,0,1437.0,140,3
1777484276,43,26.92,10.38,50.75,48.83,50.75,9.22,33,1,0,1437.0,140,3
1777484277,42,35.46,11.08,319.04,53.71,319.04,46.30,31,4,1,1437.0,140,3
1777484278,43,30.80,10.79,109.50,47.79,109.50,15.88,35,2,1,1437.5,140,3
1777484279,42,27.31,9.75,48.92,47.92,48.92,10.86,28,0,0,1438.0,140,3
1777484280,42,33.18,11.12,107.25,51.08,107.25,18.55,32,3,1,1438.0,140,3
1777484281,41,29.69,8.12,111.75,73.42,111.75,21.31,24,4,2,1438.0,140,3
1777484282,42,28.34,8.75,57.25,54.08,57.25,13.74,26,3,0,1438.2,140,3
1777484283,42,25.16,7.67,51.04,49.54,51.04,11.10,28,2,0,1439.0,140,3
1777484284,42,27.18,8.38,55.37,51.83,55.37,11.28,32,3,0,1439.0,140,3
1777484285,42,35.94,11.17,180.00,91.25,180.00,30.43,34,5,2,1439.0,140,3
1777484286,42,27.16,8.29,50.25,42.37,50.25,9.94,29,1,0,1439.0,140,3
1777484287,42,33.14,9.33,169.83,66.17,169.83,27.04,30,4,2,1439.9,140,3
1777484288,42,30.44,7.50,117.79,52.79,117.79,18.56,30,3,1,1440.0,140,3
1777484289,42,30.96,9.50,171.66,47.54,171.66,24.93,30,2,1,1440.0,140,3
1777484290,42,40.69,11.88,192.00,90.62,192.00,34.82,35,5,2,1440.0,140,3
1777484291,43,28.95,8.17,88.33,55.04,88.33,15.09,28,4,0,1440.6,140,3
1777484292,42,31.88,12.96,149.62,50.37,149.62,21.92,31,3,1,1441.0,140,3
1777484293,42,27.44,7.67,100.25,50.96,100.25,16.00,27,3,1,1441.0,140,3
1777484294,43,30.20,9.71,151.91,51.67,151.91,22.08,29,4,1,1441.0,140,3
1777484295,43,26.17,10.38,49.79,49.29,49.79,9.64,31,0,0,1441.3,140,3
1777484296,43,22.83,11.71,62.04,29.54,62.04,7.96,24,1,0,1442.0,140,3
1777484297,43,25.49,7.71,66.08,42.50,66.08,10.99,29,2,0,1442.0,140,3
1777484298,42,28.46,10.46,50.46,42.62,50.46,9.66,32,1,0,1442.0,140,3
1777484299,42,25.19,10.12,48.96,37.29,48.96,8.36,28,0,0,1442.0,140,3
1777484300,43,37.31,8.79,195.21,54.66,195.21,34.92,33,4,2,1443.0,140,3
1777484301,43,30.09,8.25,180.58,47.92,180.58,25.41,29,2,1,1443.0,140,3
1777484302,42,29.63,13.12,57.42,46.25,57.42,10.70,32,2,0,1443.0,140,3
1777484303,42,29.00,6.79,78.62,53.04,78.62,13.65,33,4,0,1443.0,140,3
1777484304,42,26.31,9.25,67.62,51.42,67.62,11.44,28,3,0,1443.7,140,3
1777484305,42,31.78,11.25,180.91,47.16,180.91,25.48,31,2,1,1444.0,140,3
1777484306,43,23.81,7.00,56.79,37.38,56.79,9.78,25,2,0,1444.0,140,3
1777484307,43,29.11,6.62,80.58,49.12,80.58,12.43,34,1,0,1444.0,140,3
1777484308,42,33.37,8.46,145.04,53.87,145.04,21.15,35,3,1,1444.4,140,3
1777484309,43,36.04,8.42,521.28,51.62,521.28,76.10,25,3,1,1445.0,140,3
1777484310,43,29.82,13.25,52.21,50.92,52.21,11.36,31,3,0,1445.0,140,3
1777484311,42,28.88,7.83,82.54,48.42,82.54,14.14,31,2,0,1445.0,140,3
1777484312,41,30.66,9.50,95.91,67.50,95.91,18.85,28,5,0,1445.1,140,3
1777484313,42,30.80,11.79,90.71,53.29,90.71,14.43,32,5,0,1446.0,140,3
1777484314,43,27.19,6.75,48.21,46.71,48.21,9.58,33,0,0,1446.0,140,3
1777484315,42,29.49,7.46,62.04,50.12,62.04,13.02,29,3,0,1446.0,140,3
1777484316,41,26.72,8.29,60.37,48.12,60.37,11.84,29,1,0,1446.0,140,3
1777484317,44,38.15,6.79,472.62,60.83,472.62,67.84,28,3,1,1446.8,140,3
1777484318,43,29.77,8.29,83.67,49.96,83.67,14.72,32,2,0,1447.0,140,3
1777484319,43,27.53,14.33,83.29,54.75,83.29,13.65,30,4,0,1447.0,140,3
1777484320,42,30.51,7.50,78.04,48.54,78.04,13.64,31,2,0,1447.0,140,3
1777484321,43,27.71,10.96,70.17,52.08,70.17,13.87,26,4,0,1447.5,140,3
1777484322,42,30.11,9.79,164.21,48.29,164.21,23.41,28,1,1,1448.0,140,3
1777484323,42,26.92,14.46,56.79,41.33,56.79,9.08,29,1,0,1448.0,140,3
1777484324,42,28.37,11.58,53.50,50.37,53.50,11.62,29,4,0,1448.0,140,3
1777484325,42,28.15,8.21,51.83,50.91,51.83,12.38,28,4,0,1448.2,140,3
1777484326,41,27.63,14.96,84.12,46.38,84.12,12.43,30,2,0,1449.0,140,3
1777484327,42,28.78,11.21,57.37,48.21,57.37,10.97,33,2,0,1449.0,140,3
1777484328,42,29.21,8.21,69.46,51.04,69.46,13.57,31,3,0,1449.0,140,3
1777484329,41,27.43,11.71,82.79,52.67,82.79,14.75,27,3,0,1449.0,140,3
1777484330,42,28.77,11.33,75.00,47.75,75.00,12.25,33,1,0,1449.9,140,3
1777484331,42,29.23,11.12,85.54,49.67,85.54,13.89,28,2,0,1450.0,140,3
1777484332,39,36.05,10.12,164.37,100.04,164.37,27.87,31,6,2,1450.0,140,3
1777484333,38,28.75,9.58,71.71,54.50,71.71,13.80,26,3,0,1450.0,140,3
1777484334,37,33.95,12.21,156.25,52.17,156.25,22.98,29,2,1,1450.6,140,3
1777484335,37,35.00,9.83,189.21,100.71,189.21,30.38,29,3,2,1451.0,140,3
1777484336,37,30.06,14.33,71.67,56.83,71.67,13.82,26,4,0,1451.0,140,3
1777484337,36,35.07,8.25,129.08,113.83,129.08,26.42,29,6,2,1451.0,140,3
1777484338,38,30.65,9.25,55.75,49.67,55.75,12.43,30,1,0,1451.4,140,3
1777484339,40,28.66,8.50,59.33,56.58,59.33,12.49,28,4,0,1452.0,140,3
1777484340,38,39.96,7.12,403.12,50.75,403.12,61.03,27,2,1,1452.0,140,3
1777484341,40,30.17,13.04,120.12,46.79,120.12,17.24,29,1,1,1452.0,140,3
1777484342,39,37.26,10.33,152.25,65.75,152.25,22.76,32,7,1,1452.1,140,3
1777484343,38,34.39,9.67,147.21,145.25,147.21,28.28,30,2,2,1453.0,140,3
1777484344,40,28.20,8.33,89.42,50.21,89.42,13.40,29,2,0,1453.0,140,3
1777484345,39,28.40,7.62,58.21,49.54,58.21,11.61,27,1,0,1453.0,140,3
1777484346,39,32.76,12.00,150.79,110.21,150.79,25.11,30,3,2,1453.0,140,3
1777484347,38,31.91,11.50,123.70,88.87,123.70,21.21,27,4,1,1453.8,140,3
1777484348,38,29.61,9.29,74.92,51.83,74.92,13.40,28,4,0,1454.0,140,3
1777484349,38,25.33,8.62,71.25,49.29,71.25,11.45,28,1,0,1454.0,140,3
1777484350,38,32.44,7.75,72.42,56.58,72.42,12.75,32,4,0,1454.0,140,3
1777484351,39,26.14,13.37,50.46,47.58,50.46,9.17,28,1,0,1454.5,140,3
1777484352,38,33.25,10.58,123.00,79.71,123.00,19.35,30,3,1,1455.0,140,3
1777484353,39,36.97,11.46,192.66,168.21,192.66,36.22,28,6,2,1455.0,140,3
1777484354,39,31.59,13.83,55.50,54.33,55.50,11.61,30,2,0,1455.0,140,3
1777484355,39,35.04,14.75,124.96,67.29,124.96,19.46,32,6,1,1455.2,140,3
1777484356,39,34.02,9.83,103.25,94.46,103.25,22.72,27,5,1,1456.0,140,3
1777484357,40,36.35,12.17,176.87,122.04,176.87,31.88,30,5,2,1456.0,140,3
1777484358,38,28.24,11.92,55.04,46.25,55.04,9.93,31,1,0,1456.0,140,3
1777484359,39,31.22,8.92,117.50,77.37,117.50,18.58,33,3,1,1456.0,140,3
1777484360,39,37.23,7.50,155.21,91.62,155.21,25.45,30,8,1,1456.9,140,3
1777484361,37,25.92,6.54,52.83,48.46,52.83,11.02,24,1,0,1457.0,140,3
1777484362,37,33.14,8.08,141.33,67.92,141.33,21.58,31,2,1,1457.0,140,3
1777484363,37,33.99,7.12,158.12,63.79,158.12,24.52,27,5,1,1457.0,140,3
1777484364,39,36.66,8.21,372.49,60.71,372.49,55.61,29,3,1,1457.6,140,3
1777484365,39,32.75,6.75,150.41,89.42,150.41,24.08,28,5,1,1458.0,140,3
1777484366,39,31.89,7.29,91.00,82.71,91.00,17.55,30,4,0,1458.0,140,3
1777484367,39,33.08,9.42,129.04,67.33,129.04,21.05,30,7,1,1458.0,140,3
1777484368,39,27.09,6.33,54.54,50.17,54.54,11.58,28,2,0,1458.3,140,3
1777484369,38,31.62,10.92,256.91,47.79,256.91,38.06,26,1,1,1459.0,140,3
1777484370,40,35.63,12.87,285.25,72.37,285.25,41.86,31,4,1,1459.0,140,3
1777484371,37,32.40,9.58,141.79,61.87,141.79,22.11,26,5,1,1459.0,140,3
1777484372,38,39.34,9.04,259.95,124.00,259.95,42.56,28,5,2,1459.0,140,3
1777484373,38,25.92,7.33,87.87,65.92,87.87,15.47,24,3,0,1460.0,140,3
1777484374,38,27.81,7.54,54.12,51.29,54.12,10.84,26,2,0,1460.0,140,3
1777484375,38,31.88,11.29,100.25,53.00,100.25,16.29,28,5,1,1460.0,140,3
1777484376,39,34.15,6.88,123.66,90.62,123.66,25.51,26,6,1,1460.0,140,3
1777484377,39,30.33,11.04,98.12,62.96,98.12,16.18,28,3,0,1460.7,140,3
1777484378,38,29.22,7.67,74.25,53.75,74.25,12.01,30,2,0,1461.0,140,3
1777484379,38,31.01,9.79,78.37,71.46,78.37,15.23,30,3,0,1461.0,140,3
1777484380,39,28.17,8.96,79.79,55.00,79.79,13.74,29,2,0,1461.0,140,3
1777484381,38,38.57,7.17,344.24,162.58,344.24,55.80,25,3,2,1461.4,140,3
1777484382,37,43.70,13.75,409.28,86.25,409.28,62.70,28,4,1,1462.0,140,3
1777484383,38,37.11,9.08,123.87,95.92,123.87,21.23,32,4,1,1462.0,140,3
1777484384,39,35.06,15.00,94.67,83.62,94.67,16.26,34,4,0,1462.0,140,3
1777484385,39,32.17,12.08,94.67,70.58,94.67,16.41,29,4,0,1462.1,140,3
1777484386,39,38.02,7.79,119.91,113.41,119.91,23.75,35,4,2,1463.0,140,3
1777484387,38,39.45,17.12,156.16,95.46,156.16,24.92,35,5,1,1463.0,140,3
1777484388,40,28.76,11.46,56.33,48.96,56.33,10.59,30,1,0,1463.0,140,3
1777484389,39,29.53,12.25,86.79,50.50,86.79,13.16,30,2,0,1463.0,140,3
1777484390,37,34.56,9.21,121.00,84.21,121.00,21.27,25,4,1,1463.8,140,3
1777484391,39,26.41,4.62,59.04,44.87,59.04,9.87,29,1,0,1464.0,140,3
1777484392,39,33.27,12.17,135.62,110.21,135.62,24.27,31,4,2,1464.0,140,3
1777484393,38,26.77,10.75,68.37,54.04,68.37,13.05,23,2,0,1464.0,140,3
1777484394,36,34.29,8.75,148.58,74.21,148.58,24.48,29,6,1,1464.5,140,3
1777484395,36,40.11,10.67,194.91,98.21,194.91,31.86,30,7,1,1465.0,140,3
1777484396,38,33.31,10.42,265.25,51.17,265.25,39.56,27,3,1,1465.0,140,3
1777484397,37,31.57,10.04,142.62,103.00,142.62,26.75,23,4,2,1465.0,140,3
1777484398,39,29.48,9.38,99.04,49.25,99.04,16.71,25,1,0,1465.2,140,3
1777484399,38,27.61,6.54,97.54,65.08,97.54,17.18,21,3,0,1466.0,140,3
1777484400,38,29.74,14.29,81.17,49.75,81.17,12.27,31,1,0,1466.0,140,3
1777484401,38,93.33,7.67,2474.37,55.54,2474.37,391.65,27,6,1,1466.0,140,3
1777484402,38,28.74,8.71,54.71,49.33,54.71,12.04,27,1,0,1466.0,140,3
1777484403,38,43.23,10.83,223.62,196.29,223.62,50.51,26,5,4,1466.9,140,3
1777484404,38,34.67,6.62,265.49,66.00,265.49,39.87,30,4,1,1467.0,140,3
1777484405,38,35.80,9.25,144.16,110.96,144.16,25.29,31,4,2,1467.0,140,3
1777484406,38,35.80,12.38,192.16,176.08,192.16,36.36,29,5,2,1467.0,140,3
1777484407,37,27.79,12.62,50.37,45.79,50.37,8.82,31,1,0,1467.6,140,3
1777484408,40,34.09,3.71,182.21,89.46,182.21,30.06,27,5,1,1468.0,140,3
1777484409,39,27.86,7.17,147.46,54.21,147.46,21.99,24,2,1,1468.0,140,3
1777484410,39,30.16,10.29,70.46,50.21,70.46,11.57,30,2,0,1468.0,140,3
1777484411,39,29.19,10.17,118.42,53.12,118.42,18.05,27,2,1,1468.3,140,3
1777484412,38,36.15,10.29,262.04,63.87,262.04,39.70,26,5,1,1469.0,140,3
1777484413,38,28.87,13.58,123.21,45.21,123.21,17.24,30,1,1,1469.0,140,3
1777484414,37,34.27,7.71,312.62,75.33,312.62,48.00,27,2,1,1469.0,140,3
1777484415,38,37.66,8.79,189.71,121.21,189.71,32.65,29,7,2,1469.1,140,3
1777484416,38,28.32,8.67,55.41,53.37,55.41,11.24,27,2,0,1470.0,140,3
1777484417,37,30.96,7.96,131.33,93.08,131.33,23.27,26,5,1,1470.0,140,3
1777484418,42,31.23,9.92,168.41,46.08,168.41,23.49,36,2,1,1470.0,140,3
1777484419,44,27.90,12.46,75.00,71.46,75.00,14.88,28,4,0,1470.0,140,3
1777484420,43,22.68,8.62,40.04,32.58,40.04,6.41,26,0,0,1470.7,140,3
1777484421,42,23.23,11.92,83.75,38.54,83.75,12.04,22,1,0,1471.0,140,3
1777484422,42,38.44,11.12,440.91,58.75,440.91,64.01,31,4,1,1471.0,140,3
1777484423,42,22.71,13.79,51.87,39.29,51.87,7.97,24,1,0,1471.0,140,3
1777484424,43,24.13,10.04,94.33,40.67,94.33,13.16,22,1,0,1471.5,140,3
1777484425,42,31.06,9.83,117.25,76.37,117.25,20.43,33,3,1,1472.0,140,3
1777484426,44,59.11,7.96,1530.22,74.87,1530.22,225.19,19,3,2,1472.0,140,3
1777484427,44,22.12,8.92,52.58,30.71,52.58,7.53,23,1,0,1472.0,140,3
1777484428,42,23.42,9.00,46.21,34.88,46.21,7.85,29,0,0,1472.1,140,3
1777484429,44,27.83,10.83,92.67,53.67,92.67,14.83,30,3,0,1473.0,140,3
1777484430,44,23.86,8.79,92.46,36.67,92.46,12.39,24,1,0,1473.0,140,3
1777484431,42,26.12,11.29,64.21,40.54,64.21,9.49,27,1,0,1473.0,140,3
1777484432,43,24.19,10.08,37.71,34.96,37.71,6.36,27,0,0,1473.0,140,3
1777484433,43,28.91,14.25,79.29,49.87,79.29,12.63,30,2,0,1473.9,140,3
1777484434,43,25.24,8.00,112.33,41.67,112.33,15.07,28,1,1,1474.0,140,3
1777484435,43,30.71,8.29,147.66,100.71,147.66,26.77,25,5,3,1474.0,140,3
1777484436,42,29.49,11.29,152.54,42.67,152.54,20.98,33,2,1,1474.0,140,3
1777484437,43,26.57,11.96,97.29,45.71,97.29,14.94,24,1,0,1474.6,140,3
1777484438,42,26.72,7.21,120.04,56.04,120.04,18.06,27,3,1,1475.0,140,3
1777484439,43,25.13,9.21,96.50,36.00,96.50,13.07,25,1,0,1475.0,140,3
1777484440,43,25.57,8.62,60.08,52.29,60.08,10.80,26,3,0,1475.0,140,3
1777484441,42,23.05,7.67,53.37,43.04,53.37,9.67,20,1,0,1475.3,140,3
1777484442,43,27.21,9.46,91.12,42.92,91.12,12.81,30,1,0,1476.0,140,3
1777484443,43,30.74,8.92,234.83,49.04,234.83,32.89,29,2,1,1476.0,140,3
1777484444,43,25.81,8.62,53.00,45.79,53.00,9.64,30,1,0,1476.0,140,3
1777484445,42,25.78,9.25,45.92,41.62,45.92,9.86,28,0,0,1476.0,140,3
1777484446,43,26.44,7.58,139.08,42.04,139.08,18.81,31,1,1,1477.0,140,3
1777484447,42,27.67,13.25,121.87,52.50,121.87,19.84,23,3,1,1477.0,140,3
1777484448,43,29.54,8.50,147.54,47.96,147.54,20.73,31,2,1,1477.0,140,3
1777484449,43,26.93,9.96,62.91,49.37,62.91,10.43,32,2,0,1477.0,140,3
1777484450,42,25.92,12.83,91.17,45.00,91.17,12.96,26,2,0,1477.7,140,3
1777484451,42,27.31,10.33,53.66,43.08,53.66,9.94,30,1,0,1478.0,140,3
1777484452,42,27.15,9.75,204.91,35.54,204.91,28.69,25,1,1,1478.0,140,3
1777484453,44,29.05,8.96,107.04,52.83,107.04,18.58,26,4,1,1478.0,140,3
1777484454,42,26.15,15.92,87.75,46.58,87.75,14.58,27,2,0,1478.4,140,3
1777484455,44,25.02,9.12,87.71,67.75,87.71,15.25,22,3,0,1479.0,140,3
1777484456,43,26.98,10.04,137.71,72.79,137.71,22.80,25,3,2,1479.0,140,3
1777484457,43,47.83,12.88,1041.27,32.58,1041.27,153.53,30,2,1,1479.0,140,3
1777484458,43,23.55,7.83,110.83,35.12,110.83,15.58,22,2,1,1479.1,140,3
1777484459,44,26.03,8.33,92.67,44.79,92.67,14.87,27,2,0,1480.0,140,3
1777484460,42,23.26,9.08,67.75,35.00,67.75,9.18,23,1,0,1480.0,140,3
1777484461,42,26.93,8.04,59.25,47.42,59.25,10.99,30,1,0,1480.0,140,3
1777484462,43,24.54,9.62,48.29,41.62,48.29,9.27,27,0,0,1480.0,140,3
1777484463,42,24.83,10.50,146.54,33.00,146.54,20.03,24,1,1,1480.8,140,3
1777484464,42,26.46,14.96,72.67,39.25,72.67,9.02,35,1,0,1481.0,140,3
1777484465,43,23.52,10.00,48.00,33.58,48.00,7.69,29,0,0,1481.0,140,3
1777484466,41,23.60,8.38,42.50,36.96,42.50,7.38,28,0,0,1481.0,140,3
1777484467,44,25.55,12.79,109.50,42.37,109.50,15.02,26,2,1,1481.5,140,3
1777484468,42,28.90,8.75,144.54,50.50,144.54,20.64,30,3,1,1482.0,140,3
1777484469,43,26.63,9.38,124.21,41.12,124.21,17.17,27,2,1,1482.0,140,3
1777484470,43,25.79,9.46,48.50,45.25,48.50,9.43,29,0,0,1482.0,140,3
1777484471,42,22.78,7.88,61.17,35.17,61.17,9.88,21,2,0,1482.2,140,3
1777484472,41,27.03,13.83,114.17,50.67,114.17,16.43,25,3,1,1483.0,140,3
1777484473,43,28.08,7.83,164.66,40.83,164.66,22.43,31,1,1,1483.0,140,3
1777484474,43,28.56,12.00,106.75,61.29,106.75,16.84,28,3,1,1483.0,140,3
1777484475,42,25.96,9.04,66.08,45.87,66.08,11.96,25,1,0,1483.0,140,3
1777484476,43,64.20,12.42,1721.88,48.25,1721.88,255.98,25,2,1,1483.9,140,3
1777484477,43,27.77,7.71,71.08,47.71,71.08,11.45,36,2,0,1484.0,140,3
1777484478,43,23.80,9.83,75.92,51.33,75.92,12.84,20,3,0,1484.0,140,3
1777484479,42,26.42,8.33,172.91,34.42,172.91,25.21,21,2,1,1484.0,140,3
1777484480,43,24.77,8.08,57.21,36.12,57.21,8.26,32,1,0,1484.6,140,3
1777484481,43,23.89,6.46,84.17,46.33,84.17,13.17,22,1,0,1485.0,140,3
1777484482,43,26.24,9.33,148.08,33.96,148.08,19.72,31,1,1,1485.0,140,3
1777484483,43,24.00,12.17,64.71,34.29,64.71,8.73,29,1,0,1485.0,140,3
1777484484,43,25.41,8.29,68.17,46.33,68.17,10.71,29,1,0,1485.3,140,3
1777484485,42,24.05,13.58,44.25,31.71,44.25,6.42,27,0,0,1486.0,140,3
1777484486,43,27.41,8.75,71.87,52.67,71.87,12.47,30,3,0,1486.0,140,3
1777484487,42,24.02,7.29,47.50,41.96,47.50,8.52,25,0,0,1486.0,140,3
1777484488,44,26.38,9.75,71.71,47.58,71.71,10.64,29,1,0,1486.0,140,3
1777484489,42,39.64,9.08,713.53,46.00,713.53,105.65,24,1,1,1487.0,140,3
1777484490,43,24.62,7.92,42.87,41.62,42.87,9.27,27,0,0,1487.0,140,3
1777484491,44,25.85,10.75,71.04,39.79,71.04,10.01,33,1,0,1487.0,140,3
1777484492,41,27.85,8.33,66.54,41.50,66.54,11.13,31,2,0,1487.0,140,3
1777484493,43,22.90,10.46,102.25,37.83,102.25,14.33,17,1,1,1487.7,140,3
1777484494,42,26.67,9.42,81.33,41.66,81.33,11.55,31,1,0,1488.0,140,3
1777484495,43,36.25,13.62,485.37,41.79,485.37,69.80,26,2,1,1488.0,140,3
1777484496,43,24.89,7.79,56.29,39.04,56.29,9.34,27,1,0,1488.0,140,3
1777484497,43,26.02,9.42,51.12,41.33,51.12,9.07,31,1,0,1488.4,140,3
1777484498,44,24.53,12.75,117.29,31.75,117.29,16.34,24,2,1,1489.0,140,3
1777484499,43,24.97,15.04,41.79,32.83,41.79,5.84,31,0,0,1489.0,140,3
1777484500,43,25.50,8.29,85.54,38.04,85.54,12.12,30,1,0,1489.0,140,3
1777484501,42,21.83,9.46,81.25,37.62,81.25,11.95,18,1,0,1489.1,140,3
1777484502,42,28.68,9.79,158.87,47.75,158.87,22.30,32,1,1,1490.0,140,3
1777484503,42,27.55,9.83,160.04,42.79,160.04,25.58,24,2,2,1490.0,140,3
1777484504,42,22.64,5.50,75.75,34.46,75.75,10.85,23,1,0,1490.0,140,3
1777484505,43,27.34,9.08,61.00,55.33,61.00,11.75,31,4,0,1490.0,140,3
1777484506,42,24.22,14.62,60.16,35.62,60.16,8.12,22,1,0,1490.9,140,3
1777484507,42,25.41,8.88,88.79,41.54,88.79,12.58,23,1,0,1491.0,140,3
1777484508,42,23.74,12.33,145.91,36.33,145.91,20.09,19,1,1,1491.0,140,3
1777484509,43,24.42,9.29,84.87,37.21,84.87,11.90,26,1,0,1491.0,140,3
1777484510,43,23.62,8.88,41.54,33.33,41.54,6.67,27,0,0,1491.6,140,3
1777484511,42,27.67,8.12,79.46,47.54,79.46,12.27,30,1,0,1492.0,140,3
1777484512,42,24.23,9.29,39.08,34.83,39.08,5.82,31,0,0,1492.0,140,3
1777484513,42,24.28,7.75,72.12,32.12,72.12,10.06,29,1,0,1492.0,140,3
1777484514,43,27.71,8.92,68.79,59.71,68.79,12.61,29,4,0,1492.3,140,3
1777484515,42,27.45,8.75,66.92,45.54,66.92,11.65,30,1,0,1493.0,140,3
1777484516,43,28.18,9.42,109.41,45.21,109.41,16.49,31,2,1,1493.0,140,3
1777484517,43,31.42,8.88,182.91,72.71,182.91,31.91,25,4,2,1493.0,140,3
1777484518,43,23.47,8.67,42.00,36.17,42.00,7.46,27,0,0,1493.0,140,3
1777484519,42,32.45,11.62,101.58,67.79,101.58,17.49,33,6,1,1494.0,140,3
1777484520,42,37.82,8.83,216.75,74.12,216.75,32.22,32,4,1,1494.0,140,3
1777484521,43,32.90,13.12,139.83,60.87,139.83,21.39,33,3,1,1494.0,140,3
1777484522,43,28.96,7.54,89.96,52.08,89.96,13.83,32,4,0,1494.0,140,3
1777484523,43,31.55,9.67,141.33,47.12,141.33,18.99,35,1,1,1494.7,140,3
1777484524,42,30.58,9.67,81.62,57.42,81.62,15.83,29,6,0,1495.0,140,3
1777484525,43,27.61,7.42,55.87,50.46,55.87,11.22,31,4,0,1495.0,140,3
1777484526,42,30.80,7.54,52.37,48.33,52.37,11.58,36,2,0,1495.0,140,3
1777484527,43,29.06,7.54,79.58,51.62,79.58,14.30,32,3,0,1495.4,140,3
1777484528,42,33.42,11.25,100.87,92.33,100.87,20.98,30,6,1,1496.0,140,3
1777484529,44,46.10,7.54,877.86,47.67,877.86,127.47,34,2,1,1496.0,140,3
1777484530,43,34.35,8.25,111.08,87.58,111.08,23.74,30,8,2,1496.0,140,3
1777484531,41,35.32,7.38,289.37,48.75,289.37,43.78,31,2,2,1496.1,140,3
1777484532,43,25.19,9.12,48.12,43.71,48.12,10.39,28,0,0,1497.0,140,3
1777484533,43,33.29,8.33,138.71,81.75,138.71,23.78,27,6,1,1497.0,140,3
1777484534,43,24.95,6.62,117.12,47.58,117.12,17.11,24,1,1,1497.0,140,3
1777484535,42,33.29,8.79,271.45,53.87,271.45,39.49,30,3,1,1497.0,140,3
1777484536,42,30.87,9.00,153.41,57.54,153.41,24.83,31,3,2,1497.8,140,3
1777484537,43,29.74,6.46,131.46,53.87,131.46,19.74,32,5,1,1498.0,140,3
1777484538,43,27.57,8.17,51.58,45.37,51.58,10.45,32,1,0,1498.0,140,3
1777484539,42,26.84,9.96,91.04,45.54,91.04,13.95,27,1,0,1498.0,140,3
1777484540,42,27.09,8.33,74.83,47.62,74.83,12.71,32,1,0,1498.5,140,3
1777484541,42,30.28,8.92,89.21,50.08,89.21,15.32,32,3,0,1499.0,140,3
1777484542,43,27.62,6.67,60.87,52.04,60.87,12.47,30,3,0,1499.0,140,3
1777484543,43,29.63,7.54,116.71,47.92,116.71,18.17,33,2,1,1499.0,140,3
1777484544,42,29.80,8.08,94.79,70.04,94.79,16.88,30,4,0,1499.2,140,3
1777484545,42,29.87,11.88,154.91,48.42,154.91,21.80,28,2,1,1500.0,140,3
1777484546,43,32.60,9.04,78.00,50.25,78.00,13.23,39,4,0,1500.0,140,3
1777484547,44,26.71,8.33,79.08,52.62,79.08,13.18,27,3,0,1500.0,140,3
1777484548,41,32.94,10.83,197.04,49.04,197.04,30.49,32,2,2,1500.0,140,3
1777484549,44,31.02,7.25,153.54,68.96,153.54,25.33,30,4,2,1500.9,140,3
1777484550,42,29.44,9.92,89.08,57.00,89.08,16.81,29,3,0,1501.0,140,3
1777484551,43,35.00,9.46,251.83,47.08,251.83,41.82,28,2,2,1501.0,140,3
1777484552,43,26.44,6.88,53.08,45.87,53.08,10.44,31,1,0,1501.0,140,3
1777484553,43,31.93,7.83,167.29,67.62,167.29,25.48,34,4,1,1501.6,140,3
1777484554,42,27.02,11.88,47.04,45.83,47.04,9.98,29,0,0,1502.0,140,3
1777484555,42,29.94,8.54,116.67,70.71,116.67,20.17,28,4,1,1502.0,140,3
1777484556,42,27.96,8.67,52.62,49.83,52.62,10.81,32,2,0,1502.0,140,3
1777484557,43,28.95,10.46,132.83,57.12,132.83,20.66,22,3,1,1502.3,140,3
1777484558,42,30.52,8.08,54.33,50.21,54.33,11.91,34,3,0,1503.0,140,3
1777484559,41,28.55,10.96,111.83,53.41,111.83,17.49,27,4,1,1503.0,140,3
1777484560,43,24.71,9.21,55.75,43.83,55.75,10.08,28,2,0,1503.0,140,3
1777484561,42,28.91,7.75,55.62,48.12,55.62,11.21,34,2,0,1503.0,140,3
1777484562,42,27.48,12.50,70.33,48.17,70.33,11.82,28,1,0,1504.0,140,3
1777484563,43,31.48,6.71,93.29,64.33,93.29,17.95,29,7,0,1504.0,140,3
1777484564,43,30.99,6.00,236.70,50.96,236.70,34.32,27,3,1,1504.0,140,3
1777484565,43,26.57,7.37,48.04,45.21,48.04,11.41,27,0,0,1504.0,140,3
1777484566,42,28.80,7.21,57.87,53.79,57.87,14.53,28,4,0,1504.7,140,3
1777484567,42,30.05,7.38,151.62,51.54,151.62,23.20,26,3,1,1505.0,140,3
1777484568,43,30.00,8.46,55.37,52.75,55.37,13.02,32,3,0,1505.0,140,3
1777484569,42,26.60,11.46,85.33,44.71,85.33,12.52,31,2,0,1505.0,140,3
1777484570,43,31.18,7.04,156.41,75.42,156.41,28.09,29,5,2,1505.4,140,3
1777484571,44,32.51,9.21,139.79,52.58,139.79,22.11,31,4,1,1506.0,140,3
1777484572,42,27.00,11.62,39.92,37.17,39.92,6.20,35,0,0,1506.0,140,3
1777484573,45,31.65,5.38,171.29,58.75,171.29,26.27,35,4,2,1506.0,140,3
1777484574,42,33.80,18.54,116.41,46.46,116.41,14.72,38,1,1,1506.1,140,3
1777484575,44,31.81,13.79,79.08,46.29,79.08,12.41,39,2,0,1507.0,140,3
1777484576,43,34.49,9.62,98.29,77.75,98.29,17.09,37,5,0,1507.0,140,3
1777484577,44,33.34,10.42,160.79,54.92,160.79,21.52,39,4,1,1507.0,140,3
1777484620,10,13.88,4.50,32.71,32.71,32.71,8.13,2,0,0,1517.0,140,4
1777484621,45,52.78,4.67,1334.89,52.83,1334.89,193.52,30,3,1,1517.0,140,4
1777484622,43,30.22,14.37,75.50,48.87,75.50,11.83,33,2,0,1517.9,140,4
1777484623,43,31.28,10.96,135.00,46.25,135.00,18.40,37,1,1,1518.0,140,4
1777484624,43,28.88,15.96,50.92,47.54,50.92,9.22,37,1,0,1518.0,140,4
1777484625,46,26.84,12.50,96.25,51.21,96.25,14.56,27,3,0,1518.0,140,4
1777484626,47,29.96,7.50,105.62,94.12,105.62,23.07,29,7,1,1518.6,140,4
1777484627,48,26.32,8.75,119.62,101.04,119.62,22.81,23,4,3,1519.0,140,4
1777484628,47,24.74,8.54,97.79,50.67,97.79,16.57,26,3,0,1519.0,140,4
1777484629,44,28.22,14.38,52.66,40.50,52.66,7.33,38,1,0,1519.0,140,4
1777484630,45,26.61,9.92,143.21,43.29,143.21,19.19,26,1,1,1519.3,140,4
1777484631,43,25.48,6.21,74.17,39.75,74.17,11.92,28,2,0,1520.0,140,4
1777484632,44,27.90,13.88,52.79,43.54,52.79,7.82,37,1,0,1520.0,140,4
1777484633,43,32.59,5.92,156.12,60.62,156.12,22.63,33,5,1,1520.0,140,4
1777484634,43,25.97,8.17,62.58,42.96,62.58,10.35,32,2,0,1520.0,140,4
1777484635,42,23.83,9.42,65.58,34.67,65.58,9.96,27,1,0,1521.0,140,4
1777484636,43,32.07,12.58,203.33,38.00,203.33,27.24,37,1,1,1521.0,140,4
1777484637,43,30.13,15.79,141.33,50.16,141.33,20.32,35,3,1,1521.0,140,4
1777484638,44,33.09,8.92,348.20,38.88,348.20,49.58,36,2,1,1521.0,140,4
1777484639,43,23.18,8.96,74.37,36.33,74.37,9.69,26,1,0,1521.7,140,4
1777484640,43,28.57,9.54,110.04,41.08,110.04,16.78,30,2,1,1522.0,140,4
1777484641,42,30.40,11.88,77.50,59.92,77.50,15.33,29,7,0,1522.0,140,4
1777484642,42,28.52,7.46,73.21,46.79,73.21,10.91,35,2,0,1522.0,140,4
1777484643,42,30.92,7.62,71.83,55.58,71.83,14.42,32,5,0,1522.4,140,4
1777484644,43,31.19,8.71,148.66,52.17,148.66,21.90,31,3,1,1523.0,140,4
1777484645,41,25.98,7.42,101.46,45.42,101.46,17.75,22,2,1,1523.0,140,4
1777484646,44,33.86,8.46,256.54,43.54,256.54,37.03,38,2,2,1523.0,140,4
1777484647,41,24.63,8.38,62.29,39.12,62.29,9.91,26,1,0,1523.1,140,4
1777484648,43,25.97,8.83,93.42,40.42,93.42,13.07,33,2,0,1524.0,140,4
1777484649,43,27.85,7.00,48.54,47.08,48.54,11.42,30,0,0,1524.0,140,4
1777484650,44,23.25,11.00,49.71,42.75,49.71,8.96,25,0,0,1524.0,140,4
1777484651,43,32.12,13.46,174.75,54.21,174.75,26.02,33,3,1,1524.0,140,4
1777484652,43,31.61,7.79,160.71,58.75,160.71,25.27,31,3,1,1524.8,140,4
1777484653,42,28.69,6.92,105.50,49.37,105.50,16.78,29,2,1,1525.0,140,4
1777484654,43,28.44,10.71,72.67,47.58,72.67,12.49,30,1,0,1525.0,140,4
1777484655,43,26.42,14.75,130.54,38.96,130.54,17.40,27,1,1,1525.0,140,4
1777484656,42,30.52,8.62,52.17,47.58,52.17,10.10,36,2,0,1525.5,140,4
1777484657,44,26.46,7.54,68.33,47.96,68.33,12.02,30,2,0,1526.0,140,4
1777484658,42,31.95,9.58,148.37,85.17,148.37,24.85,28,3,1,1526.0,140,4
1777484659,43,26.89,6.62,57.37,48.29,57.37,11.37,26,1,0,1526.0,140,4
1777484660,43,25.48,8.04,80.96,43.87,80.96,13.07,27,2,0,1526.2,140,4
1777484661,43,26.36,6.83,55.50,48.12,55.50,10.81,28,2,0,1527.0,140,4
1777484662,43,25.34,7.38,114.12,46.83,114.12,16.49,26,1,1,1527.0,140,4
1777484663,42,27.74,7.54,140.33,46.83,140.33,20.08,30,2,1,1527.0,140,4
1777484664,44,31.62,11.71,116.00,57.25,116.00,18.33,34,4,1,1527.0,140,4
1777484665,42,27.80,7.92,157.54,45.71,157.54,22.98,25,2,1,1527.9,140,4
1777484666,42,31.19,7.17,134.87,49.16,134.87,22.37,31,2,2,1528.0,140,4
1777484667,44,24.05,7.33,46.79,36.00,46.79,8.33,28,0,0,1528.0,140,4
1777484668,43,24.82,6.88,54.46,42.08,54.46,10.47,29,1,0,1528.0,140,4
1777484669,44,28.95,7.00,68.87,53.79,68.87,13.03,34,3,0,1528.6,140,4
1777484670,42,27.40,7.71,105.66,50.67,105.66,18.61,26,3,1,1529.0,140,4
1777484671,42,25.60,7.42,45.00,42.21,45.00,8.89,32,0,0,1529.0,140,4
1777484672,42,25.74,13.08,44.33,41.00,44.33,7.69,32,0,0,1529.0,140,4
1777484673,43,32.15,12.42,123.79,51.12,123.79,19.87,33,4,1,1529.3,140,4
1777484674,43,33.76,16.21,121.33,55.54,121.33,17.82,35,3,1,1530.0,140,4
1777484675,42,29.20,17.08,62.71,47.25,62.71,9.08,37,2,0,1530.0,140,4
1777484676,44,29.26,11.50,134.54,44.62,134.54,17.53,37,1,1,1530.0,140,4
1777484677,43,33.63,11.79,257.20,68.50,257.20,36.42,34,3,1,1530.0,140,4
1777484678,44,30.28,11.08,94.58,65.58,94.58,15.80,35,4,0,1531.0,140,4
1777484679,41,24.73,10.33,52.08,44.62,52.08,9.73,29,1,0,1531.0,140,4
1777484680,43,27.50,10.08,102.87,51.75,102.87,14.74,31,3,1,1531.0,140,4
1777484681,44,29.53,10.92,103.12,56.50,103.12,15.99,33,3,1,1531.0,140,4
1777484682,43,27.17,7.75,107.25,53.25,107.25,19.30,26,3,1,1531.8,140,4
1777484683,44,26.40,7.04,76.54,69.37,76.54,15.79,29,4,0,1532.0,140,4
1777484684,42,26.20,11.00,104.75,62.42,104.75,18.45,22,4,1,1532.0,140,4
1777484685,43,40.46,8.62,931.48,43.29,931.48,137.68,14,1,1,1532.0,140,4
1777484686,42,23.12,11.25,108.33,45.00,108.33,15.46,20,2,1,1532.5,140,4
1777484687,42,25.19,8.29,54.50,36.96,54.50,7.70,31,1,0,1533.0,140,4
1777484688,42,26.32,13.00,130.91,42.08,130.91,18.39,25,2,1,1533.0,140,4
1777484689,43,25.99,8.92,104.71,58.91,104.71,17.31,24,4,1,1533.0,140,4
1777484690,42,19.77,8.08,44.96,29.25,44.96,7.18,18,0,0,1533.2,140,4
1777484691,42,24.07,10.58,51.62,40.83,51.62,8.91,25,1,0,1534.0,140,4
1777484692,41,29.04,13.12,146.12,77.17,146.12,23.87,24,4,1,1534.0,140,4
1777484693,43,22.50,11.12,84.92,39.54,84.92,11.82,21,1,0,1534.0,140,4
1777484694,43,21.72,5.79,69.87,35.50,69.87,9.78,23,1,0,1534.0,140,4
1777484695,42,30.23,12.58,191.50,53.12,191.50,27.19,29,3,1,1534.9,140,4
1777484696,43,27.43,6.29,156.62,51.71,156.62,22.50,28,3,1,1535.0,140,4
1777484697,41,23.80,9.37,81.50,55.75,81.50,14.93,19,3,0,1535.0,140,4
1777484698,43,24.27,10.00,98.58,56.29,98.58,17.64,18,3,0,1535.0,140,4
1777484699,42,29.36,13.58,172.58,74.29,172.58,27.42,23,6,1,1535.6,140,4
1777484700,41,23.90,12.88,83.50,47.96,83.50,13.68,20,1,0,1536.0,140,4
1777484701,42,22.60,13.00,54.58,32.62,54.58,8.18,22,1,0,1536.0,140,4
1777484702,43,20.17,7.62,50.37,29.58,50.37,7.37,16,1,0,1536.0,140,4
1777484703,42,26.35,14.54,144.50,44.79,144.50,20.68,22,2,1,1536.3,140,4
1777484704,44,23.47,6.38,101.87,39.62,101.87,14.59,20,1,1,1537.0,140,4
1777484705,42,20.54,12.46,60.33,36.79,60.33,8.86,16,1,0,1537.0,140,4
1777484706,43,25.51,11.42,77.67,50.54,77.67,14.37,26,3,0,1537.0,140,4
1777484707,43,24.40,11.75,118.46,46.33,118.46,17.15,19,2,1,1537.0,140,4
1777484708,43,24.60,13.54,89.67,62.75,89.67,15.18,21,3,0,1538.0,140,4
1777484709,42,24.90,11.50,122.41,39.21,122.41,17.17,24,2,1,1538.0,140,4
1777484710,43,24.07,7.04,175.41,42.67,175.41,24.84,17,2,1,1538.0,140,4
1777484711,42,21.51,9.25,74.83,47.62,74.83,11.89,14,2,0,1538.0,140,4
1777484712,42,29.82,10.54,79.75,51.08,79.75,14.22,32,4,0,1538.7,140,4
1777484713,43,25.17,12.50,56.62,53.91,56.62,12.71,24,4,0,1539.0,140,4
1777484714,42,24.78,8.83,126.50,40.00,126.50,20.40,19,2,1,1539.0,140,4
1777484715,43,25.20,11.71,104.50,44.29,104.50,15.73,25,2,1,1539.0,140,4
1777484716,42,21.58,13.17,47.00,33.29,47.00,7.46,18,0,0,1539.4,140,4
1777484717,42,25.05,11.58,102.96,48.00,102.96,16.36,25,2,1,1540.0,140,4
1777484718,42,22.15,11.25,109.04,29.92,109.04,15.20,18,1,1,1540.0,140,4
1777484719,42,23.15,12.88,46.04,45.29,46.04,9.01,23,0,0,1540.0,140,4
1777484720,42,25.48,7.58,117.08,51.54,117.08,17.65,23,4,1,1540.1,140,4
1777484721,42,20.25,8.83,52.37,38.75,52.37,7.95,17,1,0,1541.0,140,4
1777484722,42,21.99,9.00,72.87,44.04,72.87,12.11,16,2,0,1541.0,140,4
1777484723,42,21.69,10.25,53.25,44.71,53.25,9.46,20,1,0,1541.0,140,4
1777484724,43,21.04,6.62,51.37,38.75,51.37,9.19,18,1,0,1541.0,140,4
1777484725,42,24.29,13.04,109.87,36.92,109.87,15.24,23,1,1,1541.8,140,4
1777484726,43,22.89,11.79,67.37,42.87,67.37,10.88,22,1,0,1542.0,140,4
1777484727,42,24.02,10.21,102.12,41.25,102.12,15.11,21,2,1,1542.0,140,4
1777484728,42,26.38,10.62,83.12,76.83,83.12,16.46,24,3,0,1542.0,140,4
1777484729,43,27.96,9.33,184.08,49.08,184.08,30.35,23,2,2,1542.5,140,4
1777484730,41,20.77,11.67,55.50,53.21,55.50,10.30,14,3,0,1543.0,140,4
1777484731,43,22.93,12.00,43.42,38.83,43.42,8.44,24,0,0,1543.0,140,4
1777484732,42,21.29,11.21,36.83,30.58,36.83,6.05,23,0,0,1543.0,140,4
1777484733,42,30.47,12.38,230.79,83.08,230.79,35.67,20,5,1,1543.2,140,4
1777484734,42,21.08,12.00,57.33,46.37,57.33,10.09,16,2,0,1544.0,140,4
1777484735,42,22.51,10.75,65.96,40.67,65.96,10.19,21,1,0,1544.0,140,4
1777484736,42,26.85,9.75,118.42,39.29,118.42,17.27,26,2,1,1544.0,140,4
1777484737,42,29.34,8.58,86.04,50.46,86.04,13.55,30,3,0,1544.0,140,4
1777484738,43,36.28,11.42,141.83,61.08,141.83,20.44,40,5,1,1544.9,140,4
1777484739,41,34.87,15.21,88.54,51.87,88.54,13.65,37,4,0,1545.0,140,4
1777484740,42,23.53,10.54,46.58,33.00,46.58,6.61,27,0,0,1545.0,140,4
1777484741,42,59.24,8.46,1197.27,61.67,1197.27,178.85,32,6,2,1545.0,140,4
1777484742,42,29.44,8.88,88.00,51.54,88.00,14.61,29,3,0,1545.6,140,4
1777484743,43,31.51,9.54,130.58,55.71,130.58,22.76,32,3,2,1546.0,140,4
1777484744,43,31.26,8.38,119.91,60.54,119.91,20.52,34,4,1,1546.0,140,4
1777484745,42,29.13,6.88,161.62,47.54,161.62,24.58,25,2,1,1546.0,140,4
1777484746,42,27.98,13.46,102.21,54.33,102.21,16.26,24,4,1,1546.3,140,4
1777484747,43,25.68,6.88,51.29,47.00,51.29,10.92,29,2,0,1547.0,140,4
1777484748,43,27.51,10.12,59.50,49.21,59.50,11.26,31,2,0,1547.0,140,4
1777484749,44,27.68,8.42,101.33,46.42,101.33,15.51,29,1,1,1547.0,140,4
1777484750,43,28.67,10.29,141.16,50.00,141.16,19.67,30,2,1,1547.0,140,4
1777484751,42,29.61,9.96,88.37,58.67,88.37,14.96,32,3,0,1548.0,140,4
1777484752,43,36.56,9.12,497.32,46.21,497.32,71.83,31,2,1,1548.0,140,4
1777484753,42,25.99,11.17,54.29,50.12,54.29,11.40,28,3,0,1548.0,140,4
1777484754,43,29.38,7.79,114.50,53.00,114.50,17.43,32,3,1,1548.0,140,4
1777484755,42,28.77,11.67,109.62,48.96,109.62,16.34,29,2,1,1548.8,140,4
1777484756,42,29.16,7.79,51.29,49.29,51.29,11.37,31,2,0,1549.0,140,4
1777484757,43,30.53,9.92,81.17,55.37,81.17,14.21,34,4,0,1549.0,140,4
1777484758,42,24.36,7.29,55.54,44.04,55.54,10.70,24,2,0,1549.0,140,4
1777484759,42,34.34,8.67,271.62,49.79,271.62,41.33,29,2,2,1549.4,140,4
1777484760,43,28.85,9.08,125.58,74.67,125.58,21.06,28,3,1,1550.0,140,4
1777484761,43,39.32,8.83,257.58,72.25,257.58,37.77,35,8,1,1550.0,140,4
1777484762,42,29.38,6.62,132.21,52.29,132.21,19.87,28,3,1,1550.0,140,4
1777484763,42,32.70,10.96,113.87,86.33,113.87,21.40,34,5,2,1550.1,140,4
1777484764,41,28.99,7.08,132.00,46.79,132.00,19.38,28,1,1,1551.0,140,4
1777484765,43,27.76,11.79,119.71,47.41,119.71,17.02,30,2,1,1551.0,140,4
1777484766,42,28.65,7.12,130.21,50.79,130.21,19.96,26,3,1,1551.0,140,4
1777484767,43,27.83,7.08,150.41,56.71,150.41,21.93,29,3,1,1551.0,140,4
1777484768,43,33.21,10.67,197.16,88.75,197.16,30.35,30,4,1,1551.9,140,4
1777484769,43,31.58,12.33,180.00,50.83,180.00,26.25,31,3,1,1552.0,140,4
1777484770,41,33.55,7.38,197.79,81.29,197.79,30.72,30,5,1,1552.0,140,4
1777484771,43,36.46,11.33,308.16,58.12,308.16,45.53,33,5,2,1552.0,140,4
1777484772,43,25.59,7.42,53.83,48.96,53.83,11.22,28,2,0,1552.6,140,4
1777484773,42,30.75,8.25,96.33,57.46,96.33,17.79,30,5,0,1553.0,140,4
1777484774,43,27.33,6.96,86.62,52.00,86.62,14.98,25,3,0,1553.0,140,4
1777484775,43,25.43,7.92,77.96,43.83,77.96,11.61,27,1,0,1553.0,140,4
1777484776,43,33.67,6.71,135.33,80.33,135.33,25.48,29,5,2,1553.3,140,4
1777484777,42,27.64,7.33,58.75,49.96,58.75,12.52,27,1,0,1554.0,140,4
1777484778,42,27.47,9.96,62.37,48.66,62.37,12.28,29,2,0,1554.0,140,4
1777484779,44,26.76,6.58,51.29,48.04,51.29,11.34,31,1,0,1554.0,140,4
1777484780,41,28.97,9.92,163.41,46.92,163.41,23.09,30,1,1,1554.0,140,4
1777484781,45,31.40,6.92,222.70,48.79,222.70,30.88,31,2,1,1555.0,140,4
1777484782,42,28.13,7.12,100.91,44.79,100.91,14.89,32,1,1,1555.0,140,4
1777484783,42,29.07,6.71,74.87,47.75,74.87,12.68,32,2,0,1555.0,140,4
1777484784,42,32.45,8.67,201.00,67.46,201.00,31.70,28,3,2,1555.0,140,4
1777484785,41,26.88,6.83,107.67,52.54,107.67,17.92,25,3,1,1555.7,140,4
1777484786,43,29.61,8.04,79.50,48.17,79.50,14.40,29,2,0,1556.0,140,4
1777484787,42,25.46,12.67,51.29,46.21,51.29,9.43,29,1,0,1556.0,140,4
1777484788,42,27.71,9.96,133.29,45.41,133.29,19.32,26,2,1,1556.0,140,4
1777484789,42,24.39,10.04,45.87,41.75,45.87,8.09,29,0,0,1556.4,140,4
1777484790,42,27.79,7.67,91.33,47.42,91.33,13.48,34,1,0,1557.0,140,4
1777484791,42,33.65,7.58,75.96,62.25,75.96,15.61,33,8,0,1557.0,140,4
1777484792,43,27.64,6.46,134.75,49.08,134.75,19.44,28,2,1,1557.0,140,4
1777484793,42,29.62,10.58,123.46,47.91,123.46,18.79,29,2,1,1557.1,140,4
1777484794,43,29.66,8.54,132.21,51.33,132.21,19.08,32,3,1,1558.0,140,4
1777484795,42,29.10,7.75,118.37,51.33,118.37,19.49,28,3,1,1558.0,140,4
1777484796,43,33.64,9.12,134.96,90.96,134.96,25.20,33,3,2,1558.0,140,4
1777484797,43,38.05,6.75,403.82,60.50,403.82,60.27,26,4,2,1558.0,140,4
1777484798,43,29.11,9.25,151.08,58.21,151.08,22.48,28,4,1,1558.8,140,4
1777484799,41,30.82,8.21,77.04,53.58,77.04,14.29,29,4,0,1559.0,140,4
1777484800,41,25.87,10.88,52.08,45.29,52.08,10.62,28,2,0,1559.0,140,4
1777484801,42,29.78,7.62,58.83,50.58,58.83,12.32,33,3,0,1559.0,140,4
1777484802,41,34.07,8.92,115.29,71.37,115.29,20.02,32,6,1,1559.5,140,4
1777484803,42,26.34,8.83,50.33,36.96,50.33,8.14,27,1,0,1560.0,140,4
1777484804,43,21.52,8.46,40.96,34.62,40.96,6.73,19,0,0,1560.0,140,4
1777484805,42,25.92,8.17,80.46,46.67,80.46,13.69,24,2,0,1560.0,140,4
1777484806,42,28.58,9.33,127.25,51.29,127.25,18.36,29,4,1,1560.2,140,4
1777484807,43,29.04,9.00,120.16,49.91,120.16,17.22,31,2,1,1561.0,140,4
1777484808,43,26.22,9.83,52.58,40.33,52.58,9.35,31,2,0,1561.0,140,4
1777484809,42,27.08,9.00,54.08,48.75,54.08,11.01,30,1,0,1561.0,140,4
1777484810,43,30.84,14.12,185.75,49.04,185.75,26.04,30,2,1,1561.0,140,4
1777484811,42,29.61,7.21,115.46,51.79,115.46,17.36,30,3,1,1561.9,140,4
1777484812,43,28.92,7.29,53.46,52.71,53.46,11.84,33,4,0,1562.0,140,4
1777484813,42,25.47,12.46,65.54,43.58,65.54,9.98,28,1,0,1562.0,140,4
1777484814,43,29.35,7.92,60.37,54.25,60.37,13.88,32,4,0,1562.0,140,4
1777484815,42,26.13,9.62,45.12,43.46,45.12,9.04,32,0,0,1562.6,140,4
1777484816,42,31.07,9.17,205.62,55.75,205.62,29.57,30,4,1,1563.0,140,4
1777484817,43,31.11,7.42,113.08,50.83,113.08,18.23,32,4,1,1563.0,140,4
1777484818,42,29.65,8.79,184.08,45.71,184.08,26.25,25,2,1,1563.0,140,4
1777484819,44,28.25,7.42,74.62,47.75,74.62,12.86,31,2,0,1563.3,140,4
1777484820,43,28.97,8.12,77.79,48.46,77.79,13.56,30,1,0,1564.0,140,4
1777484821,43,29.38,12.00,80.62,44.08,80.62,12.25,33,1,0,1564.0,140,4
1777484822,43,26.70,6.75,93.17,45.50,93.17,15.04,25,1,0,1564.0,140,4
1777484823,44,26.51,7.79,53.54,47.91,53.54,10.61,29,1,0,1564.0,140,4
1777484824,42,32.97,10.04,140.54,90.46,140.54,25.58,28,4,2,1565.0,140,4
1777484825,43,29.90,7.29,92.50,56.21,92.50,16.62,29,5,0,1565.0,140,4
1777484826,43,29.11,6.42,118.04,58.87,118.04,18.54,30,3,1,1565.0,140,4
1777484827,42,31.31,6.96,115.17,56.92,115.17,18.40,32,6,1,1565.0,140,4
1777484828,42,30.59,6.96,141.29,51.79,141.29,24.70,24,5,2,1565.7,140,4
1777484829,43,29.80,15.04,86.58,50.25,86.58,15.68,26,3,0,1566.0,140,4
1777484830,44,27.30,7.62,78.92,50.62,78.92,13.92,30,3,0,1566.0,140,4
1777484831,43,30.94,8.33,114.79,65.50,114.79,20.84,30,4,2,1566.0,140,4
1777484832,43,30.42,8.12,132.04,50.46,132.04,20.93,28,3,1,1566.4,140,4
1777484833,41,24.40,13.58,57.46,42.46,57.46,9.71,25,2,0,1567.0,140,4
1777484834,42,36.24,8.88,249.41,63.29,249.41,41.68,30,4,2,1567.0,140,4
1777484835,44,25.73,6.67,109.46,44.92,109.46,16.07,26,1,1,1567.0,140,4
1777484836,42,28.24,7.67,67.62,50.42,67.62,12.48,27,3,0,1567.1,140,4
1777484837,43,29.86,7.92,107.16,52.83,107.16,17.08,31,3,1,1568.0,140,4
1777484838,43,26.43,6.96,64.29,49.79,64.29,11.21,29,2,0,1568.0,140,4
1777484839,44,30.34,8.46,105.33,60.42,105.33,18.44,32,5,1,1568.0,140,4
1777484840,42,37.92,18.04,211.37,114.96,211.37,36.42,31,5,3,1568.0,140,4
1777484841,43,25.42,8.29,57.04,36.54,57.04,9.47,33,2,0,1568.8,140,4
1777484842,43,34.12,13.38,121.33,47.46,121.33,16.45,38,2,1,1569.0,140,4
1777484843,43,39.87,10.71,604.53,47.96,604.53,87.61,29,1,1,1569.0,140,4
1777484844,45,26.28,6.58,46.29,43.62,46.29,8.75,35,0,0,1569.0,140,4
1777484845,43,33.67,16.37,119.25,74.08,119.25,20.65,34,4,2,1569.5,140,4
1777484846,43,31.32,19.00,58.08,37.66,58.08,6.50,42,1,0,1570.0,140,4
1777484847,42,29.20,10.62,65.87,44.92,65.87,11.47,33,2,0,1570.0,140,4
1777484848,43,26.25,5.92,74.96,40.00,74.96,11.84,34,2,0,1570.0,140,4
1777484849,42,34.12,7.42,136.91,74.71,136.91,24.02,37,4,2,1570.2,140,4
1777484850,43,27.86,9.96,53.79,47.92,53.79,9.71,35,2,0,1571.0,140,4
1777484851,44,28.47,9.83,70.75,41.91,70.75,11.15,35,2,0,1571.0,140,4
1777484852,42,29.40,8.08,103.42,48.25,103.42,19.07,29,2,2,1571.0,140,4
1777484853,43,29.70,10.67,72.37,48.62,72.37,11.44,35,2,0,1571.0,140,4
1777484854,41,35.94,10.67,108.92,53.79,108.92,17.51,33,5,1,1572.0,140,4
1777484855,42,37.19,15.21,105.21,93.46,105.21,21.05,34,8,1,1572.0,140,4
1777484856,43,30.73,15.92,52.71,48.25,52.71,9.70,37,2,0,1572.0,140,4
1777484857,42,29.52,10.12,84.00,46.25,84.00,13.51,30,1,0,1572.0,140,4
1777484858,44,26.39,7.08,81.08,46.92,81.08,13.24,27,1,0,1572.6,140,4
1777484859,42,28.19,7.50,59.42,48.00,59.42,12.22,30,2,0,1573.0,140,4
1777484860,42,28.65,11.54,89.33,49.21,89.33,14.30,31,2,0,1573.0,140,4
1777484861,43,27.35,8.71,70.50,47.54,70.50,11.59,35,2,0,1573.0,140,4
1777484862,42,33.73,11.75,142.33,52.50,142.33,21.75,32,5,1,1573.4,140,4
1777484863,42,25.03,14.75,38.12,33.79,38.12,5.65,32,0,0,1574.0,140,4
1777484864,41,28.24,13.04,166.79,48.29,166.79,23.84,26,2,1,1574.0,140,4
1777484865,42,26.48,8.21,101.75,47.29,101.75,15.74,26,1,1,1574.0,140,4
1777484866,42,33.79,9.46,132.75,53.37,132.75,20.74,36,5,1,1574.0,140,4
1777484867,42,27.89,10.96,61.87,53.66,61.87,12.63,28,4,0,1575.0,140,4
1777484868,43,25.35,9.38,54.17,50.50,54.17,10.47,29,3,0,1575.0,140,4
1777484869,43,26.50,7.46,47.58,42.75,47.58,9.32,32,0,0,1575.0,140,4
1777484870,42,27.26,10.58,79.33,48.58,79.33,13.23,28,2,0,1575.0,140,4
1777484871,43,28.68,9.62,94.58,49.37,94.58,15.21,30,2,0,1575.8,140,4
1777484872,43,29.78,7.75,99.54,64.79,99.54,18.05,29,5,0,1576.0,140,4
1777484873,43,25.10,8.75,72.21,41.96,72.21,12.32,23,1,0,1576.0,140,4
1777484874,42,29.60,13.25,77.79,49.42,77.79,13.07,31,2,0,1576.0,140,4
1777484875,42,26.20,14.25,50.96,44.50,50.96,9.36,29,1,0,1576.5,140,4
1777484876,42,30.27,9.58,255.45,42.62,255.45,36.50,27,2,1,1577.0,140,4
1777484877,42,28.48,7.75,71.83,46.21,71.83,12.94,29,2,0,1577.0,140,4
1777484878,43,26.08,6.71,56.83,51.42,56.83,11.51,27,3,0,1577.0,140,4
1777484879,41,28.50,10.08,47.42,44.79,47.42,10.86,31,0,0,1577.2,140,4
1777484880,41,32.36,7.29,127.58,55.91,127.58,21.18,30,5,1,1578.0,140,4
1777484881,42,30.48,9.21,116.67,47.00,116.67,17.71,32,2,1,1578.0,140,4
1777484882,42,24.74,8.83,52.62,41.42,52.62,9.70,25,1,0,1578.0,140,4
1777484883,42,28.18,8.54,74.96,46.00,74.96,12.23,33,2,0,1578.0,140,4
1777484884,43,23.50,6.79,56.62,41.54,56.62,9.90,25,1,0,1578.9,140,4
1777484885,42,25.42,7.21,101.21,46.83,101.21,15.67,25,2,1,1579.0,140,4
1777484886,42,27.93,6.62,105.87,50.37,105.87,18.01,28,3,1,1579.0,140,4
1777484887,43,32.89,9.71,158.79,58.33,158.79,24.68,31,4,1,1579.0,140,4
1777484888,42,29.08,9.12,145.33,59.79,145.33,22.50,26,3,1,1579.6,140,4
1777484889,43,63.25,9.08,1579.43,46.58,1579.43,234.19,30,2,1,1580.0,140,4
1777484890,43,30.10,8.71,144.37,58.29,144.37,21.92,29,3,1,1580.0,140,4
1777484891,43,30.49,14.21,99.00,45.29,99.00,15.63,34,2,0,1580.0,140,4
1777484892,42,27.15,6.42,55.21,46.17,55.21,10.25,31,1,0,1580.3,140,4
1777484893,42,25.02,7.37,47.54,44.33,47.54,9.12,28,0,0,1581.0,140,4
1777484894,42,28.50,9.08,97.87,49.96,97.87,18.48,23,2,0,1581.0,140,4
1777484895,42,25.15,8.29,49.33,47.00,49.33,10.26,27,0,0,1581.0,140,4
1777484896,42,36.07,8.17,286.41,53.75,286.41,50.79,27,5,2,1581.0,140,4
1777484897,42,27.70,6.83,86.79,48.37,86.79,15.24,26,2,0,1582.0,140,4
1777484898,43,28.52,10.17,131.79,50.12,131.79,18.76,30,3,1,1582.0,140,4
1777484899,43,31.76,7.67,137.08,55.75,137.08,23.53,30,3,2,1582.0,140,4
1777484900,42,27.61,8.21,74.37,49.25,74.37,13.58,31,2,0,1582.0,140,4
1777484901,42,29.29,6.92,194.21,50.25,194.21,27.77,26,3,1,1582.7,140,4
1777484902,43,34.29,7.50,247.25,49.25,247.25,39.62,31,2,2,1583.0,140,4
1777484903,43,26.97,6.25,100.41,46.54,100.41,15.48,27,1,1,1583.0,140,4
1777484904,42,31.86,11.42,159.37,49.12,159.37,24.34,30,2,1,1583.0,140,4
1777484905,43,26.59,12.37,103.33,44.79,103.33,14.33,27,1,1,1583.4,140,4
1777484906,43,30.14,8.79,93.62,80.62,93.62,17.75,34,3,0,1584.0,140,4
1777484907,42,30.79,10.92,118.62,50.21,118.62,17.22,34,3,1,1584.0,140,4
1777484908,43,29.15,8.21,142.33,47.50,142.33,19.90,36,2,1,1584.0,140,4
1777484909,42,39.37,13.12,524.53,47.37,524.53,76.46,30,2,1,1584.1,140,4
1777484910,42,24.30,7.75,53.29,45.91,53.29,10.59,26,2,0,1585.0,140,4
1777484911,42,31.92,11.00,164.37,54.87,164.37,24.34,30,6,1,1585.0,140,4
1777484912,42,26.94,8.08,74.96,47.00,74.96,13.13,29,2,0,1585.0,140,4
1777484913,42,26.46,10.12,85.42,40.37,85.42,13.19,27,2,0,1585.0,140,4
1777484914,43,29.17,10.08,197.33,49.46,197.33,27.92,26,2,1,1585.8,140,4
1777484915,43,24.47,10.12,50.37,47.87,50.37,10.27,24,1,0,1586.0,140,4
1777484916,42,26.82,7.29,49.00,46.75,49.00,9.82,30,0,0,1586.0,140,4
1777484917,43,27.85,8.75,57.21,51.87,57.21,12.00,33,6,0,1586.0,140,4
1777484918,43,27.11,7.17,61.58,53.08,61.58,12.71,29,3,0,1586.5,140,4
1777484919,42,30.73,9.00,121.04,45.33,121.04,17.40,32,1,1,1587.0,140,4
1777484920,42,25.58,6.62,70.75,47.29,70.75,13.10,27,2,0,1587.0,140,4
1777484921,42,26.83,11.38,94.75,44.71,94.75,13.82,28,1,0,1587.0,140,4
1777484922,42,34.72,8.46,318.87,48.33,318.87,47.37,25,2,2,1587.2,140,4
1777484923,42,25.41,8.75,49.62,44.25,49.62,10.23,27,0,0,1588.0,140,4
1777484924,43,29.65,8.08,90.58,50.58,90.58,14.86,31,3,0,1588.0,140,4
1777484925,41,25.61,8.17,48.96,46.12,48.96,9.41,26,0,0,1588.0,140,4
1777484926,43,25.23,6.50,72.92,48.67,72.92,11.98,29,2,0,1588.0,140,4
1777484927,44,32.34,6.96,280.70,54.75,280.70,39.80,28,4,1,1588.9,140,4
1777484928,41,29.78,8.67,205.29,50.54,205.29,29.69,27,3,1,1589.0,140,4
1777484929,43,25.98,8.96,54.42,45.25,54.42,10.08,29,1,0,1589.0,140,4
1777484930,43,41.11,11.92,231.12,77.79,231.12,35.02,36,8,2,1589.0,140,4
1777484931,41,31.78,9.21,129.96,49.42,129.96,18.64,37,2,1,1589.6,140,4
1777484932,43,41.83,10.58,373.99,95.62,373.99,54.99,32,7,1,1590.0,140,4
1777484933,42,28.75,7.21,98.16,48.46,98.16,15.60,29,2,0,1590.0,140,4
1777484934,42,27.21,7.88,49.25,45.71,49.25,11.27,30,0,0,1590.0,140,4
1777484935,43,27.59,9.29,57.75,47.71,57.75,12.08,26,2,0,1590.3,140,4
1777484936,42,29.67,7.33,88.29,47.54,88.29,14.55,32,2,0,1591.0,140,4
1777484937,42,29.91,8.33,67.08,54.00,67.08,12.43,33,4,0,1591.0,140,4
1777484938,43,26.56,9.83,60.96,50.50,60.96,12.13,26,3,0,1591.0,140,4
1777484939,42,30.92,7.83,93.42,47.29,93.42,16.78,31,2,0,1591.1,140,4
1777484940,42,32.93,7.67,219.83,63.67,219.83,34.42,26,5,2,1592.0,140,4
1777484941,42,24.73,9.00,47.00,37.87,47.00,8.98,26,0,0,1592.0,140,4
1777484942,42,26.91,8.25,55.96,48.46,55.96,11.60,28,2,0,1592.0,140,4
1777484943,43,29.46,9.75,179.96,46.33,179.96,25.95,30,2,1,1592.0,140,4
1777484944,43,29.30,8.75,75.42,61.67,75.42,14.87,32,4,0,1592.7,140,4
1777484945,42,35.85,14.17,156.21,71.62,156.21,25.23,40,3,2,1593.0,140,4
1777484946,43,32.33,4.67,229.04,68.29,229.04,33.97,29,5,1,1593.0,140,4
1777484947,43,31.72,13.50,110.50,53.25,110.50,15.10,38,3,1,1593.0,140,4
1777484948,42,24.01,9.92,75.83,39.96,75.83,10.94,27,1,0,1593.5,140,4
1777484949,43,30.41,14.79,150.66,46.92,150.66,20.51,34,2,1,1594.0,140,4
1777484950,44,29.91,6.75,129.29,53.04,129.29,19.04,34,3,1,1594.0,140,4
1777484951,44,24.59,9.08,87.42,44.79,87.42,13.24,23,1,0,1594.0,140,4
1777484952,44,28.72,9.25,59.87,53.71,59.87,11.54,33,4,0,1594.2,140,4
1777484953,42,33.51,15.33,125.29,49.50,125.29,17.78,35,2,1,1595.0,140,4
1777484954,44,32.01,11.67,75.37,45.42,75.37,12.90,38,2,0,1595.0,140,4
1777484955,43,32.53,10.12,63.12,48.62,63.12,10.01,40,2,0,1595.0,140,4
1777484956,43,31.38,14.12,78.29,47.50,78.29,10.30,40,1,0,1595.0,140,4
1777484957,43,32.51,9.04,64.42,57.21,64.42,11.99,37,3,0,1595.9,140,4
1777484958,43,33.76,16.08,69.67,51.29,69.67,11.11,38,4,0,1596.0,140,4
1777484959,42,34.13,19.62,65.04,48.96,65.04,9.80,40,2,0,1596.0,140,4
1777484960,42,33.49,15.25,50.21,48.21,50.21,9.18,37,1,0,1596.0,140,4
1777484961,42,38.03,10.75,170.33,51.00,170.33,24.92,39,3,2,1596.6,140,4
1777484962,44,43.09,16.25,214.66,126.33,214.66,35.47,39,8,3,1597.0,140,4
1777484963,43,36.07,12.96,125.54,58.25,125.54,16.97,42,3,1,1597.0,140,4
1777484964,41,32.48,14.96,66.25,49.96,66.25,9.54,39,2,0,1597.0,140,4
1777484965,43,31.69,15.12,74.58,50.21,74.58,11.93,36,4,0,1597.3,140,4
1777484966,42,32.14,9.92,129.37,60.42,129.37,20.33,30,5,1,1598.0,140,4
1777484967,44,36.16,17.83,103.25,57.04,103.25,14.32,43,3,1,1598.0,140,4
1777484968,42,38.67,10.96,122.67,82.62,122.67,22.15,37,5,2,1598.0,140,4
1777484969,43,34.34,11.12,101.83,63.37,101.83,19.02,34,6,1,1598.0,140,4
1777484970,43,32.12,15.17,100.25,54.33,100.25,14.36,38,3,1,1599.0,140,4
1777484971,42,35.78,15.62,131.71,68.83,131.71,20.37,38,3,1,1599.0,140,4
1777484972,43,34.32,9.08,165.16,51.46,165.16,22.37,39,3,1,1599.0,140,4
1777484973,43,36.81,15.50,135.33,85.46,135.33,22.24,37,4,1,1599.0,140,4
1777484974,43,29.27,15.42,66.33,45.12,66.33,9.73,37,2,0,1599.7,140,4
1777484975,44,26.76,8.62,122.12,37.88,122.12,16.18,33,2,1,1600.0,140,4
1777484976,42,30.58,15.12,56.71,46.08,56.71,8.78,38,1,0,1600.0,140,4
1777484977,42,30.92,9.33,69.17,46.79,69.17,10.38,35,1,0,1600.0,140,4
1777484978,44,29.22,10.79,66.08,48.29,66.08,9.76,38,2,0,1600.4,140,4
1777484979,42,32.28,15.96,64.37,53.71,64.37,10.81,38,3,0,1601.0,140,4
1777484980,44,32.39,15.25,53.62,49.75,53.62,8.44,40,2,0,1601.0,140,4
1777484981,43,29.81,10.79,53.67,48.17,53.67,9.33,37,2,0,1601.0,140,4
1777484982,42,32.14,15.50,65.42,46.42,65.42,9.35,39,1,0,1601.1,140,4
1777484983,41,32.09,16.79,49.92,46.75,49.92,7.29,39,0,0,1602.0,140,4
1777484984,44,34.44,11.58,157.04,44.21,157.04,22.20,41,2,1,1602.0,140,4
1777484985,42,37.12,19.04,158.16,80.92,158.16,23.54,40,4,1,1602.0,140,4
1777484986,43,32.87,17.25,87.71,48.96,87.71,12.73,37,2,0,1602.0,140,4
1777484987,42,39.23,9.54,169.58,101.79,169.58,31.08,38,5,3,1602.8,140,4
1777484988,43,34.41,12.46,118.08,66.75,118.08,20.30,37,5,2,1603.0,140,4
1777484989,43,31.89,13.79,109.25,45.62,109.25,14.65,37,2,1,1603.0,140,4
1777484990,43,32.43,15.00,79.50,47.75,79.50,12.28,38,2,0,1603.0,140,4
1777484991,43,30.01,13.67,47.21,45.62,47.21,7.62,40,0,0,1603.5,140,4
1777484992,42,34.15,14.12,72.33,57.21,72.33,12.34,38,5,0,1604.0,140,4
1777484993,43,33.06,11.87,86.50,52.62,86.50,12.10,40,3,0,1604.0,140,4
1777484994,42,41.60,12.58,192.08,100.37,192.08,34.24,35,6,3,1604.0,140,4
1777484995,43,34.45,13.12,90.37,55.12,90.37,14.82,36,5,0,1604.2,140,4
1777484996,43,30.91,10.42,74.79,41.71,74.79,9.41,39,1,0,1605.0,140,4
1777484997,42,34.68,14.58,84.04,74.37,84.04,16.25,38,6,0,1605.0,140,4
1777484998,42,32.88,16.21,102.79,73.37,102.79,17.45,37,3,1,1605.0,140,4
1777484999,42,35.17,16.08,139.83,59.04,139.83,19.56,38,5,1,1605.0,140,4
1777485000,43,32.93,12.96,53.71,49.08,53.71,8.65,42,2,0,1605.9,140,4
1777485001,43,31.20,17.96,60.75,53.08,60.75,9.62,40,4,0,1606.0,140,4
1777485002,44,33.40,9.17,94.08,55.25,94.08,14.86,39,3,0,1606.0,140,4
1777485003,43,34.41,16.33,133.79,64.17,133.79,19.45,38,4,1,1606.0,140,4
1777485004,42,32.51,15.12,99.79,49.96,99.79,13.18,38,2,0,1606.6,140,4
1777485005,43,31.61,15.71,80.54,46.00,80.54,10.73,39,1,0,1607.0,140,4
1777485006,43,34.90,16.58,92.17,56.29,92.17,14.03,41,6,0,1607.0,140,4
1777485007,43,34.61,8.12,116.96,53.75,116.96,15.94,41,3,1,1607.0,140,4
1777485008,43,25.93,4.67,46.54,45.37,46.54,11.04,30,0,0,1607.3,140,4
1777485009,44,28.60,16.12,49.42,44.50,49.42,7.26,38,0,0,1608.0,140,4
1777485010,42,32.05,9.21,49.62,49.29,49.62,9.06,38,0,0,1608.0,140,4
1777485011,43,29.49,7.67,93.66,47.33,93.66,13.06,35,2,0,1608.0,140,4
1777485012,43,31.59,12.33,114.37,51.96,114.37,15.74,37,4,1,1608.0,140,4
1777485013,42,40.92,14.87,151.16,79.83,151.16,25.66,39,6,2,1609.0,140,4
1777485014,43,31.64,13.71,73.08,44.38,73.08,10.26,38,1,0,1609.0,140,4
1777485015,42,31.71,16.17,57.58,45.08,57.58,8.20,38,1,0,1609.0,140,4
1777485016,43,32.36,15.00,61.12,47.46,61.12,9.86,41,2,0,1609.0,140,4
1777485017,43,32.53,15.92,97.67,45.50,97.67,14.52,37,2,0,1609.7,140,4
1777485018,43,33.48,15.92,83.04,57.12,83.04,12.35,39,3,0,1610.0,140,4
1777485019,41,35.39,10.46,243.16,47.25,243.16,34.06,36,2,1,1610.0,140,4
1777485020,43,29.49,10.08,44.33,40.83,44.33,7.80,38,0,0,1610.0,140,4
1777485021,43,30.71,17.25,45.75,43.83,45.75,6.58,40,0,0,1610.4,140,4
1777485022,42,33.77,17.25,129.75,50.79,129.75,17.79,38,3,1,1611.0,140,4
1777485023,42,33.57,15.79,133.75,54.12,133.75,17.97,40,5,1,1611.0,140,4
1777485024,42,31.66,17.25,74.54,43.71,74.54,9.06,39,1,0,1611.0,140,4
1777485025,43,35.35,18.12,116.50,53.29,116.50,16.59,41,5,1,1611.2,140,4
1777485026,42,32.87,18.21,59.08,49.08,59.08,9.24,39,1,0,1612.0,140,4
1777485027,42,29.76,18.50,47.04,42.79,47.04,6.60,39,0,0,1612.0,140,4
1777485028,43,34.45,12.50,124.96,55.83,124.96,16.94,40,4,1,1612.0,140,4
1777485029,43,30.98,18.88,60.83,46.54,60.83,8.12,40,2,0,1612.0,140,4
1777485030,43,34.35,14.42,116.54,54.79,116.54,16.17,40,3,1,1612.9,140,4
1777485031,43,33.25,15.08,68.50,47.75,68.50,9.42,40,1,0,1613.0,140,4
1777485032,42,33.04,11.25,138.91,49.00,138.91,18.28,38,2,1,1613.0,140,4
1777485033,42,32.24,18.04,71.04,49.12,71.04,9.96,39,1,0,1613.0,140,4
1777485034,43,37.44,16.29,418.57,40.83,418.57,59.19,38,1,1,1613.6,140,4
1777485035,42,28.83,9.88,69.83,51.42,69.83,12.61,32,3,0,1614.0,140,4
1777485036,42,29.07,9.46,49.37,46.08,49.37,9.83,35,0,0,1614.0,140,4
1777485037,43,38.34,13.42,219.41,74.08,219.41,32.62,35,5,2,1614.0,140,4
1777485038,42,34.43,9.25,191.95,52.12,191.95,27.25,35,4,1,1614.3,140,4
1777485039,43,27.27,11.83,51.33,43.17,51.33,8.75,33,1,0,1615.0,140,4
1777485040,41,39.48,10.75,395.07,54.71,395.07,57.81,32,5,1,1615.0,140,4
1777485041,44,30.64,11.12,90.12,53.71,90.12,13.44,38,3,0,1615.0,140,4
1777485042,42,33.22,10.92,96.42,49.04,96.42,14.30,37,2,0,1615.0,140,4
1777485043,43,29.47,9.67,107.21,45.79,107.21,14.79,36,1,1,1616.0,140,4
1777485044,43,28.14,9.00,53.04,49.00,53.04,10.50,32,2,0,1616.0,140,4
1777485045,42,28.66,7.04,104.62,47.92,104.62,18.27,27,2,1,1616.0,140,4
1777485046,44,29.54,13.46,85.67,49.79,85.67,14.79,32,2,0,1616.0,140,4
1777485047,43,31.69,13.08,127.29,56.50,127.29,18.72,29,4,1,1616.7,140,4
1777485048,42,29.80,10.96,69.50,50.25,69.50,12.53,32,3,0,1617.0,140,4
1777485049,43,30.50,14.21,79.79,51.96,79.79,12.30,35,4,0,1617.0,140,4
1777485050,43,32.79,10.50,171.25,55.54,171.25,24.67,34,4,1,1617.0,140,4
1777485051,43,31.79,13.00,143.00,48.04,143.00,23.79,31,2,2,1617.4,140,4
1777485052,42,26.83,7.17,67.00,48.67,67.00,12.00,29,2,0,1618.0,140,4
1777485053,43,28.97,9.54,89.62,51.62,89.62,13.67,34,3,0,1618.0,140,4
1777485054,42,36.21,7.50,373.62,47.91,373.62,53.96,30,1,1,1618.0,140,4
1777485055,42,30.27,10.12,64.79,53.21,64.79,12.39,33,3,0,1618.1,140,4
1777485056,42,27.40,7.92,119.96,44.04,119.96,18.67,25,2,1,1619.0,140,4
1777485057,43,25.53,7.75,48.25,40.83,48.25,9.35,29,0,0,1619.0,140,4
1777485058,42,37.19,8.25,234.70,70.00,234.70,36.17,30,7,2,1619.0,140,4
1777485059,44,30.05,9.08,98.91,56.62,98.91,15.07,35,4,0,1619.0,140,4
1777485060,43,37.39,7.67,206.20,63.71,206.20,35.03,36,5,2,1619.8,140,4
1777485061,42,27.62,7.79,60.33,47.96,60.33,11.37,31,1,0,1620.0,140,4
1777485062,43,30.01,7.33,108.83,53.75,108.83,19.91,28,5,1,1620.0,140,4
1777485063,43,30.46,9.42,85.87,50.25,85.87,15.55,29,3,0,1620.0,140,4
1777485064,43,27.75,6.54,63.54,54.37,63.54,14.54,27,6,0,1620.5,140,4
1777485065,42,33.31,10.71,202.25,51.42,202.25,29.81,29,3,1,1621.0,140,4
1777485066,42,28.62,6.92,64.58,53.67,64.58,14.12,27,3,0,1621.0,140,4
1777485067,42,30.26,12.92,55.71,53.46,55.71,12.17,35,5,0,1621.0,140,4
1777485068,41,28.38,8.38,57.00,47.66,57.00,10.75,32,2,0,1621.2,140,4
1777485069,43,25.14,6.25,54.25,46.00,54.25,9.57,33,1,0,1622.0,140,4
1777485070,42,31.97,10.33,138.71,58.50,138.71,21.44,32,4,1,1622.0,140,4
1777485071,42,31.68,10.58,133.00,63.58,133.00,23.63,32,3,2,1622.0,140,4
1777485072,41,26.57,6.75,43.67,41.50,43.67,8.90,29,0,0,1622.0,140,4
1777485073,42,29.83,7.96,80.12,51.58,80.12,14.14,32,4,0,1622.9,140,4
1777485074,43,26.62,8.54,104.37,42.08,104.37,14.57,32,2,1,1623.0,140,4
1777485075,42,34.66,14.54,152.12,58.50,152.12,24.91,33,5,2,1623.0,140,4
1777485076,42,28.04,9.17,126.62,49.08,126.62,18.39,28,1,1,1623.0,140,4
1777485077,42,28.17,5.04,56.33,54.37,56.33,13.11,32,3,0,1623.6,140,4
1777485078,42,30.06,13.62,110.08,56.54,110.08,18.98,28,4,1,1624.0,140,4
1777485079,42,26.95,8.25,51.75,49.58,51.75,10.93,31,2,0,1624.0,140,4
1777485080,43,31.22,6.96,137.16,65.96,137.16,22.07,33,4,1,1624.0,140,4
1777485081,43,29.13,6.71,139.46,44.96,139.46,19.64,32,2,1,1624.3,140,4
1777485082,43,23.98,7.25,48.17,40.83,48.17,8.93,29,0,0,1625.0,140,4
1777485083,41,31.35,9.50,70.62,56.21,70.62,13.77,32,6,0,1625.0,140,4
1777485084,42,29.60,9.88,72.67,53.58,72.67,13.36,30,4,0,1625.0,140,4
1777485085,42,28.96,7.88,107.46,50.71,107.46,16.47,30,3,1,1625.0,140,4
1777485086,42,30.34,11.08,104.37,49.83,104.37,15.97,31,2,1,1626.0,140,4
1777485087,42,34.03,7.33,131.04,102.79,131.04,27.39,29,5,3,1626.0,140,4
1777485088,43,30.50,7.38,101.96,58.58,101.96,18.43,33,5,1,1626.0,140,4
1777485089,43,24.28,8.75,86.79,40.75,86.79,12.80,25,1,0,1626.0,140,4
1777485090,43,30.76,9.83,79.21,64.25,79.21,15.45,30,4,0,1626.7,140,4
1777485091,42,32.38,11.17,74.17,50.67,74.17,13.15,32,4,0,1627.0,140,4
1777485092,43,27.73,9.17,51.50,45.71,51.50,9.87,32,2,0,1627.0,140,4
1777485093,42,28.12,8.62,63.87,56.96,63.87,12.42,32,4,0,1627.0,140,4
1777485094,42,32.36,9.88,120.50,60.58,120.50,20.13,34,5,1,1627.5,140,4
1777485095,41,29.18,12.58,60.71,51.37,60.71,13.06,28,6,0,1628.0,140,4
1777485096,42,28.98,11.08,52.79,47.96,52.79,10.33,32,2,0,1628.0,140,4
1777485097,42,32.28,7.88,170.21,58.08,170.21,25.62,28,4,1,1628.0,140,4
1777485098,42,26.96,7.62,60.71,55.00,60.71,12.74,30,3,0,1628.1,140,4
1777485099,41,29.81,7.21,85.21,56.29,85.21,14.04,32,3,0,1629.0,140,4
1777485100,42,26.86,10.71,49.46,45.16,49.46,9.96,26,0,0,1629.0,140,4
1777485101,43,30.25,7.92,123.87,47.04,123.87,19.23,30,2,1,1629.0,140,4
1777485102,44,25.80,8.79,54.25,43.58,54.25,10.06,27,2,0,1629.0,140,4
1777485103,42,34.64,9.50,172.87,106.46,172.87,34.19,30,3,3,1629.9,140,4
1777485104,43,36.13,9.75,144.96,76.79,144.96,26.87,33,8,2,1630.0,140,4
1777485105,42,29.97,7.92,101.83,48.21,101.83,16.15,31,2,1,1630.0,140,4
1777485106,42,31.52,11.25,146.79,48.21,146.79,21.29,31,2,1,1630.0,140,4
1777485107,43,25.02,8.38,46.12,40.79,46.12,8.50,31,0,0,1630.6,140,4
1777485108,43,36.36,10.33,192.46,90.96,192.46,34.40,32,3,2,1631.0,140,4
1777485109,42,26.14,8.29,73.75,42.67,73.75,11.38,27,2,0,1631.0,140,4
1777485110,44,27.16,6.92,65.62,52.46,65.62,13.33,29,3,0,1631.0,140,4
1777485111,42,27.17,10.00,45.96,44.87,45.96,9.77,31,0,0,1631.3,140,4
1777485112,43,35.96,11.54,216.12,78.37,216.12,33.05,36,6,2,1632.0,140,4
1777485113,42,31.24,7.79,126.83,65.12,126.83,19.49,30,3,1,1632.0,140,4
1777485114,43,28.34,9.17,97.62,48.42,97.62,14.59,31,2,0,1632.0,140,4
1777485115,42,33.03,10.00,152.62,69.08,152.62,24.55,26,6,1,1632.0,140,4
1777485116,42,29.12,9.96,55.75,50.67,55.75,10.30,33,4,0,1633.0,140,4
1777485117,43,28.60,11.00,90.67,50.79,90.67,14.32,30,3,0,1633.0,140,4
1777485118,42,26.87,7.25,121.04,45.79,121.04,18.20,27,2,1,1633.0,140,4
1777485119,43,26.85,7.88,88.12,46.75,88.12,13.24,31,1,0,1633.0,140,4
1777485120,42,29.09,8.04,241.45,47.92,241.45,34.96,24,1,1,1633.7,140,4
1777485121,42,33.13,12.04,196.96,50.29,196.96,28.36,36,3,1,1634.0,140,4
1777485122,42,30.50,8.33,107.21,51.54,107.21,17.32,28,4,1,1634.0,140,4
1777485123,42,25.61,8.33,53.37,40.54,53.37,9.45,27,1,0,1634.0,140,4
1777485124,43,32.25,10.21,182.45,50.96,182.45,29.55,29,3,2,1634.4,140,4
1777485125,42,32.26,8.21,341.87,46.54,341.87,49.39,27,1,1,1635.0,140,4
1777485126,42,27.25,9.79,96.08,47.75,96.08,15.29,27,1,0,1635.0,140,4
1777485127,42,35.66,9.42,219.62,120.62,219.62,37.08,32,3,3,1635.0,140,4
1777485128,42,32.76,7.12,104.67,93.33,104.67,21.56,33,5,2,1635.1,140,4
1777485129,43,26.97,8.58,57.79,44.75,57.79,11.32,34,2,0,1636.0,140,4
1777485130,42,23.21,8.54,39.08,36.54,39.08,8.05,24,0,0,1636.0,140,4
1777485131,43,27.30,7.54,53.96,51.04,53.96,12.69,27,3,0,1636.0,140,4
1777485132,42,27.56,10.83,77.87,48.00,77.87,12.91,31,2,0,1636.0,140,4
1777485133,43,27.01,6.25,51.16,47.54,51.16,10.95,30,1,0,1636.8,140,4
1777485134,42,27.89,8.17,54.41,48.83,54.41,11.07,30,2,0,1637.0,140,4
1777485135,43,24.66,7.92,46.67,41.29,46.67,9.01,29,0,0,1637.0,140,4
1777485136,42,29.14,9.04,62.91,50.04,62.91,11.30,31,3,0,1637.0,140,4
1777485137,43,26.23,11.33,97.50,40.71,97.50,14.32,24,2,0,1637.5,140,4
1777485138,42,31.06,10.29,84.62,53.25,84.62,14.96,32,4,0,1638.0,140,4
1777485139,42,31.65,11.79,112.50,53.87,112.50,18.96,29,4,1,1638.0,140,4
1777485140,43,29.13,6.79,85.12,52.17,85.12,14.52,31,4,0,1638.0,140,4
1777485141,42,27.31,8.04,51.04,49.08,51.04,12.18,25,1,0,1638.2,140,4
1777485142,42,27.63,7.62,77.75,48.71,77.75,12.93,30,2,0,1639.0,140,4
1777485143,42,35.20,9.17,240.29,85.37,240.29,37.73,32,5,2,1639.0,140,4
1777485144,41,34.11,13.58,106.75,74.33,106.75,18.20,31,4,1,1639.0,140,4
1777485145,43,26.09,9.29,51.21,44.08,51.21,9.69,29,1,0,1639.0,140,4
1777485146,43,26.74,9.96,63.37,45.50,63.37,10.68,32,1,0,1639.9,140,4
1777485147,42,28.18,8.42,58.79,48.66,58.79,11.90,30,2,0,1640.0,140,4
1777485148,43,30.74,11.92,112.08,49.71,112.08,19.09,31,2,1,1640.0,140,4
1777485149,43,28.81,7.96,55.54,49.66,55.54,10.07,35,2,0,1640.0,140,4
1777485150,42,31.33,10.67,154.83,58.21,154.83,22.83,30,4,1,1640.6,140,4
1777485151,42,29.06,8.75,55.04,46.04,55.04,10.25,35,1,0,1641.0,140,4
1777485152,43,26.90,9.46,90.87,49.08,90.87,14.27,28,2,0,1641.0,140,4
1777485153,43,30.86,9.79,97.17,88.87,97.17,19.31,33,3,0,1641.0,140,4
1777485154,42,26.10,10.96,85.17,43.50,85.17,12.30,30,2,0,1641.3,140,4
1777485155,42,23.28,9.71,54.12,38.87,54.12,9.47,27,1,0,1642.0,140,4
1777485156,43,29.95,12.04,50.08,48.12,50.08,10.30,36,1,0,1642.0,140,4
1777485157,42,25.16,7.08,48.37,40.96,48.37,9.08,28,0,0,1642.0,140,4
1777485158,43,28.58,7.46,52.12,46.67,52.12,11.57,33,1,0,1642.0,140,4
1777485159,42,200.81,14.25,7097.40,84.96,7097.40,1077.21,35,5,2,1643.0,140,4
1777485160,42,29.67,6.75,88.29,54.12,88.29,16.96,30,4,0,1643.0,140,4
1777485161,44,29.11,10.17,104.25,52.16,104.25,15.27,35,3,1,1643.0,140,4
1777485162,41,29.90,7.25,86.62,59.54,86.62,15.66,28,4,0,1643.0,140,4
1777485163,43,30.15,9.29,128.46,52.21,128.46,18.49,31,3,1,1643.7,140,4
1777485164,42,36.43,11.25,132.08,98.83,132.08,27.44,30,9,2,1644.0,140,4
1777485165,43,29.70,7.12,106.96,45.67,106.96,15.98,31,1,1,1644.0,140,4
1777485166,42,32.17,7.58,120.83,49.46,120.83,17.46,35,2,1,1644.0,140,4
1777485167,42,27.50,7.75,83.96,47.87,83.96,14.88,27,2,0,1644.4,140,4
1777485168,43,27.75,8.17,112.71,45.46,112.71,18.77,28,2,1,1645.0,140,4
1777485169,42,35.31,13.71,145.21,66.04,145.21,22.27,35,4,1,1645.0,140,4
1777485170,42,31.53,11.54,186.08,58.41,186.08,27.75,25,3,1,1645.0,140,4
1777485171,43,28.34,12.79,90.96,51.00,90.96,13.90,30,3,0,1645.1,140,4
1777485172,43,27.51,8.83,144.46,45.75,144.46,20.20,29,1,1,1646.0,140,4
1777485173,42,28.70,8.12,91.37,51.42,91.37,15.23,28,4,0,1646.0,140,4
1777485174,44,27.71,9.75,54.21,49.83,54.21,11.45,29,2,0,1646.0,140,4
1777485175,42,28.94,6.67,91.17,69.12,91.17,17.18,26,5,0,1646.0,140,4
1777485176,41,29.67,7.96,56.12,53.96,56.12,13.78,29,6,0,1646.9,140,4
1777485177,42,27.97,9.29,100.91,49.71,100.91,16.24,27,2,1,1647.0,140,4
1777485178,42,28.13,7.33,77.96,50.46,77.96,13.64,28,3,0,1647.0,140,4
1777485179,43,28.57,6.79,115.83,47.75,115.83,16.96,31,2,1,1647.0,140,4
1777485180,43,31.57,8.87,154.04,78.17,154.04,28.26,29,4,2,1647.5,140,4
1777485181,42,26.28,7.21,47.37,45.87,47.37,10.03,31,0,0,1648.0,140,4
1777485182,42,24.63,7.21,51.96,45.62,51.96,9.95,27,1,0,1648.0,140,4
1777485183,43,30.03,15.75,139.37,49.71,139.37,20.00,29,2,1,1648.0,140,4
1777485184,42,30.40,6.92,55.25,51.00,55.25,11.96,35,3,0,1648.2,140,4
1777485185,43,24.94,7.29,64.21,37.75,64.21,9.90,30,1,0,1649.0,140,4
1777485186,42,30.90,11.87,53.79,51.04,53.79,11.66,32,3,0,1649.0,140,4
1777485187,43,26.35,8.88,46.00,40.29,46.00,7.53,34,0,0,1649.0,140,4
1777485188,43,29.18,7.38,113.16,61.79,113.16,19.64,27,3,1,1649.0,140,4
1777485189,41,31.35,8.21,83.04,53.08,83.04,15.99,30,6,0,1650.0,140,4
1777485190,43,23.17,7.08,53.54,36.79,53.54,9.99,22,1,0,1650.0,140,4
1777485191,42,32.81,7.83,138.96,81.67,138.96,24.95,29,7,2,1650.0,140,4
1777485192,41,28.86,9.50,76.33,49.58,76.33,13.93,30,2,0,1650.0,140,4
1777485193,43,29.70,7.62,157.08,68.62,157.08,24.96,26,6,1,1650.7,140,4
1777485194,43,26.21,7.08,48.08,45.83,48.08,10.94,28,0,0,1651.0,140,4
1777485195,42,30.47,12.29,161.66,49.79,161.66,22.99,31,2,1,1651.0,140,4
1777485196,43,29.88,8.50,85.17,51.17,85.17,14.32,31,4,0,1651.0,140,4
1777485197,43,26.13,8.12,58.92,44.29,58.92,11.17,28,2,0,1651.3,140,4
1777485198,42,25.69,8.17,51.21,43.50,51.21,10.11,27,1,0,1652.0,140,4
1777485199,43,34.38,8.42,140.00,76.67,140.00,27.04,37,5,2,1652.0,140,4
1777485200,43,27.68,8.25,48.62,47.58,48.62,11.49,30,0,0,1652.0,140,4
1777485201,44,25.73,7.17,48.54,46.50,48.54,9.90,31,0,0,1652.0,140,4
1777485202,44,22.67,7.75,54.71,41.46,54.71,10.41,23,2,0,1653.0,140,4
1777485203,43,23.40,5.04,67.62,38.96,67.62,11.25,27,2,0,1653.0,140,4
1777485204,43,25.62,11.33,56.21,38.87,56.21,9.56,31,2,0,1653.0,140,4
1777485205,43,32.37,12.58,184.66,49.87,184.66,25.27,35,2,1,1653.0,140,4
1777485206,43,31.04,11.96,56.83,51.54,56.83,9.86,39,3,0,1653.8,140,4
1777485207,43,31.22,11.54,152.16,41.62,152.16,20.25,37,1,1,1654.0,140,4
1777485208,43,22.51,5.71,34.33,33.17,34.33,6.21,29,0,0,1654.0,140,4
1777485209,43,32.38,13.12,89.46,62.04,89.46,13.95,39,3,0,1654.0,140,4
1777485210,43,35.44,11.54,162.54,61.46,162.54,22.56,40,5,1,1654.5,140,4
1777485211,42,30.78,16.50,85.17,44.37,85.17,11.75,38,1,0,1655.0,140,4
1777485212,43,44.93,17.04,476.91,56.42,476.91,67.93,41,5,1,1655.0,140,4
1777485213,42,30.57,18.00,49.37,46.41,49.37,6.68,39,0,0,1655.0,140,4
1777485213,37,33.37,10.87,60.41,56.21,60.41,11.74,34,5,0,1655.1,140,4
1777485250,4,11.83,5.50,29.42,29.42,29.42,10.16,1,0,0,1664.0,140,5
1777485251,43,39.64,8.38,337.99,132.46,337.99,52.63,29,6,3,1664.0,140,5
1777485252,44,25.34,8.79,113.16,53.87,113.16,18.29,25,3,1,1664.0,140,5
1777485253,43,22.93,4.50,70.79,40.75,70.79,12.76,21,2,0,1664.5,140,5
1777485254,45,28.18,13.04,53.71,42.62,53.71,8.65,36,1,0,1665.0,140,5
1777485255,42,24.41,7.92,44.08,36.29,44.08,7.77,29,0,0,1665.0,140,5
1777485256,46,26.03,9.38,106.62,39.12,106.62,14.36,33,1,1,1665.0,140,5
1777485257,44,22.65,6.58,37.37,33.92,37.37,7.12,29,0,0,1665.2,140,5
1777485258,43,25.62,8.12,53.29,42.21,53.29,9.27,31,1,0,1666.0,140,5
1777485259,45,24.45,11.17,73.96,37.08,73.96,10.35,30,1,0,1666.0,140,5
1777485260,44,26.73,12.46,52.62,44.71,52.62,9.23,33,2,0,1666.0,140,5
1777485261,44,23.90,4.67,80.29,38.58,80.29,11.68,26,1,0,1666.0,140,5
1777485262,44,29.04,8.96,130.46,43.71,130.46,17.29,37,1,1,1666.9,140,5
1777485263,43,33.30,16.17,140.58,72.08,140.58,24.13,36,3,2,1667.0,140,5
1777485264,43,34.07,11.12,128.62,68.58,128.62,19.43,37,5,1,1667.0,140,5
1777485265,43,33.30,15.54,149.54,45.62,149.54,20.01,39,2,1,1667.0,140,5
1777485266,42,29.85,11.08,51.12,49.04,51.12,9.79,35,1,0,1667.6,140,5
1777485267,43,33.92,15.38,115.54,48.29,115.54,14.85,38,2,1,1668.0,140,5
1777485268,43,37.72,15.08,176.33,85.79,176.33,31.42,38,3,2,1668.0,140,5
1777485269,42,31.82,17.25,72.42,46.00,72.42,10.13,39,2,0,1668.0,140,5
1777485270,43,33.16,9.38,82.00,54.50,82.00,14.07,38,4,0,1668.3,140,5
1777485271,42,31.91,16.42,58.21,44.46,58.21,8.73,40,2,0,1669.0,140,5
1777485272,41,31.79,8.71,74.96,51.42,74.96,10.89,37,3,0,1669.0,140,5
1777485273,43,37.02,15.71,157.83,141.25,157.83,31.91,39,4,3,1669.0,140,5
1777485274,43,38.02,18.33,122.79,87.08,122.79,20.05,40,4,1,1669.0,140,5
1777485275,42,31.01,16.00,51.04,46.71,51.04,8.28,37,1,0,1670.0,140,5
1777485276,43,33.32,18.71,102.21,56.08,102.21,14.78,41,3,1,1670.0,140,5
1777485277,42,30.81,10.75,149.62,68.87,149.62,26.58,32,3,2,1670.0,140,5
1777485278,43,30.87,12.79,53.58,46.21,53.58,8.09,38,1,0,1670.0,140,5
1777485279,43,33.09,17.29,91.62,63.17,91.62,13.25,38,3,0,1670.8,140,5
1777485280,42,41.91,9.21,265.37,94.83,265.37,40.19,35,6,2,1671.0,140,5
1777485281,44,30.45,11.50,88.50,69.08,88.50,14.83,36,3,0,1671.0,140,5
1777485282,44,32.92,8.08,84.54,67.79,84.54,15.48,36,4,0,1671.0,140,5
1777485283,42,38.15,14.88,135.25,111.12,135.25,25.39,38,4,3,1671.5,140,5
1777485284,43,35.41,16.83,122.50,48.42,122.50,15.80,40,2,1,1672.0,140,5
1777485285,43,32.23,14.67,92.08,46.79,92.08,11.85,38,2,0,1672.0,140,5
1777485286,43,36.68,8.12,268.91,48.71,268.91,37.20,37,2,1,1672.0,140,5
1777485287,42,35.37,18.71,132.50,76.08,132.50,20.15,36,3,1,1672.1,140,5
1777485288,43,34.71,17.12,96.83,63.29,96.83,16.31,39,4,0,1673.0,140,5
1777485289,41,32.79,17.71,83.79,46.67,83.79,11.77,37,2,0,1673.0,140,5
1777485290,43,31.21,11.50,93.67,49.37,93.67,13.00,36,2,0,1673.0,140,5
1777485291,42,45.89,10.83,549.90,73.17,549.90,81.47,35,4,2,1673.0,140,5
1777485292,43,42.12,5.96,521.99,68.04,521.99,84.52,30,3,2,1673.9,140,5
1777485293,43,27.88,13.42,154.62,45.04,154.62,22.09,27,2,1,1674.0,140,5
1777485294,41,24.69,11.21,120.33,38.92,120.33,18.31,21,2,1,1674.0,140,5
1777485295,42,25.49,8.17,139.33,47.83,139.33,19.74,23,1,1,1674.0,140,5
1777485296,44,27.91,9.38,55.58,48.00,55.58,10.29,34,1,0,1674.6,140,5
1777485297,41,23.94,12.58,45.50,44.58,45.50,8.50,24,0,0,1675.0,140,5
1777485298,44,34.73,16.00,324.58,78.50,324.58,46.89,34,3,2,1675.0,140,5
1777485299,43,23.36,10.25,39.04,32.71,39.04,5.92,29,0,0,1675.0,140,5
1777485300,43,27.94,10.25,73.04,49.92,73.04,11.38,31,2,0,1675.3,140,5
1777485301,43,24.81,8.29,52.83,40.67,52.83,8.88,27,1,0,1676.0,140,5
1777485302,43,25.55,8.25,99.29,37.54,99.29,16.48,26,2,0,1676.0,140,5
1777485303,42,22.98,8.17,37.33,33.67,37.33,5.86,25,0,0,1676.0,140,5
1777485304,44,24.60,8.79,57.75,48.37,57.75,10.13,28,2,0,1676.0,140,5
1777485305,42,25.87,13.08,87.67,51.04,87.67,13.23,26,3,0,1677.0,140,5
1777485306,43,26.52,10.33,108.58,33.62,108.58,14.24,30,1,1,1677.0,140,5
1777485307,44,26.07,9.79,50.71,48.12,50.71,9.68,32,2,0,1677.0,140,5
1777485308,43,27.93,7.54,174.46,48.79,174.46,25.01,28,1,1,1677.0,140,5
1777485309,42,22.20,10.46,51.75,43.87,51.75,9.00,20,1,0,1677.7,140,5
1777485310,43,21.57,10.58,62.87,30.96,62.87,8.50,20,1,0,1678.0,140,5
1777485311,43,21.78,10.62,84.67,40.08,84.67,13.31,15,2,0,1678.0,140,5
1777485312,43,23.43,12.62,55.71,40.00,55.71,10.44,21,2,0,1678.0,140,5
1777485313,42,28.83,7.92,65.67,45.83,65.67,11.61,35,2,0,1678.4,140,5
1777485314,43,31.93,14.79,176.16,67.25,176.16,26.32,31,5,1,1679.0,140,5
1777485315,41,30.02,9.92,62.62,44.96,62.62,10.47,34,1,0,1679.0,140,5
1777485316,43,31.42,10.50,71.37,50.16,71.37,11.90,35,3,0,1679.0,140,5
1777485317,43,30.13,12.92,106.71,77.75,106.71,18.83,36,3,1,1679.1,140,5
1777485318,42,34.72,11.54,261.58,98.79,261.58,41.15,31,4,2,1680.0,140,5
1777485319,43,28.59,11.54,79.33,42.92,79.33,10.39,37,1,0,1680.0,140,5
1777485320,43,31.33,9.71,145.41,48.37,145.41,19.44,38,2,1,1680.0,140,5
1777485321,43,30.66,8.46,70.79,51.04,70.79,11.23,38,3,0,1680.0,140,5
1777485322,43,33.89,15.67,86.46,55.67,86.46,13.75,41,4,0,1680.8,140,5
1777485323,45,28.83,15.50,49.37,45.83,49.37,7.85,39,0,0,1681.0,140,5
1777485324,41,29.76,8.46,56.58,54.62,56.58,10.01,37,4,0,1681.0,140,5
1777485325,43,34.31,14.46,98.42,69.54,98.42,17.07,38,4,0,1681.0,140,5
1777485326,44,30.28,9.21,71.04,45.54,71.04,9.87,39,1,0,1681.5,140,5
1777485327,43,34.27,15.92,111.41,50.16,111.41,14.57,38,3,1,1682.0,140,5
1777485328,42,35.55,16.04,154.21,70.04,154.21,22.06,37,3,1,1682.0,140,5
1777485329,43,35.67,16.71,89.42,73.29,89.42,15.64,38,4,0,1682.0,140,5
1777485330,43,32.29,9.79,84.21,48.16,84.21,13.13,39,2,0,1682.2,140,5
1777485331,43,33.73,14.46,97.87,46.87,97.87,13.66,41,2,0,1683.0,140,5
1777485332,42,35.89,8.79,105.91,61.96,105.91,16.40,37,4,1,1683.0,140,5
1777485333,43,36.30,17.71,97.08,79.83,97.08,17.25,39,5,0,1683.0,140,5
1777485334,43,34.69,17.67,129.54,63.91,129.54,18.52,40,4,1,1683.0,140,5
1777485335,43,32.00,14.79,93.42,56.83,93.42,16.16,37,4,0,1683.9,140,5
1777485336,43,33.55,16.67,75.17,54.58,75.17,11.05,40,3,0,1684.0,140,5
1777485337,42,34.70,9.83,142.12,50.50,142.12,23.42,37,3,2,1684.0,140,5
1777485338,43,30.82,8.75,182.91,40.00,182.91,24.56,35,1,1,1684.0,140,5
1777485339,42,34.92,18.00,109.33,48.46,109.33,14.00,40,2,1,1684.6,140,5
1777485340,43,33.67,17.08,99.08,50.33,99.08,13.80,40,3,0,1685.0,140,5
1777485341,42,33.19,11.46,75.71,49.96,75.71,12.27,36,2,0,1685.0,140,5
1777485342,43,44.77,14.67,428.74,102.42,428.74,63.22,38,7,3,1685.0,140,5
1777485343,42,32.33,15.88,86.29,47.83,86.29,11.04,40,1,0,1685.3,140,5
1777485344,42,32.39,12.75,55.67,50.16,55.67,9.72,40,3,0,1686.0,140,5
1777485345,42,30.38,12.12,60.91,41.91,60.91,8.53,40,1,0,1686.0,140,5
1777485346,43,36.82,14.83,156.00,53.67,156.00,25.63,40,3,2,1686.0,140,5
1777485347,42,30.80,10.92,71.37,46.29,71.37,9.95,40,1,0,1686.0,140,5
1777485348,43,33.27,13.12,59.71,56.25,59.71,10.47,39,3,0,1687.0,140,5
1777485349,43,33.96,10.00,69.54,54.91,69.54,11.02,40,3,0,1687.0,140,5
1777485350,43,33.81,16.33,87.04,51.33,87.04,13.53,40,3,0,1687.0,140,5
1777485351,43,33.04,9.96,71.42,48.17,71.42,11.56,36,2,0,1687.0,140,5
1777485352,42,36.33,16.08,107.00,60.21,107.00,15.35,38,6,1,1687.7,140,5
1777485353,44,33.92,15.71,166.04,47.04,166.04,22.05,39,2,1,1688.0,140,5
1777485354,42,38.06,14.92,94.50,71.46,94.50,16.87,37,6,0,1688.0,140,5
1777485355,42,36.10,17.62,100.21,60.96,100.21,15.37,40,7,1,1688.0,140,5
1777485356,42,32.69,9.79,69.79,48.46,69.79,10.27,37,2,0,1688.4,140,5
1777485357,43,36.57,15.58,165.41,55.62,165.41,23.64,38,4,1,1689.0,140,5
1777485358,43,33.27,15.92,115.67,46.25,115.67,15.63,38,2,1,1689.0,140,5
1777485359,43,37.48,13.50,166.08,56.58,166.08,22.31,40,4,1,1689.0,140,5
1777485360,44,36.67,7.88,258.08,48.71,258.08,36.91,38,2,2,1689.2,140,5
1777485361,41,37.29,20.29,96.58,77.12,96.58,17.14,41,6,0,1690.0,140,5
1777485362,43,29.06,10.58,42.75,36.21,42.75,6.25,38,0,0,1690.0,140,5
1777485363,42,34.59,16.71,69.08,52.37,69.08,10.57,40,5,0,1690.0,140,5
1777485364,43,32.86,13.08,172.83,46.87,172.83,22.94,39,1,1,1690.0,140,5
1777485365,42,33.93,12.33,147.00,54.96,147.00,20.03,37,3,1,1690.9,140,5
1777485366,44,38.83,20.21,110.96,72.42,110.96,18.27,44,6,2,1691.0,140,5
1777485367,42,33.93,16.83,123.58,50.92,123.58,16.50,38,3,1,1691.0,140,5
1777485368,43,34.30,10.58,107.08,79.12,107.08,18.07,35,4,1,1691.0,140,5
1777485369,43,37.50,15.08,320.87,59.71,320.87,45.05,34,4,1,1691.6,140,5
1777485370,43,30.73,14.42,61.91,51.00,61.91,10.12,36,3,0,1692.0,140,5
1777485371,43,36.65,8.46,228.45,65.08,228.45,32.71,37,4,1,1692.0,140,5
1777485372,43,50.10,11.54,458.07,101.08,458.07,83.96,40,4,3,1692.0,140,5
1777485373,43,21.32,5.79,38.58,31.54,38.58,7.29,24,0,0,1692.3,140,5
1777485374,45,56.54,13.58,221.20,169.66,221.20,52.59,38,12,9,1693.0,140,5
1777485375,46,80.46,7.88,168.46,157.37,168.46,46.11,42,29,20,1693.0,140,5
1777485376,45,48.39,9.38,183.83,118.54,183.83,41.66,35,13,6,1693.0,140,5
1777485377,44,31.46,9.12,90.37,57.41,90.37,14.33,36,4,0,1693.0,140,5
1777485378,43,43.77,8.08,275.58,140.00,275.58,45.78,36,5,3,1694.0,140,5
1777485379,43,33.20,16.58,79.87,51.08,79.87,11.38,40,4,0,1694.0,140,5
1777485380,43,33.62,15.42,73.58,67.46,73.58,13.22,39,5,0,1694.0,140,5
1777485381,44,34.60,13.88,237.16,47.96,237.16,32.71,36,2,1,1694.0,140,5
1777485382,43,31.59,11.42,245.00,51.12,245.00,34.27,34,3,1,1694.7,140,5
1777485383,42,27.07,9.75,77.92,43.67,77.92,12.16,32,1,0,1695.0,140,5
1777485384,43,30.59,12.21,95.71,50.00,95.71,13.97,36,2,0,1695.0,140,5
1777485385,43,34.91,19.33,113.54,82.08,113.54,18.91,42,5,1,1695.0,140,5
1777485386,44,42.82,14.08,352.16,71.96,352.16,53.54,40,7,2,1695.4,140,5
1777485387,42,32.83,14.17,83.79,53.75,83.79,14.32,36,4,0,1696.0,140,5
1777485388,44,42.03,9.79,221.54,117.58,221.54,41.02,34,9,3,1696.0,140,5
1777485389,46,41.26,5.79,150.12,104.33,150.12,32.53,32,10,5,1696.0,140,5
1777485390,45,37.53,8.92,141.12,104.25,141.12,29.66,30,8,3,1696.1,140,5
1777485391,44,39.98,13.29,299.16,66.17,299.16,52.68,35,4,2,1697.0,140,5
1777485392,43,29.77,7.00,80.33,47.21,80.33,13.38,37,2,0,1697.0,140,5
1777485393,42,30.53,14.54,52.08,45.29,52.08,8.42,35,1,0,1697.0,140,5
1777485394,43,33.77,12.38,182.04,61.41,182.04,25.37,39,3,1,1697.0,140,5
1777485395,43,31.21,11.17,55.67,47.66,55.67,9.79,38,1,0,1697.8,140,5
1777485396,43,37.96,18.17,277.79,42.71,277.79,44.96,41,2,2,1698.0,140,5
1777485397,42,36.81,15.92,175.71,81.58,175.71,27.96,40,3,2,1698.0,140,5
1777485398,43,31.49,14.33,84.54,49.54,84.54,14.90,39,2,0,1698.0,140,5
1777485399,42,29.14,10.00,187.58,38.37,187.58,25.73,33,1,1,1698.5,140,5
1777485400,43,36.21,12.75,273.12,116.04,273.12,42.75,28,4,3,1699.0,140,5
1777485401,43,27.50,8.21,98.71,43.87,98.71,17.61,28,2,0,1699.0,140,5
1777485402,43,43.11,10.17,316.79,128.08,316.79,50.94,36,8,3,1699.0,140,5
1777485403,44,32.60,3.42,86.04,49.79,86.04,13.35,39,2,0,1699.2,140,5
1777485404,45,50.44,8.00,240.95,153.66,240.95,53.54,36,11,7,1700.0,140,5
1777485405,44,27.76,10.42,101.79,44.25,101.79,14.75,34,2,1,1700.0,140,5
1777485406,44,28.44,7.12,167.21,40.25,167.21,22.62,36,1,1,1700.0,140,5
1777485407,46,21.85,9.33,69.04,34.67,69.04,10.73,22,2,0,1700.0,140,5
1777485408,44,30.76,13.17,94.08,66.29,94.08,16.69,30,3,0,1700.9,140,5
1777485409,43,33.70,13.88,159.62,82.12,159.62,26.95,27,5,2,1701.0,140,5
1777485410,43,24.80,8.92,161.25,34.67,161.25,21.89,26,1,1,1701.0,140,5
1777485411,44,29.92,9.38,158.41,56.37,158.41,24.85,31,4,2,1701.0,140,5
1777485412,42,30.75,14.88,87.33,50.42,87.33,13.86,33,4,0,1701.6,140,5
1777485413,43,31.22,7.37,77.33,48.00,77.33,13.02,34,2,0,1702.0,140,5
1777485414,43,27.77,8.25,101.96,68.67,101.96,17.22,31,4,1,1702.0,140,5
1777485415,42,26.58,10.83,85.50,44.75,85.50,14.69,24,2,0,1702.0,140,5
1777485416,43,25.03,12.08,49.29,40.96,49.29,7.61,32,0,0,1702.3,140,5
1777485417,42,28.19,15.54,90.16,55.58,90.16,13.64,33,3,0,1703.0,140,5
1777485418,42,54.57,8.08,432.32,113.37,432.32,78.58,36,9,5,1703.0,140,5
1777485419,42,27.12,9.25,83.96,43.75,83.96,12.76,35,2,0,1703.0,140,5
1777485420,44,31.17,10.38,234.95,43.54,234.95,31.95,37,2,1,1703.0,140,5
1777485421,43,34.62,14.12,183.04,54.66,183.04,25.94,32,3,1,1704.0,140,5
1777485422,43,38.83,16.17,184.29,116.41,184.29,32.30,37,5,3,1704.0,140,5
1777485423,43,33.89,10.67,83.83,51.41,83.83,13.21,35,3,0,1704.0,140,5
1777485424,43,34.03,18.71,155.00,61.91,155.00,21.73,40,3,1,1704.0,140,5
1777485425,42,32.45,17.83,62.37,49.16,62.37,10.78,35,2,0,1704.7,140,5
1777485426,42,26.74,14.75,42.00,40.87,42.00,8.23,30,0,0,1705.0,140,5
1777485427,43,28.95,15.92,95.96,46.46,95.96,13.17,35,1,0,1705.0,140,5
1777485428,43,34.84,12.96,155.50,65.79,155.50,24.84,37,5,2,1705.0,140,5
1777485429,42,34.16,10.33,150.96,57.75,150.96,23.46,39,5,2,1705.4,140,5
1777485430,43,28.02,10.38,50.79,45.87,50.79,9.39,34,1,0,1706.0,140,5
1777485431,42,31.43,7.96,115.42,55.41,115.42,17.50,32,3,1,1706.0,140,5
1777485432,42,31.14,14.29,100.12,48.50,100.12,14.10,35,2,1,1706.0,140,5
1777485433,43,30.95,15.25,50.17,47.04,50.17,10.01,35,1,0,1706.1,140,5
1777485434,43,22.92,12.17,46.42,37.41,46.42,7.67,24,0,0,1707.0,140,5
1777485435,43,24.07,12.87,125.04,39.87,125.04,16.95,22,1,1,1707.0,140,5
1777485436,42,20.24,8.25,84.37,26.62,84.37,11.39,17,1,0,1707.0,140,5
1777485437,42,20.51,10.46,44.96,34.83,44.96,7.86,18,0,0,1707.0,140,5
1777485438,43,21.25,13.08,97.00,34.42,97.00,13.37,14,1,0,1707.8,140,5
1777485439,43,28.19,7.71,59.54,45.29,59.54,10.72,33,1,0,1708.0,140,5
1777485440,43,40.83,10.67,282.37,181.41,282.37,53.18,31,4,4,1708.0,140,5
1777485441,43,26.58,12.83,155.83,44.29,155.83,21.60,27,1,1,1708.0,140,5
1777485442,41,22.05,7.38,69.71,40.71,69.71,12.67,17,2,0,1708.5,140,5
1777485443,43,22.75,11.83,55.79,42.58,55.79,9.83,21,2,0,1709.0,140,5
1777485444,42,24.20,12.29,88.62,69.54,88.62,16.41,21,3,0,1709.0,140,5
1777485445,42,21.28,13.50,40.83,30.62,40.83,5.59,23,0,0,1709.0,140,5
1777485446,43,21.52,12.71,62.12,47.75,62.12,10.26,18,1,0,1709.3,140,5
1777485447,41,20.73,8.38,89.21,32.00,89.21,12.75,13,1,0,1710.0,140,5
1777485448,43,23.73,12.42,54.33,47.42,54.33,10.39,24,2,0,1710.0,140,5
1777485449,42,23.42,11.88,49.87,36.21,49.87,7.60,26,0,0,1710.0,140,5
1777485450,42,21.37,7.00,72.12,35.50,72.12,10.62,21,1,0,1710.0,140,5
1777485451,43,18.89,8.92,38.04,31.46,38.04,6.39,13,0,0,1711.0,140,5
1777485452,42,19.61,10.29,53.12,28.87,53.12,7.04,15,1,0,1711.0,140,5
1777485453,42,30.39,8.38,193.37,82.04,193.37,31.05,24,3,2,1711.0,140,5
1777485454,42,20.92,6.58,82.04,36.12,82.04,11.65,17,1,0,1711.0,140,5
1777485455,42,21.35,12.12,49.08,37.67,49.08,8.12,17,0,0,1711.6,140,5
1777485456,43,20.77,12.50,152.08,26.46,152.08,20.66,11,1,1,1712.0,140,5
1777485457,42,22.64,7.17,100.04,42.62,100.04,15.08,15,2,1,1712.0,140,5
1777485458,43,22.33,11.12,72.50,40.96,72.50,11.09,21,1,0,1712.0,140,5
1777485459,42,21.11,12.71,67.46,32.88,67.46,9.29,18,1,0,1712.4,140,5
1777485460,43,22.15,9.42,51.41,35.25,51.41,8.60,23,2,0,1713.0,140,5
1777485461,43,21.05,12.50,62.46,31.71,62.46,9.34,19,1,0,1713.0,140,5
1777485462,42,21.37,11.50,50.79,35.88,50.79,8.47,21,1,0,1713.0,140,5
1777485463,42,22.24,9.25,51.08,35.17,51.08,7.88,25,1,0,1713.0,140,5
1777485464,43,20.28,12.29,77.29,35.08,77.29,10.95,13,1,0,1714.0,140,5
1777485465,42,20.92,9.71,42.79,35.21,42.79,7.51,15,0,0,1714.0,140,5
1777485466,42,21.07,7.92,112.79,37.33,112.79,15.92,14,1,1,1714.0,140,5
1777485467,42,19.92,7.08,66.04,36.79,66.04,9.68,16,1,0,1714.0,140,5
1777485468,43,22.81,12.87,83.96,42.50,83.96,12.11,23,1,0,1714.8,140,5
1777485469,42,29.80,13.25,325.99,52.96,325.99,48.43,17,3,1,1715.0,140,5
1777485470,43,20.29,12.54,41.17,35.92,41.17,6.41,15,0,0,1715.0,140,5
1777485471,42,19.66,8.42,46.96,41.00,46.96,8.49,12,0,0,1715.0,140,5
1777485472,44,18.28,9.33,35.88,26.46,35.88,5.52,15,0,0,1715.5,140,5
1777485473,41,21.98,12.37,49.54,45.21,49.54,9.97,20,0,0,1716.0,140,5
1777485474,42,19.90,13.25,36.96,27.96,36.96,5.47,15,0,0,1716.0,140,5
1777485475,42,19.88,9.67,37.04,29.92,37.04,5.85,15,0,0,1716.0,140,5
1777485476,42,23.54,11.75,99.25,51.50,99.25,17.64,16,3,0,1716.2,140,5
1777485477,42,21.46,13.12,76.00,31.25,76.00,10.54,17,1,0,1717.0,140,5
1777485478,43,20.79,8.37,46.83,31.04,46.83,7.15,21,0,0,1717.0,140,5
1777485479,43,23.58,8.46,47.71,44.75,47.71,10.07,22,0,0,1717.0,140,5
1777485480,43,26.70,10.33,47.75,43.33,47.75,9.46,31,0,0,1717.0,140,5
1777485481,43,24.81,11.83,86.33,35.96,86.33,11.90,26,1,0,1717.9,140,5
1777485482,42,21.99,13.00,45.67,33.08,45.67,6.89,22,0,0,1718.0,140,5
1777485483,43,26.92,8.71,46.58,41.33,46.58,9.22,32,0,0,1718.0,140,5
1777485484,43,25.27,8.96,59.33,45.37,59.33,10.42,28,2,0,1718.0,140,5
1777485485,42,23.26,7.29,62.08,42.29,62.08,10.00,23,2,0,1718.6,140,5
1777485486,44,22.37,12.29,48.16,45.92,48.16,9.29,17,0,0,1719.0,140,5
1777485487,42,26.39,10.46,55.83,44.83,55.83,10.83,24,1,0,1719.0,140,5
1777485488,42,27.05,8.12,127.16,48.46,127.16,20.09,25,2,1,1719.0,140,5
1777485489,43,25.55,11.75,64.46,46.83,64.46,12.01,23,1,0,1719.3,140,5
1777485490,43,25.68,13.67,67.29,42.91,67.29,10.24,30,2,0,1720.0,140,5
1777485491,42,23.03,11.79,60.00,33.33,60.00,8.30,22,1,0,1720.0,140,5
1777485492,44,22.98,9.75,80.00,36.79,80.00,10.97,21,1,0,1720.0,140,5
1777485493,43,24.17,7.96,55.46,45.17,55.46,10.53,25,2,0,1720.0,140,5
1777485494,43,20.14,12.79,49.37,33.12,49.37,8.37,16,0,0,1721.0,140,5
1777485495,42,20.90,8.87,56.16,33.83,56.16,8.96,19,1,0,1721.0,140,5
1777485496,42,19.52,10.58,48.21,30.71,48.21,6.78,16,0,0,1721.0,140,5
1777485497,41,20.04,6.50,54.62,38.62,54.62,8.92,12,1,0,1721.0,140,5
1777485498,42,22.61,7.83,77.33,41.87,77.33,11.70,20,1,0,1721.7,140,5
1777485499,42,21.32,13.62,75.25,29.29,75.25,9.95,18,1,0,1722.0,140,5
1777485500,43,21.52,6.67,80.33,32.58,80.33,10.70,20,1,0,1722.0,140,5
1777485501,42,20.10,8.33,37.08,28.71,37.08,5.97,21,0,0,1722.0,140,5
1777485502,42,23.72,8.92,55.12,44.25,55.12,10.77,23,2,0,1722.4,140,5
1777485503,42,28.66,14.21,50.00,43.12,50.00,8.83,35,0,0,1723.0,140,5
1777485504,43,23.27,9.21,87.37,49.25,87.37,13.71,21,2,0,1723.0,140,5
1777485505,43,20.17,9.67,48.46,32.42,48.46,7.59,17,0,0,1723.0,140,5
1777485506,42,21.13,10.83,52.46,38.12,52.46,8.82,16,1,0,1723.1,140,5
1777485507,41,18.62,11.04,32.00,25.62,32.00,4.59,15,0,0,1724.0,140,5
1777485508,43,25.00,12.79,137.37,78.08,137.37,22.13,19,3,1,1724.0,140,5
1777485509,42,20.44,10.25,53.00,47.67,53.00,9.53,15,1,0,1724.0,140,5
1777485510,42,21.83,7.75,95.04,41.17,95.04,14.22,16,2,0,1724.0,140,5
1777485511,43,19.16,12.04,42.96,27.21,42.96,6.45,15,0,0,1724.8,140,5
1777485512,43,19.44,12.21,46.87,43.29,46.87,8.17,12,0,0,1725.0,140,5
1777485513,42,20.58,9.50,49.54,35.75,49.54,7.67,18,0,0,1725.0,140,5
1777485514,42,21.26,7.50,52.25,37.46,52.25,7.69,19,1,0,1725.0,140,5
1777485515,43,20.71,12.04,43.12,29.50,43.12,6.43,19,0,0,1725.5,140,5
1777485516,42,20.77,8.88,85.50,27.46,85.50,11.83,15,1,0,1726.0,140,5
1777485517,43,19.34,9.21,35.42,26.92,35.42,5.43,17,0,0,1726.0,140,5
1777485518,42,21.95,8.08,68.54,35.50,68.54,10.21,22,1,0,1726.0,140,5
1777485519,43,20.35,11.00,99.33,37.04,99.33,13.87,13,1,0,1726.2,140,5
1777485520,41,22.36,12.71,75.58,42.33,75.58,11.16,19,1,0,1727.0,140,5
1777485521,43,20.12,7.92,95.29,28.58,95.29,12.50,13,1,0,1727.0,140,5
1777485522,42,26.86,9.67,173.79,51.71,173.79,26.40,21,4,1,1727.0,140,5
1777485523,43,24.07,12.38,66.54,59.54,66.54,12.17,24,3,0,1727.0,140,5
1777485524,42,19.13,10.38,61.33,26.46,61.33,7.77,14,1,0,1728.0,140,5
1777485525,41,19.51,8.54,41.12,29.87,41.12,6.27,15,0,0,1728.0,140,5
1777485526,43,22.29,10.50,98.41,46.58,98.41,14.43,17,2,0,1728.0,140,5
1777485527,42,22.39,12.92,76.75,53.66,76.75,13.33,17,3,0,1728.0,140,5
1777485528,42,23.93,10.50,114.83,45.04,114.83,16.68,19,1,1,1728.6,140,5
1777485529,42,18.29,7.17,28.87,27.92,28.87,5.18,11,0,0,1729.0,140,5
1777485530,43,19.39,8.46,28.83,26.79,28.83,5.04,17,0,0,1729.0,140,5
1777485531,41,19.57,12.25,49.92,32.62,49.92,7.35,13,0,0,1729.0,140,5
1777485532,43,22.75,11.00,118.04,28.79,118.04,16.09,22,1,1,1729.3,140,5
1777485533,42,18.52,7.92,45.46,26.54,45.46,6.31,12,0,0,1730.0,140,5
1777485534,42,20.18,12.75,63.33,28.46,63.33,8.35,14,1,0,1730.0,140,5
1777485535,42,21.55,12.29,55.91,41.29,55.91,9.20,20,1,0,1730.0,140,5
1777485536,43,21.26,12.75,48.29,44.33,48.29,8.89,18,0,0,1730.0,140,5
1777485537,43,21.29,11.58,52.46,39.71,52.46,8.66,19,1,0,1731.0,140,5
1777485538,43,21.87,7.79,98.42,36.04,98.42,13.94,15,2,0,1731.0,140,5
1777485539,42,23.11,12.71,124.79,34.04,124.79,18.52,19,2,1,1731.0,140,5
1777485540,43,22.00,9.54,78.04,45.04,78.04,11.85,15,2,0,1731.0,140,5
1777485541,42,22.04,8.42,54.79,38.62,54.79,9.53,21,1,0,1731.8,140,5
1777485542,43,27.00,12.00,178.70,69.12,178.70,28.46,19,4,1,1732.0,140,5
1777485543,43,18.29,9.17,42.21,26.96,42.21,5.67,13,0,0,1732.0,140,5
1777485544,42,26.05,9.96,134.83,75.54,134.83,23.23,17,4,1,1732.0,140,5
1777485545,42,21.06,12.50,43.29,38.04,43.29,7.23,16,0,0,1732.5,140,5
1777485546,43,20.68,8.54,63.96,39.62,63.96,9.17,17,1,0,1733.0,140,5
1777485547,42,21.05,7.79,44.71,34.75,44.71,7.55,17,0,0,1733.0,140,5
1777485548,42,22.31,9.21,95.75,35.29,95.75,13.50,18,1,0,1733.0,140,5
1777485549,41,22.29,9.04,88.17,50.12,88.17,14.38,14,3,0,1733.2,140,5
1777485550,41,19.35,9.71,35.83,27.46,35.83,4.99,14,0,0,1734.0,140,5
1777485551,43,23.00,7.96,93.62,38.42,93.62,15.53,16,2,0,1734.0,140,5
1777485552,43,21.16,11.71,67.21,33.29,67.21,9.81,17,1,0,1734.0,140,5
1777485553,42,20.27,12.71,57.00,36.83,57.00,8.38,15,1,0,1734.0,140,5
1777485554,42,22.34,9.75,97.04,29.92,97.04,17.23,15,2,0,1734.9,140,5
1777485555,43,22.97,11.92,119.42,29.08,119.42,15.68,24,1,1,1735.0,140,5
1777485556,43,22.53,12.12,62.04,57.79,62.04,11.60,18,3,0,1735.0,140,5
1777485557,42,20.68,9.25,54.87,36.58,54.87,9.08,16,1,0,1735.0,140,5
1777485558,43,21.23,10.67,66.17,32.92,66.17,11.23,16,2,0,1735.6,140,5
1777485559,42,22.64,7.75,61.87,33.92,61.87,9.19,21,2,0,1736.0,140,5
1777485560,42,24.63,12.62,74.92,44.37,74.92,12.48,19,1,0,1736.0,140,5
1777485561,42,22.15,12.67,96.25,41.12,96.25,14.03,21,1,0,1736.0,140,5
1777485562,42,20.18,7.96,83.42,27.08,83.42,11.10,18,1,0,1736.3,140,5
1777485563,43,26.11,14.75,42.04,40.92,42.04,7.10,32,0,0,1737.0,140,5
1777485564,42,25.54,12.38,46.62,42.54,46.62,8.59,32,0,0,1737.0,140,5
1777485565,42,21.46,11.12,49.29,34.79,49.29,7.33,20,0,0,1737.0,140,5
1777485566,43,25.60,8.75,179.50,52.00,179.50,28.73,15,3,2,1737.0,140,5
1777485567,42,30.02,8.92,90.46,49.12,90.46,13.71,34,2,0,1738.0,140,5
1777485568,42,19.59,10.75,42.25,36.91,42.25,7.09,14,0,0,1738.0,140,5
1777485569,43,18.02,10.04,33.71,26.58,33.71,5.03,12,0,0,1738.0,140,5
1777485570,41,22.41,8.21,96.79,40.37,96.79,13.85,17,1,0,1738.0,140,5
1777485571,42,20.03,13.21,42.46,30.17,42.46,6.43,15,0,0,1738.7,140,5
1777485572,42,23.11,8.54,125.79,46.25,125.79,18.21,17,1,1,1739.0,140,5
1777485573,42,23.83,8.04,57.46,48.79,57.46,11.83,21,2,0,1739.0,140,5
1777485574,43,25.62,12.62,147.79,63.08,147.79,22.94,20,3,1,1739.0,140,5
1777485575,42,24.73,13.54,81.17,36.67,81.17,11.79,25,2,0,1739.4,140,5
1777485576,43,23.56,11.25,45.16,36.38,45.16,6.69,34,0,0,1740.0,140,5
1777485577,42,18.78,8.58,34.42,26.17,34.42,5.34,12,0,0,1740.0,140,5
1777485578,42,22.11,8.92,73.58,48.96,73.58,11.55,20,2,0,1740.0,140,5
1777485579,41,21.20,10.67,41.25,33.62,41.25,7.31,22,0,0,1740.1,140,5
1777485580,42,24.68,9.92,141.37,49.21,141.37,20.35,20,2,1,1741.0,140,5
1777485581,42,20.25,9.67,42.96,39.42,42.96,8.06,14,0,0,1741.0,140,5
1777485582,43,22.50,12.33,78.92,39.58,78.92,11.81,16,2,0,1741.0,140,5
1777485583,43,20.24,9.46,51.71,33.88,51.71,8.00,18,1,0,1741.0,140,5
1777485584,42,24.14,12.67,95.37,44.92,95.37,13.79,23,1,0,1741.8,140,5
1777485585,41,20.96,11.79,57.54,36.17,57.54,8.59,17,1,0,1742.0,140,5
1777485586,44,21.01,12.50,91.96,45.67,91.96,13.18,15,1,0,1742.0,140,5
1777485587,41,22.42,11.92,61.21,45.25,61.21,10.73,19,2,0,1742.0,140,5
1777485588,42,20.34,8.75,52.79,32.75,52.79,7.49,18,1,0,1742.5,140,5
1777485589,42,20.76,9.92,95.83,29.00,95.83,12.93,16,1,0,1743.0,140,5
1777485590,42,18.89,12.25,44.46,27.83,44.46,6.23,16,0,0,1743.0,140,5
1777485591,42,22.50,8.75,57.71,51.12,57.71,12.18,18,3,0,1743.0,140,5
1777485592,43,18.75,8.38,42.00,28.17,42.00,6.00,15,0,0,1743.2,140,5
1777485593,42,19.80,10.50,43.96,30.83,43.96,6.67,13,0,0,1744.0,140,5
1777485594,42,19.60,8.04,52.04,32.46,52.04,7.57,15,1,0,1744.0,140,5
1777485595,43,23.03,12.12,67.62,49.75,67.62,11.99,19,2,0,1744.0,140,5
1777485596,43,20.06,8.50,55.29,34.50,55.29,7.75,17,1,0,1744.0,140,5
1777485597,42,19.41,9.79,51.25,27.04,51.25,6.68,14,1,0,1744.9,140,5
1777485598,41,21.51,8.25,103.04,31.50,103.04,14.29,17,1,1,1745.0,140,5
1777485599,43,18.72,10.21,41.83,28.38,41.83,5.98,13,0,0,1745.0,140,5
1777485600,42,21.96,11.50,50.25,33.00,50.25,7.57,23,1,0,1745.0,140,5
1777485601,42,21.62,8.79,40.92,31.42,40.92,6.82,23,0,0,1745.6,140,5
1777485602,42,18.54,12.37,27.54,26.33,27.54,4.35,15,0,0,1746.0,140,5
1777485603,41,22.54,7.08,54.25,41.58,54.25,9.17,18,1,0,1746.0,140,5
1777485604,42,22.92,12.12,98.87,36.87,98.87,13.56,21,1,0,1746.0,140,5
1777485605,42,20.20,8.92,39.67,30.37,39.67,6.41,18,0,0,1746.3,140,5
1777485606,43,19.78,7.62,35.00,31.67,35.00,5.62,17,0,0,1747.0,140,5
1777485607,43,24.91,12.46,56.29,46.08,56.29,9.73,29,2,0,1747.0,140,5
1777485608,43,18.85,3.88,50.08,28.71,50.08,8.45,17,1,0,1747.0,140,5
1777485609,43,19.55,11.38,41.75,28.00,41.75,5.97,16,0,0,1747.0,140,5
1777485610,43,26.28,7.75,246.79,38.42,246.79,34.83,19,1,1,1748.0,140,5
1777485611,43,23.21,13.08,60.46,47.33,60.46,11.18,19,2,0,1748.0,140,5
1777485612,42,26.23,11.17,142.21,52.83,142.21,23.11,20,3,1,1748.0,140,5
1777485613,41,18.79,11.04,33.46,27.04,33.46,5.07,14,0,0,1748.0,140,5
1777485614,42,19.55,12.00,52.79,27.71,52.79,6.84,15,1,0,1748.7,140,5
1777485615,43,21.76,13.33,74.37,28.25,74.37,10.92,18,2,0,1749.0,140,5
1777485616,42,24.27,12.83,108.33,45.58,108.33,16.03,20,1,1,1749.0,140,5
1777485617,42,22.15,12.25,75.50,40.96,75.50,11.61,19,2,0,1749.0,140,5
1777485618,42,21.06,11.04,78.08,38.54,78.08,11.65,17,1,0,1749.4,140,5
1777485619,43,22.39,13.21,74.58,44.37,74.58,11.96,19,2,0,1750.0,140,5
1777485620,42,25.78,14.00,118.67,42.00,118.67,16.68,26,2,1,1750.0,140,5
1777485621,41,21.55,7.96,86.04,36.46,86.04,12.51,16,2,0,1750.0,140,5
1777485622,43,21.31,10.75,156.79,26.71,156.79,21.30,13,1,1,1750.2,140,5
1777485623,41,21.22,10.25,86.25,35.12,86.25,11.84,17,1,0,1751.0,140,5
1777485624,42,24.07,10.71,100.79,47.37,100.79,17.35,17,2,1,1751.0,140,5
1777485625,43,254.36,12.58,10140.38,38.58,10140.38,1525.46,15,1,1,1751.0,140,5
1777485626,42,21.60,12.46,115.29,30.33,115.29,16.25,16,1,1,1751.0,140,5
1777485627,41,21.78,12.83,66.75,29.83,66.75,9.11,19,1,0,1751.9,140,5
1777485628,44,22.06,6.33,50.62,38.79,50.62,8.49,26,1,0,1752.0,140,5
1777485629,42,24.68,13.08,54.87,49.33,54.87,10.74,23,1,0,1752.0,140,5
1777485630,43,25.29,8.29,104.46,53.29,104.46,15.62,23,3,1,1752.0,140,5
1777485631,43,25.67,9.38,128.96,42.71,128.96,17.41,30,1,1,1752.6,140,5
1777485632,43,24.61,9.33,77.04,34.33,77.04,12.23,26,2,0,1753.0,140,5
1777485633,43,29.16,10.83,144.91,56.96,144.91,21.07,32,3,1,1753.0,140,5
1777485634,42,24.26,12.46,55.00,42.83,55.00,9.73,26,2,0,1753.0,140,5
1777485635,41,22.72,10.92,49.87,34.67,49.87,7.91,24,0,0,1753.3,140,5
1777485636,42,21.83,13.00,59.46,31.50,59.46,8.78,21,1,0,1754.0,140,5
1777485637,42,21.71,10.54,55.16,44.75,55.16,10.21,15,1,0,1754.0,140,5
1777485638,42,19.89,6.12,40.62,28.54,40.62,6.35,20,0,0,1754.0,140,5
1777485639,42,20.74,7.00,60.17,28.54,60.17,9.29,20,1,0,1754.0,140,5
1777485640,42,22.50,10.75,54.46,47.62,54.46,9.84,20,2,0,1755.0,140,5
1777485641,42,20.89,12.62,85.04,28.96,85.04,11.04,19,1,0,1755.0,140,5
1777485642,42,19.55,7.67,31.83,28.58,31.83,5.75,16,0,0,1755.0,140,5
1777485643,42,25.77,12.37,144.46,38.75,144.46,19.60,28,1,1,1755.0,140,5
1777485644,43,22.80,12.58,70.29,36.33,70.29,10.18,26,1,0,1755.7,140,5
1777485645,41,22.56,8.04,55.46,38.04,55.46,9.21,21,1,0,1756.0,140,5
1777485646,43,21.73,12.75,122.42,29.25,122.42,16.42,19,1,1,1756.0,140,5
1777485647,42,19.23,5.96,44.25,27.71,44.25,6.50,16,0,0,1756.0,140,5
1777485648,41,20.97,6.04,44.54,30.04,44.54,7.13,19,0,0,1756.4,140,5
1777485649,42,21.59,10.42,59.62,41.75,59.62,9.85,18,1,0,1757.0,140,5
1777485650,43,19.73,7.75,43.21,27.96,43.21,6.60,22,0,0,1757.0,140,5
1777485651,41,18.57,8.50,50.46,25.25,50.46,6.96,11,1,0,1757.0,140,5
1777485652,43,22.71,12.75,90.00,46.79,90.00,13.68,18,2,0,1757.1,140,5
1777485653,42,22.99,10.17,64.54,37.79,64.54,9.92,22,1,0,1758.0,140,5
1777485654,42,19.81,13.04,45.42,28.96,45.42,6.43,17,0,0,1758.0,140,5
1777485655,42,20.63,12.75,35.83,28.54,35.83,5.65,19,0,0,1758.0,140,5
1777485656,42,22.81,7.96,116.21,40.33,116.21,16.07,19,1,1,1758.0,140,5
1777485657,43,19.18,8.92,43.00,30.50,43.00,6.86,15,0,0,1758.8,140,5
1777485658,42,19.82,10.87,48.87,34.50,48.87,7.25,15,0,0,1759.0,140,5
1777485659,42,20.94,7.83,85.04,34.54,85.04,11.73,19,1,0,1759.0,140,5
1777485660,42,25.87,9.17,69.08,40.96,69.08,11.68,27,1,0,1759.0,140,5
1777485661,42,24.21,5.42,65.71,43.62,65.71,12.92,27,2,0,1759.5,140,5
1777485662,43,30.33,4.50,54.91,48.21,54.91,9.37,40,1,0,1760.0,140,5
1777485663,43,34.67,14.54,131.50,85.25,131.50,20.41,39,4,1,1760.0,140,5
1777485664,41,33.79,17.21,88.29,66.71,88.29,14.43,39,3,0,1760.0,140,5
1777485665,44,29.49,11.00,50.46,47.00,50.46,8.43,37,1,0,1760.2,140,5
1777485666,42,32.41,16.83,102.08,51.37,102.08,14.78,37,3,1,1761.0,140,5
1777485667,42,36.05,16.62,174.41,48.21,174.41,23.28,36,1,1,1761.0,140,5
1777485668,42,57.89,12.38,1072.44,59.08,1072.44,159.28,38,4,2,1761.0,140,5
1777485669,42,36.75,14.00,198.79,49.41,198.79,27.16,37,2,1,1761.0,140,5
1777485670,43,31.99,17.54,99.33,53.08,99.33,14.65,40,3,0,1761.9,140,5
1777485671,43,36.95,16.75,123.54,82.71,123.54,20.61,38,5,1,1762.0,140,5
1777485672,43,36.00,15.92,188.16,56.96,188.16,27.58,38,3,2,1762.0,140,5
1777485673,43,29.46,10.50,54.29,44.08,54.29,8.22,37,1,0,1762.0,140,5
1777485674,43,30.75,6.50,87.79,53.29,87.79,13.36,35,3,0,1762.6,140,5
1777485675,45,34.63,10.04,97.21,56.71,97.21,15.59,38,5,0,1763.0,140,5
1777485676,43,32.30,10.54,70.04,59.50,70.04,10.85,41,3,0,1763.0,140,5
1777485677,42,33.73,10.83,133.12,53.50,133.12,18.89,33,5,1,1763.0,140,5
1777485678,42,32.14,9.67,100.67,50.46,100.67,16.83,35,3,1,1763.3,140,5
1777485679,43,27.21,10.58,74.83,46.67,74.83,11.33,36,2,0,1764.0,140,5
1777485680,43,26.01,11.83,86.33,44.25,86.33,12.49,30,2,0,1764.0,140,5
1777485681,42,27.88,4.75,101.17,45.00,101.17,16.46,27,2,1,1764.0,140,5
1777485682,43,27.36,8.62,75.25,61.29,75.25,14.63,31,4,0,1764.0,140,5
1777485683,43,32.16,10.71,143.00,46.87,143.00,19.19,34,1,1,1765.0,140,5
1777485684,42,35.82,16.17,94.17,71.54,94.17,15.71,39,5,0,1765.0,140,5
1777485685,43,35.96,12.08,113.96,77.04,113.96,19.61,37,5,1,1765.0,140,5
1777485686,43,35.27,15.54,130.46,53.46,130.46,20.56,39,3,2,1765.0,140,5
1777485687,43,37.96,13.04,412.32,45.96,412.32,58.46,37,2,1,1765.7,140,5
1777485688,43,32.61,8.92,134.75,102.08,134.75,24.40,34,5,3,1766.0,140,5
1777485689,42,36.44,15.33,207.87,153.04,207.87,40.19,32,5,3,1766.0,140,5
1777485690,44,26.93,8.50,54.37,46.87,54.37,9.38,34,2,0,1766.0,140,5
1777485691,42,26.83,9.54,53.96,47.21,53.96,10.00,29,2,0,1766.4,140,5
1777485692,42,35.80,12.33,354.29,45.08,354.29,50.32,37,1,1,1767.0,140,5
1777485693,43,27.02,13.96,92.71,48.46,92.71,12.80,32,2,0,1767.0,140,5
1777485694,43,29.62,13.67,159.16,43.75,159.16,21.38,35,1,1,1767.0,140,5
1777485695,42,33.92,14.00,105.66,54.62,105.66,16.13,38,4,1,1767.1,140,5
1777485696,44,28.30,14.83,68.96,45.46,68.96,10.64,34,2,0,1768.0,140,5
1777485697,43,20.50,10.29,27.83,25.71,27.83,3.14,24,0,0,1768.0,140,5
1777485698,43,21.53,11.25,57.50,27.08,57.50,6.87,24,1,0,1768.0,140,5
1777485699,42,22.89,11.38,43.62,36.12,43.62,6.18,26,0,0,1768.0,140,5
1777485700,43,24.60,17.50,90.79,37.62,90.79,11.83,27,1,0,1768.8,140,5
1777485701,42,21.34,8.96,53.58,30.08,53.58,6.61,17,1,0,1769.0,140,5
1777485702,42,23.47,14.29,37.71,36.62,37.71,6.39,26,0,0,1769.0,140,5
1777485703,42,28.09,10.92,136.46,42.62,136.46,18.29,31,1,1,1769.0,140,5
1777485704,43,26.52,11.50,51.29,47.87,51.29,9.59,31,1,0,1769.6,140,5
1777485705,43,40.38,10.29,644.82,41.54,644.82,93.58,34,1,1,1770.0,140,5
1777485706,42,28.49,12.42,74.00,54.79,74.00,11.65,34,3,0,1770.0,140,5
1777485707,43,33.64,18.71,196.37,58.71,196.37,27.96,39,3,1,1770.0,140,5
1777485708,43,46.96,15.88,918.69,42.71,918.69,134.80,35,2,1,1770.2,140,5
1777485709,43,27.88,11.37,48.50,41.12,48.50,9.45,29,0,0,1771.0,140,5
1777485710,43,22.10,11.21,41.67,37.92,41.67,7.84,14,0,0,1771.0,140,5
1777485711,43,23.39,7.75,58.83,39.88,58.83,11.22,20,2,0,1771.0,140,5
1777485712,43,23.21,8.04,96.29,41.79,96.29,13.62,19,1,0,1771.0,140,5
1777485713,42,24.47,11.38,53.54,45.87,53.54,10.78,18,1,0,1772.0,140,5
1777485714,42,19.99,7.83,42.04,27.62,42.04,6.29,20,0,0,1772.0,140,5
1777485715,42,21.37,5.88,50.21,32.17,50.21,8.04,20,1,0,1772.0,140,5
1777485716,42,23.42,12.87,45.33,39.42,45.33,8.44,24,0,0,1772.0,140,5
1777485717,42,23.06,11.88,56.04,46.87,56.04,10.68,20,2,0,1772.7,140,5
1777485718,43,21.75,9.71,54.79,51.83,54.79,10.72,17,3,0,1773.0,140,5
1777485719,41,18.87,7.25,36.00,32.42,36.00,6.35,11,0,0,1773.0,140,5
1777485720,42,26.98,13.12,127.79,96.96,127.79,25.85,16,3,2,1773.0,140,5
1777485721,43,19.22,7.33,44.54,32.08,44.54,6.59,14,0,0,1773.4,140,5
1777485722,42,18.01,11.71,28.79,27.33,28.79,5.00,14,0,0,1774.0,140,5
1777485723,42,21.61,8.25,55.87,31.42,55.87,8.33,21,1,0,1774.0,140,5
1777485724,42,21.73,12.50,70.87,39.75,70.87,11.00,16,1,0,1774.0,140,5
1777485725,43,20.24,7.46,48.17,32.42,48.17,7.26,18,0,0,1774.1,140,5
1777485726,43,24.82,7.21,152.08,65.00,152.08,27.36,16,3,2,1775.0,140,5
1777485727,43,22.53,9.25,45.00,35.50,45.00,6.99,26,0,0,1775.0,140,5
1777485728,43,24.23,11.00,83.29,39.00,83.29,11.52,26,1,0,1775.0,140,5
1777485729,43,66.22,11.54,1727.47,40.67,1727.47,256.59,30,2,1,1775.0,140,5
1777485730,43,22.10,7.96,59.91,33.67,59.91,9.60,23,2,0,1775.8,140,5
1777485731,41,45.78,8.79,858.61,63.79,858.61,129.30,22,4,1,1776.0,140,5
1777485732,43,20.67,7.83,45.67,41.46,45.67,8.52,19,0,0,1776.0,140,5
1777485733,43,25.13,9.29,49.71,41.71,49.71,9.34,28,0,0,1776.0,140,5
1777485734,42,23.69,8.96,56.42,38.46,56.42,9.56,24,2,0,1776.5,140,5
1777485735,43,21.19,6.96,43.54,35.58,43.54,7.35,21,0,0,1777.0,140,5
1777485736,43,24.90,9.38,49.79,45.04,49.79,8.87,27,0,0,1777.0,140,5
1777485737,44,27.53,9.12,182.04,35.21,182.04,26.35,30,2,1,1777.0,140,5
1777485738,42,22.80,11.62,47.54,37.21,47.54,7.89,26,0,0,1777.2,140,5
1777485739,43,25.17,13.54,65.54,40.58,65.54,10.88,26,2,0,1778.0,140,5
1777485740,42,19.09,9.17,28.25,27.62,28.25,5.07,16,0,0,1778.0,140,5
1777485741,42,24.70,13.33,79.37,37.04,79.37,10.76,29,1,0,1778.0,140,5
1777485742,43,27.22,8.29,58.33,42.88,58.33,9.29,36,1,0,1778.0,140,5
1777485743,43,33.45,9.58,117.21,50.79,117.21,16.58,36,3,1,1778.9,140,5
1777485744,43,29.42,11.29,55.12,46.50,55.12,7.37,39,1,0,1779.0,140,5
1777485745,42,34.85,16.17,56.87,52.58,56.87,10.07,38,3,0,1779.0,140,5
1777485746,44,33.60,16.17,101.96,56.75,101.96,16.27,36,3,1,1779.0,140,5
1777485747,42,34.69,18.25,56.16,51.67,56.16,11.69,35,3,0,1779.6,140,5
1777485748,42,27.80,15.29,107.00,40.37,107.00,16.43,30,2,1,1780.0,140,5
1777485749,43,26.35,13.46,155.62,70.04,155.62,24.22,19,3,1,1780.0,140,5
1777485750,43,23.16,11.21,108.16,39.96,108.16,14.92,22,1,1,1780.0,140,5
1777485751,42,22.72,13.33,43.33,38.67,43.33,7.25,22,0,0,1780.3,140,5
1777485752,42,26.50,14.00,168.75,42.17,168.75,23.82,25,2,1,1781.0,140,5
1777485753,42,19.65,7.96,42.96,33.12,42.96,7.02,15,0,0,1781.0,140,5
1777485754,42,21.90,8.33,76.75,32.58,76.75,11.44,20,2,0,1781.0,140,5
1777485755,42,21.39,12.71,50.17,41.46,50.17,9.05,17,1,0,1781.0,140,5
1777485756,44,23.14,11.88,91.62,74.04,91.62,17.14,17,3,0,1782.0,140,5
1777485757,42,28.09,13.46,60.04,48.08,60.04,10.75,31,1,0,1782.0,140,5
1777485758,42,28.09,9.87,92.71,77.17,92.71,19.10,24,5,0,1782.0,140,5
1777485759,43,30.48,13.42,54.04,46.83,54.04,10.22,36,2,0,1782.0,140,5
1777485760,42,22.48,11.33,93.46,44.29,93.46,13.98,17,1,0,1782.7,140,5
1777485761,41,25.40,13.12,146.41,46.42,146.41,21.49,16,2,1,1783.0,140,5
1777485762,42,20.90,10.12,82.42,32.88,82.42,12.28,14,2,0,1783.0,140,5
1777485763,42,57.12,8.50,1355.18,56.37,1355.18,203.38,26,4,2,1783.0,140,5
1777485764,42,22.46,12.04,59.75,42.04,59.75,10.22,17,2,0,1783.4,140,5
1777485765,42,22.46,12.62,45.54,38.12,45.54,8.56,22,0,0,1784.0,140,5
1777485766,43,20.51,11.08,67.33,33.71,67.33,9.65,14,1,0,1784.0,140,5
1777485767,41,21.65,12.25,77.21,34.00,77.21,10.95,16,1,0,1784.0,140,5
1777485768,43,19.68,12.12,48.12,33.00,48.12,7.43,15,0,0,1784.1,140,5
1777485769,43,17.45,12.29,33.67,26.58,33.67,4.60,9,0,0,1785.0,140,5
1777485770,42,19.70,9.96,36.21,29.71,36.21,5.83,18,0,0,1785.0,140,5
1777485771,42,18.90,7.50,49.29,25.79,49.29,6.82,15,0,0,1785.0,140,5
1777485772,41,18.81,12.96,31.00,26.96,31.00,4.23,11,0,0,1785.0,140,5
1777485773,43,20.17,8.33,48.08,34.92,48.08,7.82,18,0,0,1785.8,140,5
1777485774,43,21.51,11.46,50.21,34.46,50.21,8.04,18,1,0,1786.0,140,5
1777485775,42,20.63,12.88,30.21,27.75,30.21,5.11,22,0,0,1786.0,140,5
1777485776,43,28.12,6.75,160.29,104.54,160.29,29.57,15,6,3,1786.0,140,5
1777485777,43,21.82,8.42,75.87,30.42,75.87,10.04,25,1,0,1786.5,140,5
1777485778,43,20.51,12.92,61.50,34.00,61.50,8.68,17,1,0,1787.0,140,5
1777485779,42,23.28,11.87,86.04,39.00,86.04,14.10,18,2,0,1787.0,140,5
1777485780,41,20.60,12.71,47.96,27.12,47.96,6.72,21,0,0,1787.0,140,5
1777485781,42,27.14,9.50,207.87,44.79,207.87,29.74,21,1,1,1787.2,140,5
1777485782,43,20.78,7.62,55.21,35.42,55.21,9.02,20,1,0,1788.0,140,5
1777485783,42,20.02,7.62,41.42,38.50,41.42,7.17,18,0,0,1788.0,140,5
1777485784,43,18.07,8.79,35.29,26.75,35.29,5.49,15,0,0,1788.0,140,5
1777485785,43,23.16,11.71,115.54,43.75,115.54,16.32,20,2,1,1788.0,140,5
1777485786,42,26.25,12.67,53.67,44.37,53.67,10.77,28,2,0,1789.0,140,5
1777485787,42,27.08,8.75,70.00,52.41,70.00,13.11,25,4,0,1789.0,140,5
1777485788,43,20.27,12.46,53.25,36.92,53.25,8.72,13,1,0,1789.0,140,5
1777485789,42,23.94,7.92,84.37,41.00,84.37,12.72,22,2,0,1789.0,140,5
1777485790,42,20.43,8.58,72.00,33.21,72.00,10.26,12,1,0,1789.6,140,5
1777485791,41,22.05,9.21,81.33,39.17,81.33,12.03,16,1,0,1790.0,140,5
1777485792,42,22.97,8.04,188.83,35.37,188.83,26.63,14,1,1,1790.0,140,5
1777485793,42,19.97,8.04,61.58,32.12,61.58,9.13,13,1,0,1790.0,140,5
1777485794,44,18.53,7.58,33.79,27.71,33.79,5.55,13,0,0,1790.4,140,5
1777485795,42,21.22,8.08,64.25,42.79,64.25,11.37,15,2,0,1791.0,140,5
1777485796,42,24.68,12.79,72.83,50.12,72.83,12.52,24,3,0,1791.0,140,5
1777485797,43,22.15,12.83,116.62,34.29,116.62,15.76,17,1,1,1791.0,140,5
1777485798,42,22.68,6.37,63.37,54.41,63.37,12.14,23,3,0,1791.0,140,5
1777485799,43,32.37,11.46,93.12,57.96,93.12,16.12,34,3,0,1792.0,140,5
1777485800,43,34.83,8.67,113.71,72.21,113.71,20.12,36,6,1,1792.0,140,5
1777485801,43,27.49,9.38,48.38,41.38,48.38,8.85,32,0,0,1792.0,140,5
1777485802,42,28.06,10.75,80.33,57.29,80.33,14.29,30,3,0,1792.0,140,5
1777485803,43,36.39,8.38,156.79,74.71,156.79,26.45,37,3,2,1792.8,140,5
1777485804,41,34.18,10.08,145.46,50.50,145.46,24.78,33,4,2,1793.0,140,5
1777485805,42,37.88,11.33,118.96,79.62,118.96,21.46,35,5,2,1793.0,140,5
1777485806,42,30.03,9.58,127.21,52.46,127.21,18.32,33,4,1,1793.0,140,5
1777485807,42,30.45,14.96,54.66,48.12,54.66,9.56,37,2,0,1793.5,140,5
1777485808,42,27.34,12.83,53.21,49.17,53.21,10.14,31,2,0,1794.0,140,5
1777485809,42,31.95,9.58,97.83,74.71,97.83,19.25,29,6,0,1794.0,140,5
1777485810,42,28.87,6.71,85.04,51.04,85.04,15.39,28,4,0,1794.0,140,5
1777485811,43,28.51,9.25,93.87,54.96,93.87,15.85,29,3,0,1794.2,140,5
1777485812,44,29.92,8.38,82.12,46.92,82.12,14.39,32,2,0,1795.0,140,5
1777485813,42,22.37,8.42,44.37,33.12,44.37,7.82,25,0,0,1795.0,140,5
1777485814,42,26.74,7.33,51.29,49.21,51.29,10.61,28,1,0,1795.0,140,5
1777485815,42,27.58,10.58,52.00,51.04,52.00,11.82,28,3,0,1795.0,140,5
1777485816,42,25.02,7.17,49.42,42.83,49.42,9.43,27,0,0,1795.9,140,5
1777485817,41,30.25,10.33,116.79,49.04,116.79,20.47,32,2,2,1796.0,140,5
1777485818,43,32.26,7.75,409.37,48.33,409.37,59.04,27,2,1,1796.0,140,5
1777485819,42,30.21,10.83,119.42,101.42,119.42,22.55,37,3,3,1796.0,140,5
1777485820,42,26.93,5.25,53.00,45.25,53.00,10.68,33,2,0,1796.6,140,5
1777485821,43,29.13,10.79,114.04,49.75,114.04,17.53,35,2,1,1797.0,140,5
1777485821,26,27.33,5.62,101.33,79.62,101.33,20.84,14,2,1,1797.0,140,5
1777485855,38,26.90,5.21,77.71,62.00,77.71,14.58,26,3,0,1805.0,140,6
1777485856,45,30.62,11.25,95.08,57.87,95.08,15.90,36,3,0,1805.0,140,6
1777485857,43,50.57,15.04,112.58,104.25,112.58,29.40,42,15,4,1805.0,140,6
1777485858,44,34.97,16.00,103.29,59.21,103.29,17.40,38,8,1,1805.0,140,6
1777485859,42,39.42,17.96,202.16,70.00,202.16,27.80,41,3,1,1805.9,140,6
1777485860,44,38.55,9.96,117.00,106.12,117.00,24.75,36,6,3,1806.0,140,6
1777485861,42,33.96,16.25,78.17,49.21,78.17,11.33,39,2,0,1806.0,140,6
1777485862,42,26.87,4.42,51.58,50.87,51.58,12.72,28,3,0,1806.0,140,6
1777485863,43,30.85,10.29,47.75,46.75,47.75,8.46,38,0,0,1806.6,140,6
1777485864,44,30.31,14.29,175.08,45.50,175.08,23.76,32,2,1,1807.0,140,6
1777485865,44,27.88,7.62,56.42,42.37,56.42,9.00,38,2,0,1807.0,140,6
1777485866,43,33.06,16.46,152.00,57.92,152.00,21.51,34,4,1,1807.0,140,6
1777485867,43,29.82,9.92,101.92,43.75,101.92,14.28,33,2,1,1807.3,140,6
1777485868,43,30.84,11.67,57.37,47.83,57.37,10.52,35,2,0,1808.0,140,6
1777485869,43,33.38,14.83,93.00,55.58,93.00,13.92,38,4,0,1808.0,140,6
1777485870,42,35.69,17.58,252.29,46.67,252.29,34.57,39,1,1,1808.0,140,6
1777485871,43,41.77,15.12,179.16,124.16,179.16,33.46,41,8,3,1808.0,140,6
1777485872,44,31.33,7.54,78.29,61.16,78.29,12.14,39,3,0,1809.0,140,6
1777485873,42,34.48,16.04,83.46,62.62,83.46,12.88,38,3,0,1809.0,140,6
1777485874,42,36.59,19.21,140.08,58.71,140.08,20.45,40,3,1,1809.0,140,6
1777485875,44,32.29,17.21,109.66,47.37,109.66,16.00,36,2,1,1809.0,140,6
1777485876,43,35.08,15.88,99.71,73.29,99.71,17.27,38,5,0,1809.7,140,6
1777485877,43,32.02,12.29,122.50,51.33,122.50,16.66,37,3,1,1810.0,140,6
1777485878,43,31.04,12.42,65.54,48.00,65.54,10.94,35,2,0,1810.0,140,6
1777485879,43,33.23,14.54,105.96,51.83,105.96,15.55,38,3,1,1810.0,140,6
1777485880,44,29.88,16.54,75.67,50.71,75.67,11.80,38,4,0,1810.5,140,6
1777485881,43,48.83,10.04,1027.61,54.92,1027.61,151.49,29,4,1,1811.0,140,6
1777485882,41,36.42,10.42,128.75,105.29,128.75,24.55,35,4,3,1811.0,140,6
1777485883,43,40.28,18.33,196.33,59.87,196.33,27.78,39,7,1,1811.0,140,6
1777485884,43,29.33,10.83,86.87,61.58,86.87,14.97,30,5,0,1811.2,140,6
1777485885,42,28.46,8.96,75.67,53.83,75.67,13.68,28,3,0,1812.0,140,6
1777485886,42,29.40,11.33,71.42,53.58,71.42,12.65,33,3,0,1812.0,140,6
1777485887,42,30.42,9.12,81.42,50.54,81.42,12.24,32,3,0,1812.0,140,6
1777485888,42,34.70,7.42,126.37,75.71,126.37,23.43,29,7,1,1812.0,140,6
1777485889,44,25.64,8.38,137.96,36.83,137.96,18.49,33,1,1,1812.8,140,6
1777485890,43,29.32,13.87,84.21,46.42,84.21,12.54,33,2,0,1813.0,140,6
1777485891,43,31.32,9.92,191.00,46.91,191.00,28.75,35,2,2,1813.0,140,6
1777485892,42,134.00,10.33,4204.38,126.79,4204.38,636.20,35,5,3,1813.0,140,6
1777485893,42,33.77,8.62,145.41,101.29,145.41,26.68,33,4,3,1813.6,140,6
1777485894,43,34.84,12.00,157.00,68.58,157.00,25.34,34,6,2,1814.0,140,6
1777485895,42,30.37,11.33,103.21,53.08,103.21,15.82,36,3,1,1814.0,140,6
1777485896,43,32.76,11.71,167.83,53.54,167.83,25.33,31,4,1,1814.0,140,6
1777485897,42,29.79,11.50,54.46,47.00,54.46,9.92,36,2,0,1814.3,140,6
1777485898,42,33.51,9.83,91.79,59.16,91.79,16.01,33,7,0,1815.0,140,6
1777485899,42,30.95,10.04,126.29,49.75,126.29,17.93,33,2,1,1815.0,140,6
1777485900,42,35.51,10.08,341.33,55.25,341.33,51.81,28,3,2,1815.0,140,6
1777485901,42,29.11,9.21,54.91,48.37,54.91,10.93,33,1,0,1815.0,140,6
1777485902,44,25.16,7.33,50.54,46.29,50.54,11.58,26,1,0,1816.0,140,6
1777485903,42,30.17,11.08,79.37,52.58,79.37,13.57,33,3,0,1816.0,140,6
1777485904,41,32.47,8.08,102.25,71.12,102.25,17.86,30,3,1,1816.0,140,6
1777485905,43,32.46,10.92,172.79,69.75,172.79,26.79,32,4,1,1816.0,140,6
1777485906,42,29.86,7.25,119.91,53.25,119.91,19.75,31,4,1,1816.7,140,6
1777485907,43,29.95,11.25,119.75,55.96,119.75,19.93,29,3,1,1817.0,140,6
1777485908,40,27.84,10.08,53.08,51.46,53.08,10.59,30,2,0,1817.0,140,6
1777485909,43,27.52,8.54,74.25,50.29,74.25,13.41,26,3,0,1817.0,140,6
1777485910,42,26.62,9.12,53.04,45.29,53.04,10.54,32,1,0,1817.4,140,6
1777485911,43,24.91,11.33,53.33,38.17,53.33,8.90,30,2,0,1818.0,140,6
1777485912,43,25.03,8.25,45.92,42.62,45.92,7.89,32,0,0,1818.0,140,6
1777485913,43,23.72,7.75,117.62,33.58,117.62,15.89,27,1,1,1818.0,140,6
1777485914,44,26.80,10.29,120.66,50.87,120.66,16.66,32,3,1,1818.1,140,6
1777485915,42,30.62,14.00,246.33,40.08,246.33,34.41,32,2,1,1819.0,140,6
1777485916,43,30.29,12.29,113.87,56.58,113.87,17.46,32,5,1,1819.0,140,6
1777485917,43,24.31,11.17,43.87,39.67,43.87,8.07,26,0,0,1819.0,140,6
1777485918,43,25.10,6.33,94.87,49.62,94.87,14.87,26,2,0,1819.0,140,6
1777485919,42,21.25,6.54,82.92,36.92,82.92,13.95,16,2,0,1819.8,140,6
1777485920,42,19.16,5.92,50.04,41.83,50.04,9.62,14,1,0,1820.0,140,6
1777485921,42,19.83,5.58,50.04,42.04,50.04,10.78,12,1,0,1820.0,140,6
1777485922,43,24.27,8.96,187.70,51.12,187.70,29.21,14,3,2,1820.0,140,6
1777485923,42,20.45,7.96,50.04,48.75,50.04,10.52,16,1,0,1820.5,140,6
1777485924,42,17.19,7.58,70.37,27.08,70.37,10.14,7,1,0,1821.0,140,6
1777485925,41,17.18,11.92,35.96,25.00,35.96,5.54,11,0,0,1821.0,140,6
1777485926,43,17.55,6.38,50.75,31.58,50.75,7.30,11,1,0,1821.0,140,6
1777485927,42,21.20,8.50,67.25,47.00,67.25,13.29,12,2,0,1821.2,140,6
1777485928,42,19.97,7.12,84.42,42.12,84.42,15.61,10,2,0,1822.0,140,6
1777485929,43,16.78,7.29,51.37,25.00,51.37,7.82,8,1,0,1822.0,140,6
1777485930,41,17.67,7.12,31.37,30.79,31.37,6.22,14,0,0,1822.0,140,6
1777485931,42,25.37,12.38,70.96,54.29,70.96,13.95,21,3,0,1822.0,140,6
1777485932,42,20.90,10.17,105.79,40.87,105.79,18.23,9,2,1,1822.9,140,6
1777485933,43,25.27,6.04,85.50,51.21,85.50,15.26,24,3,0,1823.0,140,6
1777485934,43,28.66,11.17,173.58,48.71,173.58,24.38,27,1,1,1823.0,140,6
1777485935,43,24.76,8.96,50.62,39.17,50.62,8.23,30,1,0,1823.0,140,6
1777485936,42,22.78,7.92,76.62,42.88,76.62,12.89,16,2,0,1823.6,140,6
1777485937,42,18.91,7.71,81.00,30.33,81.00,12.12,12,1,0,1824.0,140,6
1777485938,41,18.23,8.42,50.91,32.25,50.91,8.85,11,1,0,1824.0,140,6
1777485939,42,16.87,11.83,31.87,29.87,31.87,6.04,10,0,0,1824.0,140,6
1777485940,43,17.39,6.21,30.46,29.29,30.46,5.74,12,0,0,1824.3,140,6
1777485941,43,20.08,10.83,90.37,37.12,90.37,13.15,13,1,0,1825.0,140,6
1777485942,42,17.39,9.21,48.75,28.54,48.75,7.19,11,0,0,1825.0,140,6
1777485943,42,17.28,7.58,46.75,25.25,46.75,6.96,13,0,0,1825.0,140,6
1777485944,43,16.97,11.67,40.37,32.58,40.37,6.67,8,0,0,1825.0,140,6
1777485945,42,17.50,10.33,47.29,27.00,47.29,6.87,10,0,0,1826.0,140,6
1777485946,43,22.97,9.92,138.41,47.83,138.41,22.92,11,2,1,1826.0,140,6
1777485947,42,15.97,9.79,53.12,25.12,53.12,7.00,6,1,0,1826.0,140,6
1777485948,42,20.56,8.71,155.00,36.21,155.00,21.95,8,1,1,1826.0,140,6
1777485949,43,14.40,6.08,32.67,19.54,32.67,4.58,2,0,0,1826.7,140,6
1777485950,43,19.34,11.29,50.71,31.08,50.71,7.43,15,1,0,1827.0,140,6
1777485951,41,27.37,9.00,63.41,41.83,63.41,10.07,32,1,0,1827.0,140,6
1777485952,43,19.07,7.67,51.17,38.58,51.17,9.01,12,1,0,1827.0,140,6
1777485953,43,22.10,12.71,72.42,36.96,72.42,10.35,20,1,0,1827.4,140,6
1777485954,42,49.32,9.29,951.02,58.08,951.02,142.16,22,5,2,1828.0,140,6
1777485955,43,21.20,5.58,66.71,39.00,66.71,10.77,20,1,0,1828.0,140,6
1777485956,42,21.23,9.83,68.79,39.58,68.79,12.07,15,2,0,1828.0,140,6
1777485957,42,31.45,12.12,81.96,59.54,81.96,15.29,32,5,0,1828.1,140,6
1777485958,44,28.76,11.33,83.00,55.46,83.00,13.59,32,3,0,1829.0,140,6
1777485959,43,24.19,7.46,66.50,47.21,66.50,12.50,23,2,0,1829.0,140,6
1777485960,44,33.29,10.12,172.41,86.75,172.41,29.62,30,4,2,1829.0,140,6
1777485961,42,24.26,6.42,90.25,47.42,90.25,15.36,20,1,0,1829.0,140,6
1777485962,43,24.31,9.92,75.83,46.75,75.83,13.14,21,2,0,1829.9,140,6
1777485963,42,15.96,6.96,63.33,23.08,63.33,9.35,3,1,0,1830.0,140,6
1777485964,43,17.32,9.79,69.67,31.71,69.67,9.93,7,1,0,1830.0,140,6
1777485965,41,21.57,8.92,87.58,51.54,87.58,15.45,12,3,0,1830.0,140,6
1777485966,43,22.90,9.33,55.50,42.71,55.50,11.33,22,1,0,1830.6,140,6
1777485967,43,29.97,13.29,148.91,44.83,148.91,21.56,32,2,1,1831.0,140,6
1777485968,44,22.19,8.42,39.50,37.54,39.50,7.75,27,0,0,1831.0,140,6
1777485969,42,25.03,9.04,61.29,46.67,61.29,11.05,29,1,0,1831.0,140,6
1777485970,44,23.14,9.33,41.87,36.83,41.87,7.59,27,0,0,1831.3,140,6
1777485971,41,21.49,7.88,53.79,44.00,53.79,10.56,20,2,0,1832.0,140,6
1777485972,42,25.69,7.25,232.87,31.17,232.87,32.91,24,1,1,1832.0,140,6
1777485973,43,31.48,8.79,229.54,82.50,229.54,37.22,27,5,2,1832.0,140,6
1777485974,44,28.13,9.29,127.29,74.21,127.29,20.65,32,4,1,1832.0,140,6
1777485975,42,33.89,18.87,121.75,55.83,121.75,19.86,36,4,1,1833.0,140,6
1777485976,43,28.92,8.71,69.00,49.83,69.00,11.97,35,2,0,1833.0,140,6
1777485977,42,30.63,8.17,70.67,63.33,70.67,14.93,29,5,0,1833.0,140,6
1777485978,45,25.15,9.38,49.29,44.58,49.29,10.27,30,0,0,1833.0,140,6
1777485979,42,27.84,10.75,53.33,52.17,53.33,10.28,31,3,0,1833.7,140,6
1777485980,43,26.85,9.38,47.29,42.79,47.29,9.51,32,0,0,1834.0,140,6
1777485981,43,33.32,14.46,63.29,53.71,63.29,11.91,38,3,0,1834.0,140,6
1777485982,43,36.25,10.67,426.24,61.54,426.24,61.18,34,3,1,1834.0,140,6
1777485983,43,25.43,9.25,72.00,43.50,72.00,11.28,30,1,0,1834.4,140,6
1777485984,43,26.06,9.08,56.79,44.00,56.79,9.41,32,1,0,1835.0,140,6
1777485985,43,24.88,11.29,43.96,38.54,43.96,8.18,30,0,0,1835.0,140,6
1777485986,43,28.46,7.42,67.87,60.83,67.87,13.67,32,5,0,1835.0,140,6
1777485987,43,23.14,9.25,113.00,51.37,113.00,16.88,18,3,1,1835.1,140,6
1777485988,42,20.52,10.08,61.12,43.96,61.12,11.75,13,2,0,1836.0,140,6
1777485989,41,24.23,12.83,202.33,40.87,202.33,29.33,13,1,1,1836.0,140,6
1777485990,41,25.83,11.54,169.46,49.50,169.46,25.48,16,2,1,1836.0,140,6
1777485991,42,18.05,11.92,110.37,23.42,110.37,14.79,7,1,1,1836.0,140,6
1777485992,42,26.03,12.62,84.71,48.96,84.71,14.34,25,2,0,1836.8,140,6
1777485993,42,18.63,12.04,57.29,38.29,57.29,9.12,9,1,0,1837.0,140,6
1777485994,43,17.20,7.17,52.08,30.04,52.08,8.01,10,1,0,1837.0,140,6
1777485995,42,18.62,11.92,71.17,34.67,71.17,10.37,12,1,0,1837.0,140,6
1777485996,43,18.34,8.50,97.33,32.42,97.33,13.48,10,1,0,1837.5,140,6
1777485997,42,17.14,9.46,49.25,30.62,49.25,6.93,10,0,0,1838.0,140,6
1777485998,43,19.86,11.75,59.96,42.50,59.96,10.00,13,1,0,1838.0,140,6
1777485999,41,22.10,11.88,48.37,44.62,48.37,10.65,19,0,0,1838.0,140,6
1777486000,42,18.40,8.54,76.96,32.71,76.96,11.52,9,1,0,1838.2,140,6
1777486001,43,22.14,12.08,157.83,36.87,157.83,24.84,9,2,1,1839.0,140,6
1777486002,42,19.00,7.12,42.96,39.33,42.96,8.67,12,0,0,1839.0,140,6
1777486003,43,22.46,12.12,158.37,42.12,158.37,25.23,8,2,1,1839.0,140,6
1777486004,42,18.45,12.04,137.29,29.92,137.29,19.14,5,1,1,1839.0,140,6
1777486005,42,19.59,9.38,92.25,47.58,92.25,16.58,9,2,0,1839.9,140,6
1777486006,42,19.55,9.62,55.29,46.12,55.29,11.43,11,1,0,1840.0,140,6
1777486007,42,17.17,12.04,37.04,27.79,37.04,6.34,9,0,0,1840.0,140,6
1777486008,41,18.66,9.17,130.96,26.92,130.96,18.27,9,1,1,1840.0,140,6
1777486009,42,16.63,7.67,32.62,30.17,32.62,5.89,10,0,0,1840.6,140,6
1777486010,42,16.69,11.75,34.62,30.92,34.62,5.51,7,0,0,1841.0,140,6
1777486011,42,17.88,11.83,68.46,44.54,68.46,12.33,7,2,0,1841.0,140,6
1777486012,42,22.30,7.38,60.00,47.12,60.00,12.54,16,1,0,1841.0,140,6
1777486013,42,15.66,11.21,49.83,19.96,49.83,6.33,2,0,0,1841.3,140,6
1777486014,42,22.16,9.42,151.58,43.29,151.58,22.22,12,1,1,1842.0,140,6
1777486015,42,38.01,12.79,140.62,126.08,140.62,29.34,31,6,3,1842.0,140,6
1777486016,43,22.14,12.00,51.87,49.17,51.87,9.90,21,1,0,1842.0,140,6
1777486017,43,20.61,12.42,68.87,42.37,68.87,11.10,17,1,0,1842.0,140,6
1777486018,41,16.41,7.79,37.87,30.83,37.87,5.67,5,0,0,1843.0,140,6
1777486019,42,16.48,12.17,36.54,27.88,36.54,5.24,6,0,0,1843.0,140,6
1777486020,42,17.81,7.38,41.00,33.71,41.00,7.12,10,0,0,1843.0,140,6
1777486021,42,18.23,11.83,79.42,41.33,79.42,11.72,10,1,0,1843.0,140,6
1777486022,43,18.66,12.17,52.41,39.96,52.41,9.62,9,1,0,1843.7,140,6
1777486023,41,25.59,12.54,115.79,89.21,115.79,23.91,13,4,1,1844.0,140,6
1777486024,42,19.65,12.04,119.91,34.96,119.91,17.32,7,1,1,1844.0,140,6
1777486025,42,20.82,8.29,106.87,61.21,106.87,17.59,12,3,1,1844.0,140,6
1777486026,42,21.51,10.25,119.29,68.83,119.29,21.13,8,3,1,1844.5,140,6
1777486027,42,19.95,10.00,128.50,44.71,128.50,18.93,8,2,1,1845.0,140,6
1777486028,43,18.29,12.29,41.17,36.67,41.17,7.51,13,0,0,1845.0,140,6
1777486029,42,18.00,6.00,60.91,42.75,60.91,10.43,10,1,0,1845.0,140,6
1777486030,43,17.62,12.29,49.96,32.58,49.96,7.40,9,0,0,1845.1,140,6
1777486031,43,17.81,11.88,86.50,31.67,86.50,11.87,9,1,0,1846.0,140,6
1777486032,42,20.56,11.88,85.75,39.21,85.75,13.58,14,2,0,1846.0,140,6
1777486033,42,16.49,12.00,55.79,23.29,55.79,7.97,8,1,0,1846.0,140,6
1777486034,43,19.21,9.67,82.67,33.87,82.67,12.48,10,2,0,1846.0,140,6
1777486035,42,15.20,12.21,25.04,20.54,25.04,2.94,4,0,0,1846.8,140,6
1777486036,43,16.01,11.62,55.25,23.88,55.25,7.33,4,1,0,1847.0,140,6
1777486037,43,15.44,11.50,32.62,25.71,32.62,4.92,6,0,0,1847.0,140,6
1777486038,42,16.74,7.75,57.29,26.87,57.29,9.56,7,2,0,1847.0,140,6
1777486039,42,15.90,12.29,35.71,23.42,35.71,4.57,6,0,0,1847.5,140,6
1777486040,42,24.75,9.29,94.79,51.29,94.79,19.04,14,4,0,1848.0,140,6
1777486041,42,22.67,12.96,50.25,40.42,50.25,9.34,20,1,0,1848.0,140,6
1777486042,42,17.03,8.08,40.50,29.79,40.50,7.29,9,0,0,1848.0,140,6
1777486043,43,18.59,11.00,56.04,41.29,56.04,10.21,10,2,0,1848.3,140,6
1777486044,42,19.19,12.21,83.25,35.50,83.25,12.29,11,1,0,1849.0,140,6
1777486045,42,17.04,6.38,46.46,30.88,46.46,7.49,7,0,0,1849.0,140,6
1777486046,43,17.40,11.96,50.08,30.46,50.08,7.39,10,1,0,1849.0,140,6
1777486047,42,17.60,7.04,38.58,32.37,38.58,7.02,10,0,0,1849.0,140,6
1777486048,42,17.13,12.17,38.88,31.92,38.88,6.19,8,0,0,1850.0,140,6
1777486049,43,17.91,10.37,56.79,36.08,56.79,10.21,8,2,0,1850.0,140,6
1777486050,42,16.60,7.75,43.62,26.17,43.62,6.83,10,0,0,1850.0,140,6
1777486051,42,16.69,7.33,38.42,34.75,38.42,6.74,9,0,0,1850.0,140,6
1777486052,42,15.56,9.62,40.54,24.62,40.54,5.54,5,0,0,1850.7,140,6
1777486053,42,14.66,5.96,30.08,22.96,30.08,4.13,3,0,0,1851.0,140,6
1777486054,42,19.32,11.37,78.00,37.33,78.00,13.78,10,2,0,1851.0,140,6
1777486055,42,16.93,8.75,40.83,34.83,40.83,7.35,8,0,0,1851.0,140,6
1777486056,41,18.44,11.04,91.46,29.67,91.46,13.30,7,1,0,1851.4,140,6
1777486057,42,17.43,10.00,46.87,32.79,46.87,7.25,12,0,0,1852.0,140,6
1777486058,42,18.83,11.71,82.71,34.79,82.71,11.84,10,1,0,1852.0,140,6
1777486059,43,15.97,12.00,28.71,22.71,28.71,4.09,9,0,0,1852.0,140,6
1777486060,42,15.58,6.42,28.50,26.79,28.50,4.70,7,0,0,1852.1,140,6
1777486061,43,15.64,10.29,30.08,25.50,30.08,4.56,7,0,0,1853.0,140,6
1777486062,43,19.79,7.79,87.00,40.33,87.00,13.34,11,1,0,1853.0,140,6
1777486063,41,16.23,8.08,34.25,23.21,34.25,4.64,8,0,0,1853.0,140,6
1777486064,43,16.65,11.54,51.66,30.96,51.66,7.22,6,1,0,1853.0,140,6
1777486065,42,17.48,8.29,78.00,25.75,78.00,11.80,8,2,0,1853.8,140,6
1777486066,42,15.84,12.12,48.87,26.33,48.87,6.58,5,0,0,1854.0,140,6
1777486067,42,17.24,11.83,43.79,31.79,43.79,6.35,8,0,0,1854.0,140,6
1777486068,42,16.48,6.79,82.92,27.25,82.92,10.98,3,1,0,1854.0,140,6
1777486069,43,18.71,11.79,146.33,28.04,146.33,20.10,6,1,1,1854.5,140,6
1777486070,42,17.68,9.04,59.67,34.42,59.67,9.69,9,1,0,1855.0,140,6
1777486071,42,17.66,12.29,52.25,35.50,52.25,8.31,10,1,0,1855.0,140,6
1777486072,44,16.03,7.38,40.29,27.58,40.29,6.01,7,0,0,1855.0,140,6
1777486073,42,15.79,8.50,32.79,30.50,32.79,5.60,5,0,0,1855.2,140,6
1777486074,42,20.29,11.46,158.75,37.42,158.75,22.67,9,1,1,1856.0,140,6
1777486075,42,16.58,9.12,78.42,26.79,78.42,10.90,5,1,0,1856.0,140,6
1777486076,41,15.46,8.71,26.04,24.62,26.04,3.75,5,0,0,1856.0,140,6
1777486077,42,18.70,6.25,105.58,32.67,105.58,14.73,10,1,1,1856.0,140,6
1777486078,42,18.50,11.04,73.79,35.33,73.79,11.24,9,1,0,1856.9,140,6
1777486079,42,40.16,9.25,326.91,61.08,326.91,46.75,36,3,1,1857.0,140,6
1777486080,42,19.70,11.83,129.12,31.58,129.12,18.00,10,1,1,1857.0,140,6
1777486081,43,16.27,12.12,54.54,27.04,54.54,7.31,7,1,0,1857.0,140,6
1777486082,42,21.92,11.88,119.75,52.87,119.75,19.86,13,3,1,1857.6,140,6
1777486083,41,15.86,5.92,38.12,24.29,38.12,5.29,7,0,0,1858.0,140,6
1777486084,42,16.71,8.54,61.41,25.54,61.41,8.25,6,1,0,1858.0,140,6
1777486085,42,18.62,9.62,121.33,31.12,121.33,17.25,7,1,1,1858.0,140,6
1777486086,43,21.72,11.42,183.71,48.21,183.71,28.81,7,2,2,1858.3,140,6
1777486087,42,21.12,8.71,93.42,50.66,93.42,16.66,12,3,0,1859.0,140,6
1777486088,43,19.58,6.12,52.33,47.00,52.33,10.47,12,1,0,1859.0,140,6
1777486089,42,16.41,9.33,41.17,29.54,41.17,6.99,9,0,0,1859.0,140,6
1777486090,42,15.01,7.46,38.21,23.96,38.21,5.03,4,0,0,1859.0,140,6
1777486091,42,15.66,7.67,30.83,28.00,30.83,5.10,6,0,0,1860.0,140,6
1777486092,43,18.19,10.29,57.83,43.17,57.83,10.22,10,1,0,1860.0,140,6
1777486093,42,16.40,8.92,69.42,20.92,69.42,8.96,5,1,0,1860.0,140,6
1777486094,43,15.72,6.96,42.67,24.71,42.67,6.11,5,0,0,1860.0,140,6
1777486095,43,16.80,12.17,40.25,26.54,40.25,5.44,7,0,0,1860.7,140,6
1777486096,41,15.61,10.33,28.38,22.83,28.38,4.05,8,0,0,1861.0,140,6
1777486097,42,15.79,12.04,36.96,25.88,36.96,5.60,7,0,0,1861.0,140,6
1777486098,42,22.85,12.33,141.75,67.79,141.75,24.31,9,3,1,1861.0,140,6
1777486099,41,23.17,9.83,142.87,98.62,142.87,26.48,7,3,2,1861.4,140,6
1777486100,42,19.80,12.21,46.79,45.87,46.79,10.24,13,0,0,1862.0,140,6
1777486101,42,15.49,7.75,33.42,25.33,33.42,5.00,7,0,0,1862.0,140,6
1777486102,42,19.17,7.54,89.42,42.12,89.42,13.96,10,2,0,1862.0,140,6
1777486103,43,15.74,6.42,38.04,27.50,38.04,5.61,6,0,0,1862.1,140,6
1777486104,41,19.17,11.79,52.87,38.96,52.87,10.41,10,1,0,1863.0,140,6
1777486105,42,19.32,11.88,142.41,26.58,142.41,19.92,8,1,1,1863.0,140,6
1777486106,42,21.04,9.79,87.96,54.54,87.96,16.03,13,3,0,1863.0,140,6
1777486107,42,24.51,11.71,140.16,52.79,140.16,26.98,12,3,2,1863.0,140,6
1777486108,43,17.40,8.04,45.75,35.33,45.75,7.42,9,0,0,1863.8,140,6
1777486109,43,21.89,11.88,142.54,41.96,142.54,21.27,11,2,1,1864.0,140,6
1777486110,42,19.67,11.92,141.91,31.87,141.91,19.95,10,1,1,1864.0,140,6
1777486111,42,16.86,11.92,50.62,30.58,50.62,7.58,7,1,0,1864.0,140,6
1777486112,43,17.48,12.04,55.12,33.58,55.12,8.25,8,1,0,1864.5,140,6
1777486113,43,19.18,11.54,85.71,31.83,85.71,11.86,12,1,0,1865.0,140,6
1777486114,41,17.93,11.87,60.66,35.66,60.66,9.29,9,1,0,1865.0,140,6
1777486115,43,18.24,7.38,131.79,32.75,131.79,18.35,5,1,1,1865.0,140,6
1777486116,42,17.67,12.17,43.46,29.33,43.46,7.09,11,0,0,1865.2,140,6
1777486117,42,17.40,6.21,50.46,30.08,50.46,7.77,8,1,0,1866.0,140,6
1777486118,43,17.12,11.92,40.91,37.67,40.91,6.91,7,0,0,1866.0,140,6
1777486119,42,17.43,6.79,59.50,28.04,59.50,8.30,9,1,0,1866.0,140,6
1777486120,43,14.99,12.29,26.75,23.92,26.75,3.63,6,0,0,1866.0,140,6
1777486121,42,16.71,12.00,35.92,25.17,35.92,5.29,10,0,0,1866.9,140,6
1777486122,43,19.73,12.00,63.79,50.29,63.79,12.46,10,3,0,1867.0,140,6
1777486123,42,16.18,7.29,41.87,24.46,41.87,5.63,7,0,0,1867.0,140,6
1777486124,42,21.66,9.92,149.16,57.67,149.16,22.61,11,3,1,1867.0,140,6
1777486125,42,17.77,7.25,64.75,41.17,64.75,10.54,8,1,0,1867.6,140,6
1777486126,43,17.80,11.96,48.25,43.25,48.25,9.34,10,0,0,1868.0,140,6
1777486127,42,16.38,8.96,48.46,27.79,48.46,6.89,7,0,0,1868.0,140,6
1777486128,43,20.81,10.00,109.87,69.75,109.87,18.84,8,3,1,1868.0,140,6
1777486129,41,16.31,12.21,52.50,19.96,52.50,7.62,2,1,0,1868.4,140,6
1777486130,42,16.33,9.92,74.87,21.25,74.87,9.56,4,1,0,1869.0,140,6
1777486131,43,17.11,5.96,47.67,38.62,47.67,8.07,6,0,0,1869.0,140,6
1777486132,41,19.08,12.21,106.08,30.21,106.08,14.59,11,1,1,1869.0,140,6
1777486133,42,16.50,7.62,55.71,31.79,55.71,8.40,6,1,0,1869.0,140,6
1777486134,43,20.73,12.12,140.08,44.25,140.08,21.24,8,2,1,1870.0,140,6
1777486135,42,19.08,9.38,147.04,30.67,147.04,20.68,6,1,1,1870.0,140,6
1777486136,42,18.83,11.96,71.71,38.21,71.71,10.24,9,1,0,1870.0,140,6
1777486137,42,17.39,6.46,69.00,28.38,69.00,9.29,7,1,0,1870.0,140,6
1777486138,43,35.17,11.67,146.58,65.62,146.58,24.05,34,7,1,1870.7,140,6
1777486139,41,38.85,13.21,245.45,54.00,245.45,38.40,33,4,2,1871.0,140,6
1777486140,42,22.15,7.25,59.58,51.46,59.58,13.66,17,4,0,1871.0,140,6
1777486141,43,18.82,10.71,49.79,33.87,49.79,8.09,14,0,0,1871.0,140,6
1777486142,42,19.83,11.79,90.12,33.38,90.12,13.54,10,2,0,1871.5,140,6
1777486143,42,31.19,13.29,85.37,46.58,85.37,11.97,35,1,0,1872.0,140,6
1777486144,43,20.56,8.17,73.75,35.25,73.75,12.96,13,2,0,1872.0,140,6
1777486145,42,20.09,11.21,60.54,54.92,60.54,13.16,10,3,0,1872.0,140,6
1777486146,42,16.42,6.38,83.96,20.87,83.96,11.04,4,1,0,1872.2,140,6
1777486147,41,18.71,12.58,54.12,39.29,54.12,9.12,10,1,0,1873.0,140,6
1777486148,43,16.91,7.79,37.58,31.12,37.58,6.27,9,0,0,1873.0,140,6
1777486149,43,18.44,12.21,47.92,33.79,47.92,7.22,12,0,0,1873.0,140,6
1777486150,42,16.29,9.54,39.87,29.29,39.87,5.84,6,0,0,1873.0,140,6
1777486151,43,18.28,11.88,54.62,32.37,54.62,8.40,12,1,0,1873.9,140,6
1777486152,43,19.22,6.00,99.17,34.00,99.17,14.02,13,1,0,1874.0,140,6
1777486153,42,17.26,9.83,34.71,29.62,34.71,6.05,10,0,0,1874.0,140,6
1777486154,42,22.99,12.29,92.46,58.12,92.46,17.57,12,3,0,1874.0,140,6
1777486155,41,17.49,11.92,35.62,34.92,35.62,7.02,10,0,0,1874.6,140,6
1777486156,43,19.31,12.38,96.54,31.00,96.54,13.28,11,1,0,1875.0,140,6
1777486157,43,18.54,11.92,82.12,33.25,82.12,11.93,9,1,0,1875.0,140,6
1777486158,43,17.49,8.96,51.79,30.21,51.79,8.47,11,1,0,1875.0,140,6
1777486159,41,19.55,11.79,91.25,31.46,91.25,14.00,9,2,0,1875.3,140,6
1777486160,44,16.88,10.29,50.83,29.67,50.83,8.15,7,1,0,1876.0,140,6
1777486161,43,16.74,12.17,46.83,25.54,46.83,6.10,9,0,0,1876.0,140,6
1777486162,42,16.43,7.62,68.37,21.79,68.37,8.81,5,1,0,1876.0,140,6
1777486163,42,19.33,8.58,128.87,32.21,128.87,18.75,8,2,1,1876.0,140,6
1777486164,43,20.08,7.21,173.50,36.92,173.50,24.56,10,1,1,1877.0,140,6
1777486165,43,15.59,6.17,44.92,28.46,44.92,6.86,7,0,0,1877.0,140,6
1777486166,42,18.39,11.38,109.71,23.88,109.71,16.52,5,2,1,1877.0,140,6
1777486167,43,17.87,6.96,80.17,27.29,80.17,10.93,11,1,0,1877.0,140,6
1777486168,42,19.43,12.33,60.25,43.21,60.25,11.10,11,2,0,1877.7,140,6
1777486169,43,17.39,8.04,88.37,25.75,88.37,12.23,10,1,0,1878.0,140,6
1777486170,43,17.40,7.25,37.37,32.50,37.37,6.67,13,0,0,1878.0,140,6
1777486171,42,16.49,11.50,62.54,22.46,62.54,7.84,6,1,0,1878.0,140,6
1777486172,43,19.87,10.79,98.29,46.62,98.29,15.90,9,2,0,1878.4,140,6
1777486173,41,16.57,6.79,44.37,34.54,44.37,7.66,6,0,0,1879.0,140,6
1777486174,43,18.00,10.54,64.12,38.71,64.12,9.94,8,1,0,1879.0,140,6
1777486175,43,16.83,11.62,38.87,28.87,38.87,5.70,9,0,0,1879.0,140,6
1777486176,42,18.91,10.88,116.29,31.83,116.29,16.89,8,2,1,1879.1,140,6
1777486177,42,16.96,10.42,45.83,30.25,45.83,7.69,9,0,0,1880.0,140,6
1777486178,43,20.19,10.58,58.04,42.83,58.04,11.28,12,1,0,1880.0,140,6
1777486179,42,19.54,9.42,62.83,40.58,62.83,10.15,13,1,0,1880.0,140,6
1777486180,43,15.42,7.54,27.46,26.33,27.46,4.40,8,0,0,1880.0,140,6
1777486181,42,16.41,12.00,40.12,28.42,40.12,6.18,8,0,0,1880.8,140,6
1777486182,42,18.42,6.08,81.29,43.29,81.29,13.75,9,2,0,1881.0,140,6
1777486183,43,21.11,7.62,159.21,30.21,159.21,22.88,13,2,1,1881.0,140,6
1777486184,41,17.08,9.62,72.92,28.92,72.92,10.32,6,1,0,1881.0,140,6
1777486185,42,17.71,12.08,68.17,33.42,68.17,9.85,10,1,0,1881.5,140,6
1777486186,42,17.85,8.37,77.33,28.67,77.33,12.36,7,2,0,1882.0,140,6
1777486187,41,17.74,7.50,61.42,38.75,61.42,10.77,6,2,0,1882.0,140,6
1777486188,43,20.50,9.62,78.92,43.79,78.92,14.65,11,2,0,1882.0,140,6
1777486189,42,17.25,12.00,55.96,34.42,55.96,8.61,7,1,0,1882.2,140,6
1777486190,43,20.39,9.79,109.00,49.54,109.00,17.90,12,2,1,1883.0,140,6
1777486191,42,18.22,12.00,65.50,28.75,65.50,9.79,10,1,0,1883.0,140,6
1777486192,43,17.61,7.21,54.62,31.50,54.62,9.08,9,2,0,1883.0,140,6
1777486193,43,19.21,9.50,128.04,35.96,128.04,18.14,8,1,1,1883.0,140,6
1777486194,42,16.50,12.00,51.96,31.25,51.96,7.56,6,1,0,1883.9,140,6
1777486195,42,16.42,12.08,68.92,25.46,68.92,9.06,6,1,0,1884.0,140,6
1777486196,43,16.95,8.88,70.71,25.67,70.71,9.26,8,1,0,1884.0,140,6
1777486197,42,14.98,10.71,32.04,20.58,32.04,4.18,3,0,0,1884.0,140,6
1777486198,42,17.73,6.25,76.00,30.62,76.00,10.67,10,1,0,1884.6,140,6
1777486199,42,20.85,8.04,83.29,54.58,83.29,14.73,15,3,0,1885.0,140,6
1777486200,43,17.69,8.50,102.87,35.96,102.87,14.83,5,1,1,1885.0,140,6
1777486201,42,21.07,6.92,60.00,48.25,60.00,12.38,15,1,0,1885.0,140,6
1777486202,42,18.49,11.50,43.79,38.75,43.79,8.87,10,0,0,1885.3,140,6
1777486203,43,16.73,9.38,35.21,26.58,35.21,5.42,9,0,0,1886.0,140,6
1777486204,42,16.33,12.37,35.12,33.83,35.12,5.91,5,0,0,1886.0,140,6
1777486205,42,16.67,11.87,86.91,26.29,86.91,11.57,6,1,0,1886.0,140,6
1777486206,43,15.40,9.96,34.38,24.37,34.38,4.85,7,0,0,1886.0,140,6
1777486207,43,34.96,13.67,84.42,56.71,84.42,14.64,35,5,0,1887.0,140,6
1777486208,44,18.07,6.08,67.79,33.33,67.79,10.91,12,1,0,1887.0,140,6
1777486209,42,17.55,9.88,41.66,37.62,41.66,7.73,11,0,0,1887.0,140,6
1777486210,43,16.40,11.88,41.83,28.25,41.83,6.16,7,0,0,1887.0,140,6
1777486211,42,20.31,9.75,55.75,45.79,55.75,11.65,12,2,0,1887.7,140,6
1777486212,42,18.33,10.21,46.12,30.67,46.12,6.86,15,0,0,1888.0,140,6
1777486213,43,17.43,10.25,40.58,33.79,40.58,6.79,9,0,0,1888.0,140,6
1777486214,43,19.13,7.17,60.17,40.96,60.17,10.01,14,1,0,1888.0,140,6
1777486215,41,18.35,10.50,134.41,26.29,134.41,18.82,8,1,1,1888.4,140,6
1777486216,43,17.75,9.92,81.33,39.17,81.33,11.97,7,1,0,1889.0,140,6
1777486217,43,19.45,6.96,77.46,47.54,77.46,13.39,10,2,0,1889.0,140,6
1777486218,42,16.35,9.29,39.42,23.29,39.42,5.09,7,0,0,1889.0,140,6
1777486219,42,16.99,9.17,50.37,36.42,50.37,7.92,7,1,0,1889.2,140,6
1777486220,42,19.71,7.75,61.37,42.66,61.37,11.15,10,2,0,1890.0,140,6
1777486221,42,16.01,11.92,43.54,23.92,43.54,5.66,7,0,0,1890.0,140,6
1777486222,42,16.19,11.58,52.29,27.83,52.29,6.86,6,1,0,1890.0,140,6
1777486223,42,18.26,10.42,67.58,32.17,67.58,9.70,9,1,0,1890.0,140,6
1777486224,42,17.03,12.17,75.54,24.17,75.54,9.98,8,1,0,1890.9,140,6
1777486225,42,17.41,5.96,54.33,26.54,54.33,7.65,13,1,0,1891.0,140,6
1777486226,43,16.32,7.96,32.21,25.00,32.21,4.80,8,0,0,1891.0,140,6
1777486227,42,19.51,12.29,93.00,27.37,93.00,16.06,8,2,0,1891.0,140,6
1777486228,43,16.25,7.29,36.83,32.54,36.83,6.40,8,0,0,1891.6,140,6
1777486229,42,18.35,7.00,64.37,33.62,64.37,10.06,11,1,0,1892.0,140,6
1777486230,43,16.79,8.42,50.83,29.79,50.83,7.08,7,1,0,1892.0,140,6
1777486231,44,15.57,12.33,36.42,25.25,36.42,5.00,3,0,0,1892.0,140,6
1777486232,41,19.43,8.50,66.50,42.96,66.50,11.48,12,2,0,1892.3,140,6
1777486233,42,19.43,11.62,93.08,35.08,93.08,13.99,9,2,0,1893.0,140,6
1777486234,42,19.20,12.54,72.29,44.62,72.29,12.35,10,2,0,1893.0,140,6
1777486235,42,17.88,12.50,85.08,27.29,85.08,11.20,8,1,0,1893.0,140,6
1777486236,42,17.90,11.96,63.00,44.29,63.00,11.02,7,2,0,1893.0,140,6
1777486237,43,17.31,9.29,54.37,35.04,54.37,8.13,8,1,0,1894.0,140,6
1777486238,43,21.02,11.87,100.83,47.21,100.83,17.53,9,2,1,1894.0,140,6
1777486239,42,21.34,12.04,97.12,51.67,97.12,16.59,12,4,0,1894.0,140,6
1777486240,43,18.84,9.21,111.50,24.75,111.50,17.63,6,2,1,1894.0,140,6
1777486241,42,23.37,7.88,210.20,45.41,210.20,31.42,11,2,1,1894.7,140,6
1777486242,42,18.04,11.29,64.17,36.67,64.17,9.90,8,1,0,1895.0,140,6
1777486243,42,15.57,11.71,25.42,21.75,25.42,3.39,5,0,0,1895.0,140,6
1777486244,43,17.49,7.46,63.71,36.17,63.71,10.45,7,2,0,1895.0,140,6
1777486245,42,15.84,11.92,33.75,25.79,33.75,4.59,7,0,0,1895.4,140,6
1777486246,41,18.30,9.33,142.75,33.04,142.75,20.62,6,1,1,1896.0,140,6
1777486247,42,15.35,12.08,41.96,23.21,41.96,5.33,3,0,0,1896.0,140,6
1777486248,43,18.39,11.33,40.92,34.71,40.92,6.81,11,0,0,1896.0,140,6
1777486249,40,19.67,12.33,50.96,41.83,50.96,8.39,11,1,0,1896.1,140,6
1777486250,43,16.80,7.58,44.21,31.62,44.21,6.97,8,0,0,1897.0,140,6
1777486251,42,16.73,7.71,45.08,30.54,45.08,7.01,8,0,0,1897.0,140,6
1777486252,43,18.17,11.75,89.29,31.38,89.29,13.22,6,2,0,1897.0,140,6
1777486253,42,18.41,12.42,47.37,32.96,47.37,7.65,11,0,0,1897.0,140,6
1777486254,42,17.51,9.92,38.83,33.75,38.83,6.37,11,0,0,1897.8,140,6
1777486255,42,18.15,11.71,78.25,32.46,78.25,10.92,10,1,0,1898.0,140,6
1777486256,42,16.38,9.42,37.71,25.75,37.71,5.18,9,0,0,1898.0,140,6
1777486257,42,16.35,9.71,36.92,29.29,36.92,5.67,7,0,0,1898.0,140,6
1777486258,42,17.64,10.79,48.83,31.83,48.83,7.27,9,0,0,1898.5,140,6
1777486259,42,21.73,12.21,61.54,45.46,61.54,11.95,16,1,0,1899.0,140,6
1777486260,42,16.33,12.00,42.46,26.00,42.46,5.69,6,0,0,1899.0,140,6
1777486261,42,15.37,10.25,33.21,26.00,33.21,4.94,6,0,0,1899.0,140,6
1777486262,42,17.99,12.00,98.33,39.71,98.33,14.17,5,1,0,1899.2,140,6
1777486263,42,21.23,9.67,119.66,65.08,119.66,19.77,10,3,1,1900.0,140,6
1777486264,41,21.80,5.92,112.83,58.16,112.83,21.67,9,3,2,1900.0,140,6
1777486265,43,18.50,11.79,94.25,28.87,94.25,12.85,10,1,0,1900.0,140,6
1777486266,42,19.64,12.08,71.29,52.79,71.29,13.45,10,3,0,1900.0,140,6
1777486267,41,21.24,12.12,100.04,38.25,100.04,14.70,14,1,1,1900.9,140,6
1777486268,42,26.40,10.46,120.62,68.12,120.62,21.33,19,4,1,1901.0,140,6
1777486269,42,21.00,7.42,92.87,39.75,92.87,14.32,13,1,0,1901.0,140,6
1777486270,43,21.56,8.71,184.62,45.42,184.62,26.75,10,2,1,1901.0,140,6
1777486271,43,31.53,11.04,95.17,58.58,95.17,14.90,34,3,0,1901.6,140,6
1777486272,41,16.90,6.12,79.37,27.33,79.37,10.95,8,1,0,1902.0,140,6
1777486273,42,28.05,9.33,76.25,49.87,76.25,15.42,24,2,0,1902.0,140,6
1777486274,43,22.89,12.00,59.96,44.41,59.96,11.95,19,1,0,1902.0,140,6
1777486275,42,16.18,10.21,34.33,27.83,34.33,5.10,5,0,0,1902.3,140,6
1777486276,43,16.08,11.17,42.67,32.71,42.67,6.19,5,0,0,1903.0,140,6
1777486277,41,18.18,7.17,141.21,23.04,141.21,19.79,7,1,1,1903.0,140,6
1777486278,43,16.45,11.21,37.12,26.88,37.12,5.57,7,0,0,1903.0,140,6
1777486279,43,17.42,12.17,106.87,22.87,106.87,14.15,4,1,1,1903.0,140,6
1777486280,42,16.84,6.00,49.50,30.62,49.50,7.63,8,0,0,1904.0,140,6
1777486281,42,15.70,7.92,63.66,24.62,63.66,8.25,3,1,0,1904.0,140,6
1777486282,42,18.17,8.04,75.92,27.88,75.92,10.90,8,1,0,1904.0,140,6
1777486283,43,21.45,12.46,71.96,47.96,71.96,12.64,12,2,0,1904.0,140,6
1777486284,42,18.13,8.33,46.08,30.42,46.08,7.23,12,0,0,1904.7,140,6
1777486285,42,18.77,12.21,74.37,32.29,74.37,10.83,13,1,0,1905.0,140,6
1777486286,39,21.64,11.88,55.54,31.54,55.54,7.16,25,1,0,1905.0,140,6
1777486287,35,21.99,13.83,51.12,40.37,51.12,8.09,17,1,0,1905.0,140,6
1777486288,41,36.21,8.92,229.20,129.50,229.20,38.95,30,3,3,1905.5,140,6
1777486289,42,24.35,9.21,38.46,37.46,38.46,9.08,24,0,0,1906.0,140,6
1777486290,43,19.61,11.38,49.75,24.46,49.75,7.35,15,0,0,1906.0,140,6
1777486291,44,21.86,13.25,61.91,42.62,61.91,9.76,20,2,0,1906.0,140,6
1777486292,42,21.19,9.88,104.54,24.17,104.54,13.41,22,1,1,1906.1,140,6
1777486293,41,26.27,8.67,157.83,55.58,157.83,23.08,23,3,1,1907.0,140,6
1777486294,42,24.11,6.67,117.04,45.75,117.04,20.13,19,2,1,1907.0,140,6
1777486295,43,20.88,12.08,48.83,44.58,48.83,9.72,17,0,0,1907.0,140,6
1777486296,42,19.75,12.17,109.83,34.92,109.83,15.67,10,1,1,1907.0,140,6
1777486297,42,20.81,9.92,177.00,33.38,177.00,25.09,8,1,1,1907.8,140,6
1777486298,43,19.11,12.25,52.79,37.71,52.79,8.88,11,1,0,1908.0,140,6
1777486299,42,23.77,12.58,158.21,41.46,158.21,27.54,12,2,2,1908.0,140,6
1777486300,43,19.76,10.04,73.42,45.04,73.42,14.18,9,2,0,1908.0,140,6
1777486301,43,17.10,12.21,44.12,32.37,44.12,6.46,7,0,0,1908.6,140,6
1777486302,43,16.83,8.29,48.54,27.21,48.54,7.81,6,0,0,1909.0,140,6
1777486303,42,18.95,12.25,77.96,41.71,77.96,11.76,8,1,0,1909.0,140,6
1777486304,42,18.95,12.33,57.66,42.62,57.66,10.17,10,1,0,1909.0,140,6
1777486305,42,19.46,7.08,97.83,41.33,97.83,14.41,9,1,0,1909.3,140,6
1777486306,41,17.83,12.42,56.71,42.04,56.71,9.54,8,1,0,1910.0,140,6
1777486307,44,15.62,11.54,41.16,22.08,41.16,5.01,6,0,0,1910.0,140,6
1777486308,43,30.10,11.50,92.96,51.83,92.96,15.27,30,3,0,1910.0,140,6
1777486309,43,33.24,11.38,85.67,46.79,85.67,12.37,39,2,0,1910.0,140,6
1777486310,43,33.52,9.62,102.29,58.87,102.29,18.54,34,9,1,1911.0,140,6
1777486311,42,35.86,10.25,87.71,72.00,87.71,17.36,34,5,0,1911.0,140,6
1777486312,43,34.42,16.00,55.58,49.12,55.58,9.30,37,1,0,1911.0,140,6
1777486313,43,35.26,13.58,93.12,69.33,93.12,15.84,38,5,0,1911.0,140,6
1777486314,43,38.72,18.29,120.04,57.58,120.04,16.56,41,7,1,1911.7,140,6
1777486315,42,39.32,14.75,116.71,72.87,116.71,17.60,41,4,1,1912.0,140,6
1777486316,43,34.35,11.92,71.96,47.42,71.96,11.32,39,1,0,1912.0,140,6
1777486317,42,37.03,12.25,85.46,72.62,85.46,14.98,39,4,0,1912.0,140,6
1777486318,43,42.49,13.25,170.75,115.46,170.75,29.78,40,4,3,1912.4,140,6
1777486319,43,36.95,16.71,65.17,60.42,65.17,10.72,40,5,0,1913.0,140,6
1777486320,44,40.51,17.17,157.96,67.54,157.96,22.99,39,7,1,1913.0,140,6
1777486321,42,37.05,17.62,121.58,65.04,121.58,17.71,41,5,1,1913.0,140,6
1777486322,42,37.10,19.38,81.12,52.96,81.12,11.33,41,4,0,1913.1,140,6
1777486323,42,40.93,16.67,139.62,70.54,139.62,21.95,39,7,2,1914.0,140,6
1777486324,43,39.83,15.12,161.12,67.29,161.12,21.54,42,5,1,1914.0,140,6
1777486325,42,37.92,20.25,111.46,66.79,111.46,16.10,42,4,1,1914.0,140,6
1777486326,44,36.56,13.12,93.83,74.92,93.83,16.15,41,6,0,1914.0,140,6
1777486327,42,38.20,16.58,105.79,53.62,105.79,14.09,41,4,1,1914.8,140,6
1777486328,42,34.68,14.92,98.96,46.46,98.96,13.54,38,1,0,1915.0,140,6
1777486329,43,39.03,17.58,143.21,84.29,143.21,22.26,39,5,1,1915.0,140,6
1777486330,44,38.69,14.67,109.33,54.37,109.33,15.52,39,7,1,1915.0,140,6
1777486331,43,34.56,17.25,131.50,47.21,131.50,17.35,38,1,1,1915.5,140,6
1777486332,43,40.32,14.71,133.79,97.87,133.79,23.69,40,7,2,1916.0,140,6
1777486333,43,39.64,16.29,87.96,80.12,87.96,17.05,39,6,0,1916.0,140,6
1777486334,42,36.92,13.58,101.83,53.75,101.83,14.64,39,3,1,1916.0,140,6
1777486335,43,38.46,11.42,151.96,80.46,151.96,23.50,38,4,2,1916.2,140,6
1777486336,42,41.78,15.54,228.95,68.50,228.95,32.45,40,6,1,1917.0,140,6
1777486337,43,39.73,16.17,251.54,52.25,251.54,34.63,37,5,1,1917.0,140,6
1777486338,42,45.01,10.71,166.41,144.33,166.41,33.18,39,6,3,1917.0,140,6
1777486339,42,37.35,19.38,85.33,67.83,85.33,14.28,41,4,0,1917.0,140,6
1777486340,42,45.09,13.62,287.49,76.54,287.49,40.79,40,7,1,1917.9,140,6
1777486341,43,37.21,17.21,78.92,68.08,78.92,14.85,38,5,0,1918.0,140,6
1777486342,42,38.85,14.50,126.21,68.54,126.21,19.06,40,6,1,1918.0,140,6
1777486343,42,35.88,15.62,78.50,49.46,78.50,10.99,40,2,0,1918.0,140,6
1777486344,42,36.05,8.79,109.62,52.75,109.62,15.88,38,3,1,1918.6,140,6
1777486345,43,37.48,16.50,88.00,56.17,88.00,14.21,41,5,0,1919.0,140,6
1777486346,42,35.37,18.71,71.42,51.12,71.42,11.02,40,4,0,1919.0,140,6
1777486347,42,37.27,15.21,176.96,46.66,176.96,23.48,41,2,1,1919.0,140,6
1777486348,42,35.11,13.46,78.08,47.71,78.08,11.45,39,1,0,1919.3,140,6
1777486349,43,36.90,16.67,135.62,65.46,135.62,18.96,39,4,1,1920.0,140,6
1777486350,43,35.79,16.08,74.75,52.33,74.75,11.59,42,4,0,1920.0,140,6
1777486351,43,37.06,16.92,98.79,48.71,98.79,12.85,40,2,0,1920.0,140,6
1777486352,42,37.97,17.25,119.33,66.08,119.33,20.29,38,3,2,1920.0,140,6
1777486353,42,37.69,15.88,92.83,51.17,92.83,13.54,39,3,0,1921.0,140,6
1777486354,43,36.89,17.04,79.12,57.16,79.12,13.11,38,5,0,1921.0,140,6
1777486355,42,38.30,15.04,81.87,74.62,81.87,16.45,36,5,0,1921.0,140,6
1777486356,42,39.09,20.37,210.58,51.08,210.58,28.15,42,3,1,1921.0,140,6
1777486357,42,34.49,17.71,66.21,49.87,66.21,10.41,39,2,0,1921.7,140,6
1777486358,42,36.12,10.83,76.37,50.37,76.37,12.54,38,4,0,1922.0,140,6
1777486359,41,40.68,20.87,124.79,72.71,124.79,20.29,41,6,2,1922.0,140,6
1777486360,42,36.82,16.58,83.75,61.12,83.75,13.20,38,3,0,1922.0,140,6
1777486361,42,38.86,14.75,162.04,80.58,162.04,24.49,36,5,1,1922.4,140,6
1777486362,43,36.53,14.25,93.46,54.37,93.46,14.40,40,3,0,1923.0,140,6
1777486363,43,57.05,11.75,957.52,54.29,957.52,139.34,39,4,1,1923.0,140,6
1777486364,43,35.15,17.92,70.17,49.08,70.17,11.08,38,2,0,1923.0,140,6
1777486365,42,39.97,17.29,99.33,68.87,99.33,15.32,41,7,0,1923.1,140,6
1777486366,43,33.64,13.96,75.00,52.21,75.00,11.55,39,3,0,1924.0,140,6
1777486367,42,40.40,11.96,123.29,76.92,123.29,19.89,38,5,1,1924.0,140,6
1777486368,42,40.66,14.08,216.79,66.50,216.79,33.00,35,4,2,1924.0,140,6
1777486369,43,37.13,15.08,92.12,66.00,92.12,15.32,38,6,0,1924.0,140,6
1777486370,42,35.67,17.17,84.71,55.29,84.71,14.21,38,5,0,1924.8,140,6
1777486371,42,41.51,17.21,189.37,72.12,189.37,29.00,37,6,2,1925.0,140,6
1777486372,44,34.76,15.17,83.21,52.54,83.21,12.78,39,3,0,1925.0,140,6
1777486373,41,37.89,16.58,102.17,53.79,102.17,14.13,38,5,1,1925.0,140,6
1777486374,42,38.78,14.17,176.66,80.50,176.66,26.23,37,5,1,1925.5,140,6
1777486375,43,36.33,15.25,78.71,50.92,78.71,11.82,40,4,0,1926.0,140,6
1777486376,42,37.27,19.92,74.83,57.96,74.83,12.36,41,6,0,1926.0,140,6
1777486377,42,39.55,19.83,148.29,65.50,148.29,19.93,41,5,1,1926.0,140,6
1777486378,43,36.74,12.96,76.04,50.08,76.04,10.75,40,3,0,1926.2,140,6
1777486379,44,34.61,18.96,61.00,47.83,61.00,9.01,43,1,0,1927.0,140,6
1777486380,42,38.95,17.29,123.54,72.17,123.54,18.34,39,4,1,1927.0,140,6
1777486381,42,38.38,19.87,146.41,60.21,146.41,19.44,41,3,1,1927.0,140,6
1777486382,43,41.70,15.83,193.83,113.17,193.83,33.24,40,5,3,1927.0,140,6
1777486383,42,37.59,17.71,68.17,65.83,68.17,12.03,41,4,0,1927.9,140,6
1777486384,42,39.60,14.54,117.62,54.83,117.62,19.34,38,6,2,1928.0,140,6
1777486385,42,34.16,14.83,59.83,51.87,59.83,10.06,39,3,0,1928.0,140,6
1777486386,43,35.73,12.58,97.33,65.12,97.33,15.98,40,7,0,1928.0,140,6
1777486387,42,39.07,18.71,101.62,76.50,101.62,16.07,41,6,1,1928.6,140,6
1777486388,43,41.33,17.08,138.04,117.04,138.04,27.35,38,6,3,1929.0,140,6
1777486389,43,34.78,13.42,79.87,48.00,79.87,12.65,39,2,0,1929.0,140,6
1777486390,43,37.42,11.58,160.16,72.46,160.16,23.76,37,6,1,1929.0,140,6
1777486391,43,42.64,13.21,227.58,127.33,227.58,38.38,36,6,3,1929.3,140,6
1777486392,43,38.17,16.54,77.25,68.50,77.25,12.42,41,4,0,1930.0,140,6
1777486393,42,40.35,14.92,128.96,69.62,128.96,22.69,37,5,2,1930.0,140,6
1777486394,42,34.38,15.79,131.25,47.54,131.25,17.47,36,1,1,1930.0,140,6
1777486395,43,39.49,12.00,91.25,79.33,91.25,16.50,39,8,0,1930.1,140,6
1777486396,43,33.33,16.17,51.54,50.00,51.54,9.77,37,2,0,1931.0,140,6
1777486397,43,31.81,11.04,56.21,50.08,56.21,10.43,38,3,0,1931.0,140,6
1777486398,42,35.55,17.71,97.08,73.62,97.08,16.56,37,3,0,1931.0,140,6
1777486399,43,56.08,13.21,627.40,124.12,627.40,90.68,41,7,3,1931.0,140,6
1777486400,43,36.24,11.96,103.12,52.87,103.12,15.24,42,4,1,1931.8,140,6
1777486401,42,36.97,16.33,76.00,54.29,76.00,11.06,40,4,0,1932.0,140,6
1777486402,43,35.67,17.79,143.91,52.96,143.91,19.87,41,3,1,1932.0,140,6
1777486403,44,38.71,17.12,137.16,64.46,137.16,20.27,41,8,1,1932.0,140,6
1777486404,42,33.14,16.04,106.00,46.17,106.00,14.18,39,2,1,1932.5,140,6
1777486405,43,36.38,15.25,72.67,58.58,72.67,12.48,39,5,0,1933.0,140,6
1777486406,42,35.96,14.21,109.91,55.12,109.91,16.36,40,4,1,1933.0,140,6
1777486407,41,34.29,17.67,84.58,51.96,84.58,12.76,37,4,0,1933.0,140,6
1777486408,43,34.50,13.96,86.79,60.71,86.79,13.49,39,4,0,1933.2,140,6
1777486409,42,36.92,15.25,66.21,52.67,66.21,10.48,40,4,0,1934.0,140,6
1777486410,43,33.17,13.92,86.96,48.00,86.96,13.80,35,2,0,1934.0,140,6
1777486411,42,34.59,19.54,87.62,48.92,87.62,11.94,40,2,0,1934.0,140,6
1777486412,43,31.64,13.33,53.00,44.08,53.00,9.00,38,1,0,1934.0,140,6
1777486413,41,35.72,10.79,124.58,46.79,124.58,18.82,40,2,1,1934.9,140,6
1777486414,45,35.36,13.71,91.17,59.37,91.17,15.54,39,5,0,1935.0,140,6
1777486415,42,38.46,12.83,140.71,78.46,140.71,21.65,38,7,1,1935.0,140,6
1777486416,43,36.18,16.50,78.54,54.50,78.54,11.82,40,5,0,1935.0,140,6
1777486417,42,34.75,18.29,62.87,47.50,62.87,9.60,38,1,0,1935.6,140,6
1777486418,42,34.61,15.33,82.67,50.12,82.67,12.34,40,3,0,1936.0,140,6
1777486419,42,36.01,16.96,90.46,63.37,90.46,16.29,37,4,0,1936.0,140,6
1777486420,43,37.55,15.12,66.12,55.41,66.12,11.74,39,5,0,1936.0,140,6
1777486421,43,37.76,14.75,107.46,58.79,107.46,17.31,39,4,1,1936.3,140,6
1777486422,43,37.78,14.21,113.33,73.33,113.33,19.02,37,5,1,1937.0,140,6
1777486423,43,37.13,15.17,132.25,83.62,132.25,20.29,37,4,1,1937.0,140,6
1777486424,43,37.66,13.42,64.08,56.25,64.08,11.85,41,7,0,1937.0,140,6
1777486425,42,34.95,13.54,85.87,54.58,85.87,13.88,38,4,0,1937.0,140,6
1777486426,43,35.68,13.96,63.12,56.00,63.12,11.99,40,4,0,1938.0,140,6
1777486427,43,34.40,15.58,72.62,51.62,72.62,11.21,39,3,0,1938.0,140,6
1777486428,42,34.06,14.96,86.58,48.54,86.58,13.95,39,2,0,1938.0,140,6
1777486429,43,31.68,12.67,46.33,45.08,46.33,8.83,38,0,0,1938.0,140,6
1777486430,43,33.60,13.88,63.29,58.00,63.29,12.30,37,5,0,1938.7,140,6
1777486431,43,32.50,13.38,65.50,44.91,65.50,10.72,39,2,0,1939.0,140,6
1777486432,43,32.13,14.00,51.62,44.88,51.62,8.67,39,1,0,1939.0,140,6
1777486433,42,38.14,17.29,106.79,65.83,106.79,17.07,39,5,1,1939.0,140,6
1777486434,44,32.17,13.12,79.46,48.17,79.46,12.78,36,2,0,1939.4,140,6
1777486435,43,35.24,12.96,73.46,49.12,73.46,12.12,41,2,0,1940.0,140,6
1777486436,43,30.83,13.04,53.71,45.21,53.71,8.91,37,1,0,1940.0,140,6
1777486437,42,35.84,15.96,60.00,50.50,60.00,9.67,39,3,0,1940.0,140,6
1777486438,42,35.52,18.04,63.79,49.96,63.79,9.82,39,2,0,1940.1,140,6
1777486439,43,33.00,12.42,51.08,50.08,51.08,9.87,38,3,0,1941.0,140,6
1777486440,42,35.33,15.96,83.08,53.67,83.08,12.90,37,5,0,1941.0,140,6
1777486441,43,37.79,12.00,107.29,57.54,107.29,17.61,40,3,1,1941.0,140,6
1777486442,43,37.12,12.75,81.42,59.21,81.42,14.47,38,6,0,1941.0,140,6
1777486443,43,36.31,19.46,107.54,47.37,107.54,15.88,41,2,1,1941.8,140,6
1777486444,42,38.96,15.58,163.96,77.04,163.96,24.21,39,6,1,1942.0,140,6
1777486445,42,35.71,16.67,121.79,46.41,121.79,15.93,38,2,1,1942.0,140,6
1777486446,43,47.72,16.12,299.91,94.92,299.91,52.38,40,8,2,1942.0,140,6
1777486447,42,37.44,14.00,109.96,51.46,109.96,15.14,39,4,1,1942.5,140,6
1777486448,42,36.97,18.46,83.75,54.00,83.75,11.49,41,3,0,1943.0,140,6
1777486449,43,38.84,17.17,170.50,62.58,170.50,23.47,41,5,1,1943.0,140,6
1777486450,42,38.56,16.46,138.79,68.33,138.79,20.44,39,6,1,1943.0,140,6
1777486451,42,31.92,8.54,53.00,46.92,53.00,10.18,34,1,0,1943.2,140,6
1777486452,44,26.64,8.46,51.37,40.62,51.37,8.34,34,1,0,1944.0,140,6
1777486452,1,34.75,34.75,34.75,34.75,34.75,0.00,1,0,0,1944.0,140,6
1777486481,30,24.53,7.08,49.67,37.92,49.67,9.60,20,0,0,1950.2,140,7
1777486482,43,32.24,9.33,77.79,56.96,77.79,13.67,35,5,0,1951.0,140,7
1777486483,43,36.04,19.04,83.25,53.96,83.25,12.80,40,5,0,1951.0,140,7
1777486484,43,28.68,5.04,225.12,37.12,225.12,31.42,30,1,1,1951.0,140,7
1777486485,45,50.81,7.58,159.58,122.96,159.58,43.37,34,13,9,1951.0,140,7
1777486486,44,36.56,13.58,185.87,114.25,185.87,33.34,34,6,3,1951.9,140,7
1777486487,44,25.80,8.54,54.17,38.62,54.17,9.97,32,2,0,1952.0,140,7
1777486488,44,33.17,11.46,183.12,60.66,183.12,25.68,34,3,1,1952.0,140,7
1777486489,46,31.12,8.58,172.25,74.67,172.25,28.70,35,3,2,1952.0,140,7
1777486490,44,32.92,9.88,114.62,83.75,114.62,22.93,33,5,2,1952.6,140,7
1777486491,43,32.71,12.88,88.17,50.50,88.17,13.77,34,3,0,1953.0,140,7
1777486492,43,39.12,17.75,112.58,105.71,112.58,21.83,41,5,3,1953.0,140,7
1777486493,44,62.44,11.67,266.91,151.75,266.91,54.83,37,15,12,1953.0,140,7
1777486494,45,23.08,13.83,40.87,38.21,40.87,6.73,24,0,0,1953.3,140,7
1777486495,42,31.61,18.08,93.46,51.96,93.46,15.96,36,3,0,1954.0,140,7
1777486496,43,39.20,12.58,349.29,119.46,349.29,53.17,32,5,3,1954.0,140,7
1777486497,43,31.91,14.33,117.54,47.92,117.54,15.98,36,2,1,1954.0,140,7
1777486498,42,41.76,13.79,349.41,54.21,349.41,48.96,41,4,1,1954.0,140,7
1777486499,43,28.33,13.12,76.17,36.62,76.17,9.20,38,1,0,1955.0,140,7
1777486500,42,34.92,16.33,53.12,47.96,53.12,8.53,41,1,0,1955.0,140,7
1777486501,43,38.46,15.46,212.58,72.00,212.58,29.62,39,4,1,1955.0,140,7
1777486502,43,29.55,7.38,83.42,47.79,83.42,14.75,33,2,0,1955.0,140,7
1777486503,43,37.18,13.25,141.29,52.33,141.29,22.00,38,4,2,1955.7,140,7
1777486504,43,35.56,12.92,73.33,56.83,73.33,12.25,39,4,0,1956.0,140,7
1777486505,42,35.91,17.58,72.00,51.96,72.00,12.43,36,4,0,1956.0,140,7
1777486506,42,35.81,19.33,52.33,50.00,52.33,9.71,39,2,0,1956.0,140,7
1777486507,43,34.07,13.25,47.79,47.17,47.79,8.70,40,0,0,1956.4,140,7
1777486508,43,33.86,10.46,72.25,68.96,72.25,13.29,37,4,0,1957.0,140,7
1777486509,41,34.35,18.04,118.00,50.37,118.00,16.26,37,3,1,1957.0,140,7
1777486510,43,38.48,14.08,117.17,75.17,117.17,19.70,41,5,2,1957.0,140,7
1777486511,43,41.05,15.17,198.87,101.50,198.87,32.71,41,3,3,1957.1,140,7
1777486512,43,36.67,9.71,195.62,49.87,195.62,26.34,40,2,1,1958.0,140,7
1777486513,42,38.54,19.58,135.37,80.62,135.37,22.23,39,3,2,1958.0,140,7
1777486514,44,28.67,6.96,175.58,47.08,175.58,25.30,27,2,1,1958.0,140,7
1777486515,46,67.43,12.17,186.46,153.29,186.46,51.34,42,19,13,1958.0,140,7
1777486516,43,31.72,15.33,57.75,49.50,57.75,11.12,35,2,0,1958.8,140,7
1777486517,42,31.99,11.83,58.50,46.87,58.50,10.66,36,1,0,1959.0,140,7
1777486518,43,34.87,14.50,94.79,51.08,94.79,13.86,39,4,0,1959.0,140,7
1777486519,43,37.04,8.83,129.21,115.46,129.21,29.58,34,7,4,1959.0,140,7
1777486520,44,23.03,6.50,52.29,42.96,52.29,11.36,23,1,0,1959.5,140,7
1777486521,44,26.65,12.96,54.50,41.00,54.50,9.01,33,1,0,1960.0,140,7
1777486522,43,36.70,8.46,122.00,56.96,122.00,17.22,40,3,1,1960.0,140,7
1777486523,42,34.29,13.62,111.04,49.33,111.04,14.47,40,1,1,1960.0,140,7
1777486524,43,43.52,16.96,160.37,89.04,160.37,26.68,41,6,2,1960.2,140,7
1777486525,43,38.83,13.54,114.12,86.54,114.12,19.44,39,6,1,1961.0,140,7
1777486526,43,32.85,15.25,57.37,49.62,57.37,10.10,37,2,0,1961.0,140,7
1777486527,42,42.43,14.92,136.54,66.08,136.54,22.10,40,7,2,1961.0,140,7
1777486528,44,37.08,13.46,120.25,81.37,120.25,19.53,41,6,1,1961.0,140,7
1777486529,42,42.05,9.87,188.16,133.66,188.16,33.39,39,4,3,1961.9,140,7
1777486530,43,33.49,15.79,59.79,50.33,59.79,10.90,38,3,0,1962.0,140,7
1777486531,44,34.34,12.54,55.21,52.21,55.21,11.63,37,4,0,1962.0,140,7
1777486532,42,37.39,15.58,122.58,50.25,122.58,17.58,39,3,1,1962.0,140,7
1777486533,42,38.94,14.67,84.17,75.33,84.17,15.31,41,7,0,1962.6,140,7
1777486534,44,38.21,15.08,97.75,78.21,97.75,16.89,42,6,0,1963.0,140,7
1777486535,43,38.09,15.25,120.75,66.79,120.75,17.20,40,4,1,1963.0,140,7
1777486536,44,34.04,10.42,140.91,49.79,140.91,18.44,39,2,1,1963.0,140,7
1777486537,43,35.88,12.46,123.37,48.37,123.37,16.14,40,2,1,1963.3,140,7
1777486538,43,35.07,15.42,89.17,54.50,89.17,13.58,37,3,0,1964.0,140,7
1777486539,43,33.91,13.37,55.42,51.62,55.42,10.58,40,4,0,1964.0,140,7
1777486540,43,35.22,14.83,145.91,51.16,145.91,19.61,38,4,1,1964.0,140,7
1777486541,42,34.11,17.96,73.00,48.25,73.00,10.87,41,2,0,1964.0,140,7
1777486542,43,41.64,18.75,180.12,87.96,180.12,27.85,42,5,2,1965.0,140,7
1777486543,42,35.95,12.46,70.46,57.16,70.46,12.30,39,3,0,1965.0,140,7
1777486544,42,36.47,17.12,139.91,52.08,139.91,19.67,39,5,1,1965.0,140,7
1777486545,42,40.66,16.42,171.04,74.04,171.04,25.48,36,7,1,1965.0,140,7
1777486546,43,33.33,15.50,52.54,47.41,52.54,8.74,41,1,0,1965.7,140,7
1777486547,42,35.95,16.62,127.45,53.00,127.45,18.55,39,3,1,1966.0,140,7
1777486548,43,33.28,13.04,51.08,46.92,51.08,10.22,37,1,0,1966.0,140,7
1777486549,42,34.44,15.17,82.25,47.71,82.25,11.09,40,1,0,1966.0,140,7
1777486550,42,34.62,15.21,100.00,48.08,100.00,13.43,38,2,0,1966.4,140,7
1777486551,42,35.68,13.67,77.29,53.79,77.29,13.11,36,4,0,1967.0,140,7
1777486552,42,37.95,14.46,132.54,51.21,132.54,18.84,40,3,1,1967.0,140,7
1777486553,42,38.18,16.04,131.25,61.12,131.25,18.57,40,5,1,1967.0,140,7
1777486554,42,33.54,14.54,51.71,51.21,51.71,10.87,36,3,0,1967.1,140,7
1777486555,43,38.37,14.29,95.92,81.87,95.92,17.95,42,8,0,1968.0,140,7
1777486556,43,40.80,9.67,166.33,105.75,166.33,30.55,38,8,3,1968.0,140,7
1777486557,43,35.09,6.67,81.17,54.91,81.17,13.35,39,3,0,1968.0,140,7
1777486558,43,38.08,18.21,176.00,55.04,176.00,24.08,40,4,1,1968.0,140,7
1777486559,44,33.75,10.67,57.92,53.04,57.92,11.57,38,3,0,1968.8,140,7
1777486560,41,36.06,17.08,86.29,52.08,86.29,14.11,37,3,0,1969.0,140,7
1777486561,42,36.61,17.21,88.42,61.62,88.42,15.11,36,5,0,1969.0,140,7
1777486562,42,33.65,15.46,130.58,47.96,130.58,17.25,37,1,1,1969.0,140,7
1777486563,42,37.96,17.83,81.29,69.50,81.29,13.79,41,4,0,1969.5,140,7
1777486564,42,38.14,15.08,101.50,76.62,101.50,17.32,38,4,1,1970.0,140,7
1777486565,43,39.23,9.46,84.46,76.50,84.46,16.03,40,7,0,1970.0,140,7
1777486566,42,36.27,16.50,74.50,50.12,74.50,11.95,38,3,0,1970.0,140,7
1777486567,43,41.59,17.54,171.54,62.58,171.54,27.11,42,4,2,1970.3,140,7
1777486568,44,35.87,17.79,69.08,54.41,69.08,11.75,42,6,0,1971.0,140,7
1777486569,42,40.84,14.88,314.79,55.25,314.79,45.90,38,3,2,1971.0,140,7
1777486570,44,34.60,15.12,148.83,61.25,148.83,21.22,35,3,1,1971.0,140,7
1777486571,42,35.80,10.75,75.58,53.25,75.58,11.92,39,5,0,1971.0,140,7
1777486572,43,36.39,13.71,107.71,57.46,107.71,16.71,39,5,1,1972.0,140,7
1777486573,42,35.14,15.58,86.54,53.87,86.54,12.79,38,4,0,1972.0,140,7
1777486574,43,33.42,10.00,75.42,49.92,75.42,12.30,38,2,0,1972.0,140,7
1777486575,42,36.38,14.96,78.12,66.62,78.12,14.18,39,4,0,1972.0,140,7
1777486576,42,36.65,15.50,173.66,80.37,173.66,26.14,37,3,1,1972.7,140,7
1777486577,42,34.73,10.96,66.42,62.83,66.42,12.06,40,4,0,1973.0,140,7
1777486578,42,39.05,15.17,160.96,79.25,160.96,23.80,38,5,1,1973.0,140,7
1777486579,43,35.23,15.92,71.46,55.91,71.46,11.85,40,5,0,1973.0,140,7
1777486580,42,33.29,9.33,58.37,49.83,58.37,10.37,37,2,0,1973.4,140,7
1777486581,43,37.05,16.88,136.04,51.96,136.04,18.35,41,4,1,1974.0,140,7
1777486582,42,33.62,9.54,89.67,47.29,89.67,12.35,40,2,0,1974.0,140,7
1777486583,43,35.40,12.42,69.67,51.33,69.67,11.35,41,3,0,1974.0,140,7
1777486584,42,37.63,16.04,107.37,63.92,107.37,15.82,39,4,1,1974.1,140,7
1777486585,42,36.30,17.83,68.12,52.50,68.12,11.28,41,6,0,1975.0,140,7
1777486586,42,35.02,21.08,64.71,51.83,64.71,9.94,42,4,0,1975.0,140,7
1777486587,43,34.89,14.92,77.33,53.00,77.33,12.52,38,3,0,1975.0,140,7
1777486588,43,31.95,15.08,46.46,45.87,46.46,8.55,37,0,0,1975.0,140,7
1777486589,43,34.34,14.12,71.75,50.62,71.75,12.08,39,3,0,1975.8,140,7
1777486590,43,34.90,16.08,79.67,60.25,79.67,13.21,39,7,0,1976.0,140,7
1777486591,42,34.56,11.04,112.42,56.04,112.42,19.30,38,5,2,1976.0,140,7
1777486592,43,37.50,14.62,198.91,49.08,198.91,26.15,40,2,1,1976.0,140,7
1777486593,42,35.80,16.08,75.54,52.58,75.54,12.50,38,4,0,1976.5,140,7
1777486594,43,38.54,13.83,151.08,71.67,151.08,21.97,38,4,1,1977.0,140,7
1777486595,43,38.97,17.79,120.58,70.92,120.58,17.35,41,4,1,1977.0,140,7
1777486596,42,38.48,17.71,100.54,56.08,100.54,14.09,40,5,1,1977.0,140,7
1777486597,43,47.20,14.50,438.62,81.17,438.62,61.94,41,7,1,1977.2,140,7
1777486598,43,32.67,14.25,52.96,46.71,52.96,9.94,37,2,0,1978.0,140,7
1777486599,42,35.87,14.29,79.96,61.46,79.96,13.64,39,5,0,1978.0,140,7
1777486600,42,34.63,15.21,100.87,61.17,100.87,15.98,39,3,1,1978.0,140,7
1777486601,42,39.25,18.25,79.67,71.29,79.67,14.75,40,8,0,1978.0,140,7
1777486602,42,39.31,18.92,146.25,73.25,146.25,23.70,40,4,2,1978.9,140,7
1777486603,43,43.75,14.50,141.66,88.62,141.66,24.85,41,7,2,1979.0,140,7
1777486604,42,34.66,10.92,114.12,49.91,114.12,15.54,39,2,1,1979.0,140,7
1777486605,42,37.11,18.21,71.96,52.41,71.96,10.80,41,5,0,1979.0,140,7
1777486606,43,38.52,16.33,201.54,51.50,201.54,27.64,40,3,1,1979.6,140,7
1777486607,42,38.50,17.96,132.71,76.92,132.71,19.80,40,5,1,1980.0,140,7
1777486608,42,34.72,16.17,87.37,48.29,87.37,12.81,39,2,0,1980.0,140,7
1777486609,43,34.84,13.42,87.21,51.12,87.21,15.40,36,3,0,1980.0,140,7
1777486610,42,38.32,16.21,191.20,62.29,191.20,26.43,40,4,1,1980.3,140,7
1777486611,43,37.47,14.67,87.00,52.54,87.00,14.43,42,4,0,1981.0,140,7
1777486612,43,37.98,12.62,151.37,73.46,151.37,22.04,39,6,1,1981.0,140,7
1777486613,43,37.02,16.62,81.37,68.58,81.37,13.50,41,5,0,1981.0,140,7
1777486614,43,33.50,13.79,68.96,48.04,68.96,10.93,40,1,0,1981.0,140,7
1777486615,42,35.96,13.71,76.29,51.33,76.29,11.12,39,3,0,1982.0,140,7
1777486616,43,41.21,13.79,227.00,72.04,227.00,31.72,38,5,1,1982.0,140,7
1777486617,42,36.09,11.71,81.71,50.50,81.71,11.93,39,3,0,1982.0,140,7
1777486618,42,38.25,18.04,84.67,68.71,84.67,14.11,41,4,0,1982.0,140,7
1777486619,42,34.34,17.33,55.71,47.92,55.71,10.49,36,2,0,1982.7,140,7
1777486620,42,37.98,14.62,100.16,73.58,100.16,15.44,40,4,1,1983.0,140,7
1777486621,42,38.75,16.25,226.45,47.96,226.45,31.46,38,2,1,1983.0,140,7
1777486622,43,35.74,11.58,135.83,50.17,135.83,18.51,38,3,1,1983.0,140,7
1777486623,42,35.81,10.21,66.92,54.71,66.92,12.01,39,5,0,1983.4,140,7
1777486624,42,38.41,15.25,167.87,52.62,167.87,27.42,39,4,2,1984.0,140,7
1777486625,41,35.89,17.08,74.96,49.37,74.96,11.70,38,2,0,1984.0,140,7
1777486626,43,41.90,12.46,190.79,77.67,190.79,29.94,38,6,2,1984.0,140,7
1777486627,42,38.29,18.37,96.42,55.62,96.42,15.00,41,7,0,1984.1,140,7
1777486628,43,35.31,12.79,69.37,49.04,69.37,11.27,40,2,0,1985.0,140,7
1777486629,42,36.24,18.08,72.92,49.58,72.92,11.12,40,2,0,1985.0,140,7
1777486630,42,34.41,14.71,74.58,52.96,74.58,12.04,38,4,0,1985.0,140,7
1777486631,43,32.85,12.50,49.96,45.83,49.96,9.25,37,0,0,1985.0,140,7
1777486632,43,35.09,15.12,68.21,53.29,68.21,11.33,40,5,0,1985.8,140,7
1777486633,43,36.18,12.54,98.04,54.17,98.04,15.71,39,3,0,1986.0,140,7
1777486634,42,33.85,14.00,72.46,65.04,72.46,12.38,38,3,0,1986.0,140,7
1777486635,43,39.94,18.17,94.67,91.29,94.67,17.60,42,6,0,1986.0,140,7
1777486636,42,35.82,14.88,74.00,50.87,74.00,11.13,41,3,0,1986.5,140,7
1777486637,43,35.30,13.21,76.96,51.96,76.96,12.88,40,3,0,1987.0,140,7
1777486638,43,34.11,11.21,145.00,47.71,145.00,19.90,36,1,1,1987.0,140,7
1777486639,42,37.50,12.96,134.54,51.54,134.54,19.12,39,4,1,1987.0,140,7
1777486640,43,36.70,16.54,119.91,54.21,119.91,16.63,40,4,1,1987.3,140,7
1777486641,43,37.53,14.08,115.29,54.04,115.29,16.82,40,3,1,1988.0,140,7
1777486642,42,39.22,16.96,128.66,64.87,128.66,19.44,39,6,1,1988.0,140,7
1777486643,42,37.99,16.96,104.08,73.12,104.08,15.98,41,5,1,1988.0,140,7
1777486644,43,36.25,15.29,90.67,69.42,90.67,14.89,39,4,0,1988.0,140,7
1777486645,43,33.90,8.71,54.21,47.96,54.21,10.60,38,2,0,1989.0,140,7
1777486646,43,33.59,15.08,53.04,48.58,53.04,9.26,40,2,0,1989.0,140,7
1777486647,43,41.27,14.75,140.75,76.67,140.75,23.41,40,5,2,1989.0,140,7
1777486648,43,35.19,17.38,75.00,47.16,75.00,10.45,41,1,0,1989.0,140,7
1777486649,42,33.92,8.33,83.25,51.75,83.25,13.27,37,3,0,1989.7,140,7
1777486650,41,38.48,16.37,106.37,74.50,106.37,18.10,37,6,1,1990.0,140,7
1777486651,43,40.61,13.75,91.33,80.54,91.33,18.15,41,7,0,1990.0,140,7
1777486652,43,34.81,10.46,77.08,57.46,77.08,14.34,36,6,0,1990.0,140,7
1777486653,43,35.73,20.21,84.00,56.54,84.00,13.17,43,3,0,1990.4,140,7
1777486654,43,34.86,18.96,63.75,49.79,63.75,9.86,42,2,0,1991.0,140,7
1777486655,42,37.66,14.67,89.29,57.50,89.29,14.42,40,9,0,1991.0,140,7
1777486656,41,43.07,20.12,363.28,51.92,363.28,51.27,41,3,1,1991.0,140,7
1777486657,43,39.37,17.58,174.29,49.58,174.29,22.99,42,2,1,1991.1,140,7
1777486658,42,39.58,16.79,147.58,55.46,147.58,20.57,40,6,1,1992.0,140,7
1777486659,43,40.27,13.42,161.21,55.04,161.21,26.06,40,5,2,1992.0,140,7
1777486660,43,33.07,14.33,55.00,47.83,55.00,8.88,40,2,0,1992.0,140,7
1777486661,43,38.40,18.75,87.00,62.46,87.00,13.15,40,3,0,1992.0,140,7
1777486662,41,37.69,19.12,109.67,66.83,109.67,17.03,40,5,1,1992.8,140,7
1777486663,43,36.25,14.92,77.92,58.17,77.92,13.76,38,5,0,1993.0,140,7
1777486664,43,38.86,15.33,109.58,74.04,109.58,19.15,37,6,1,1993.0,140,7
1777486665,42,36.09,16.29,81.12,73.71,81.12,14.43,38,3,0,1993.0,140,7
1777486666,42,34.99,15.12,118.37,48.92,118.37,15.63,40,1,1,1993.5,140,7
1777486667,43,35.50,14.75,82.42,49.54,82.42,13.83,38,2,0,1994.0,140,7
1777486668,42,34.45,16.12,63.96,50.25,63.96,10.85,38,3,0,1994.0,140,7
1777486669,43,31.72,13.83,52.08,48.29,52.08,10.28,37,1,0,1994.0,140,7
1777486670,43,35.58,14.12,72.67,65.58,72.67,13.87,38,4,0,1994.2,140,7
1777486671,44,35.03,13.83,58.21,49.50,58.21,9.80,42,2,0,1995.0,140,7
1777486672,42,34.25,18.08,60.41,50.12,60.41,10.02,40,3,0,1995.0,140,7
1777486673,42,41.49,16.83,191.50,71.50,191.50,27.91,39,5,1,1995.0,140,7
1777486674,43,35.65,18.33,94.75,61.29,94.75,14.12,41,4,0,1995.0,140,7
1777486675,42,37.26,16.17,78.54,66.71,78.54,14.19,39,6,0,1995.9,140,7
1777486676,43,40.64,16.08,185.12,66.46,185.12,25.35,39,5,1,1996.0,140,7
1777486677,43,33.85,15.96,46.91,45.67,46.91,8.43,39,0,0,1996.0,140,7
1777486678,43,39.58,16.79,126.54,76.79,126.54,20.68,41,7,1,1996.0,140,7
1777486679,42,36.69,15.29,52.46,49.46,52.46,10.02,38,2,0,1996.6,140,7
1777486680,43,37.38,11.58,86.08,78.17,86.08,16.05,39,4,0,1997.0,140,7
1777486681,43,39.17,12.17,141.75,65.96,141.75,20.06,42,7,1,1997.0,140,7
1777486682,44,35.13,14.12,104.12,55.58,104.12,14.82,40,4,1,1997.0,140,7
1777486683,41,39.87,14.25,115.75,51.17,115.75,17.74,40,4,1,1997.3,140,7
1777486684,42,35.77,13.33,71.17,56.12,71.17,11.24,40,4,0,1998.0,140,7
1777486685,42,38.13,14.92,75.79,54.92,75.79,13.64,38,9,0,1998.0,140,7
1777486686,43,36.11,14.00,86.37,58.58,86.37,14.34,40,3,0,1998.0,140,7
1777486687,44,34.80,15.29,82.83,51.50,82.83,12.00,39,4,0,1998.0,140,7
1777486688,42,35.78,15.04,99.08,48.67,99.08,14.73,40,2,0,1999.0,140,7
1777486689,43,41.08,15.04,251.00,80.46,251.00,35.91,37,5,1,1999.0,140,7
1777486690,42,35.04,14.42,79.46,51.17,79.46,12.49,36,3,0,1999.0,140,7
1777486691,43,34.43,10.62,49.58,49.08,49.58,8.72,41,0,0,1999.0,140,7
1777486692,42,37.69,15.46,74.96,65.54,74.96,13.36,40,5,0,1999.7,140,7
1777486693,42,35.88,12.83,88.42,53.96,88.42,14.85,39,4,0,2000.0,140,7
1777486694,42,34.71,16.96,133.62,71.92,133.62,19.85,36,3,1,2000.0,140,7
1777486695,42,40.92,15.33,123.79,80.92,123.79,19.27,41,6,1,2000.0,140,7
1777486696,42,34.64,17.46,57.91,52.62,57.91,9.80,40,4,0,2000.4,140,7
1777486697,43,36.13,15.00,122.96,73.87,122.96,18.75,39,3,1,2001.0,140,7
1777486698,42,32.74,8.88,69.04,47.75,69.04,10.56,38,2,0,2001.0,140,7
1777486699,43,34.20,9.46,60.66,50.42,60.66,10.73,40,3,0,2001.0,140,7
1777486700,41,35.94,18.42,103.46,53.08,103.46,16.42,39,4,1,2001.1,140,7
1777486701,44,34.44,11.67,67.50,50.54,67.50,10.99,41,3,0,2002.0,140,7
1777486702,42,36.31,12.92,92.83,65.42,92.83,15.82,40,5,0,2002.0,140,7
1777486703,43,35.78,13.42,73.21,53.04,73.21,13.35,38,4,0,2002.0,140,7
1777486704,41,34.40,16.62,50.46,49.58,50.46,9.45,38,2,0,2002.0,140,7
1777486705,42,39.10,23.42,83.25,62.96,83.25,12.76,42,5,0,2002.8,140,7
1777486706,44,43.57,20.00,162.62,114.42,162.62,28.97,43,7,3,2003.0,140,7
1777486707,42,34.08,14.33,54.66,48.25,54.66,9.56,37,1,0,2003.0,140,7
1777486708,44,37.09,12.92,117.87,57.62,117.87,17.62,40,6,1,2003.0,140,7
1777486709,42,39.18,12.79,102.25,94.16,102.25,20.56,38,7,1,2003.5,140,7
1777486710,42,36.74,20.00,75.04,50.37,75.04,10.64,41,3,0,2004.0,140,7
1777486711,43,39.97,16.87,155.58,82.54,155.58,23.63,40,6,1,2004.0,140,7
1777486712,43,35.37,13.00,78.00,62.25,78.00,13.99,38,5,0,2004.0,140,7
1777486713,43,38.43,18.25,127.37,55.58,127.37,17.15,41,5,1,2004.2,140,7
1777486714,43,35.34,14.87,76.04,49.46,76.04,11.65,39,2,0,2005.0,140,7
1777486715,42,40.95,10.12,151.83,86.71,151.83,26.35,40,5,2,2005.0,140,7
1777486716,42,34.48,15.75,65.17,51.12,65.17,10.35,40,3,0,2005.0,140,7
1777486717,42,36.48,16.25,76.75,50.62,76.75,12.06,40,3,0,2005.0,140,7
1777486718,42,38.25,17.33,98.12,50.79,98.12,14.10,39,4,0,2006.0,140,7
1777486719,42,54.78,15.58,689.11,78.62,689.11,100.30,41,8,2,2006.0,140,7
1777486720,43,31.66,14.12,77.08,46.29,77.08,11.11,39,2,0,2006.0,140,7
1777486721,43,34.40,10.42,69.17,51.21,69.17,11.59,37,3,0,2006.0,140,7
1777486722,43,33.38,14.17,55.37,50.87,55.37,9.44,40,3,0,2006.7,140,7
1777486723,41,36.02,23.92,64.08,49.29,64.08,9.24,41,2,0,2007.0,140,7
1777486724,43,36.46,14.12,134.41,53.87,134.41,18.91,38,8,1,2007.0,140,7
1777486725,43,36.79,19.12,89.71,52.08,89.71,13.12,41,3,0,2007.0,140,7
1777486726,41,33.38,16.17,69.96,46.25,69.96,9.97,39,1,0,2007.3,140,7
1777486727,42,36.53,20.38,104.83,49.25,104.83,16.22,42,2,1,2008.0,140,7
1777486728,43,36.85,13.42,146.04,78.62,146.04,21.51,39,3,1,2008.0,140,7
1777486729,43,36.41,19.62,89.42,49.17,89.42,11.88,42,2,0,2008.0,140,7
1777486730,44,34.04,13.87,78.00,50.12,78.00,11.05,41,3,0,2008.1,140,7
1777486731,44,34.11,12.88,90.25,47.91,90.25,12.97,38,2,0,2009.0,140,7
1777486732,42,35.57,13.29,81.17,57.41,81.17,13.81,36,4,0,2009.0,140,7
1777486733,43,34.30,16.29,58.12,48.12,58.12,9.36,40,2,0,2009.0,140,7
1777486734,42,33.66,15.83,75.79,48.71,75.79,11.39,39,1,0,2009.0,140,7
1777486735,43,37.04,14.17,136.46,53.79,136.46,19.08,39,4,1,2009.7,140,7
1777486736,43,41.80,19.38,145.83,109.41,145.83,25.87,40,5,3,2010.0,140,7
1777486737,43,32.58,15.92,67.71,46.46,67.71,10.27,37,1,0,2010.0,140,7
1777486738,42,37.53,13.46,122.29,60.46,122.29,19.59,38,5,1,2010.0,140,7
1777486739,43,34.10,15.83,63.00,48.91,63.00,10.19,39,1,0,2010.5,140,7
1777486740,43,34.50,15.37,53.37,49.17,53.37,9.19,39,2,0,2011.0,140,7
1777486741,43,33.72,12.67,127.16,51.87,127.16,17.68,37,3,1,2011.0,140,7
1777486742,42,48.70,13.12,297.99,147.91,297.99,52.73,39,7,3,2011.0,140,7
1777486743,43,41.70,13.33,138.62,80.25,138.62,24.12,41,6,2,2011.2,140,7
1777486744,43,34.93,17.71,78.42,51.58,78.42,11.50,41,3,0,2012.0,140,7
1777486745,42,32.92,13.75,55.08,47.62,55.08,10.33,37,2,0,2012.0,140,7
1777486746,42,42.04,19.21,173.83,77.54,173.83,28.75,40,6,2,2012.0,140,7
1777486747,42,33.66,13.00,79.04,47.87,79.04,11.46,40,2,0,2012.0,140,7
1777486748,43,35.54,10.08,63.62,55.37,63.62,10.71,41,4,0,2012.9,140,7
1777486749,42,35.28,9.92,85.75,48.62,85.75,13.77,38,2,0,2013.0,140,7
1777486750,43,33.77,12.12,60.71,52.62,60.71,11.16,39,3,0,2013.0,140,7
1777486751,42,34.43,12.29,69.87,56.04,69.87,13.41,37,5,0,2013.0,140,7
1777486752,43,32.16,12.88,52.04,49.67,52.04,9.91,37,1,0,2013.6,140,7
1777486753,42,37.58,14.83,171.87,62.16,171.87,23.80,38,4,1,2014.0,140,7
1777486754,42,32.17,11.04,57.00,50.54,57.00,11.23,34,4,0,2014.0,140,7
1777486755,43,36.93,14.75,91.58,55.91,91.58,14.12,41,4,0,2014.0,140,7
1777486756,43,34.00,13.83,66.71,54.29,66.71,12.01,40,5,0,2014.3,140,7
1777486757,42,37.47,13.62,76.54,55.29,76.54,13.26,40,5,0,2015.0,140,7
1777486758,44,37.68,19.79,135.21,66.62,135.21,20.02,42,5,1,2015.0,140,7
1777486759,42,36.10,16.00,113.50,49.21,113.50,15.11,39,2,1,2015.0,140,7
1777486760,43,37.77,18.33,128.50,74.71,128.50,18.87,41,3,1,2015.0,140,7
1777486761,43,35.63,12.46,85.12,56.37,85.12,14.24,41,6,0,2016.0,140,7
1777486762,43,33.76,11.67,53.42,52.46,53.42,10.88,38,3,0,2016.0,140,7
1777486763,42,37.32,11.92,67.50,51.79,67.50,11.56,40,5,0,2016.0,140,7
1777486764,42,38.00,16.21,135.79,49.50,135.79,17.47,41,2,1,2016.0,140,7
1777486765,43,36.48,15.25,121.12,56.08,121.12,17.83,38,4,1,2016.7,140,7
1777486766,43,38.69,14.04,110.62,95.58,110.62,21.83,39,6,2,2017.0,140,7
1777486767,42,34.64,13.83,55.54,47.54,55.54,9.98,38,1,0,2017.0,140,7
1777486768,43,37.34,12.25,103.67,76.71,103.67,17.93,38,6,1,2017.0,140,7
1777486769,43,33.07,12.83,56.46,51.37,56.46,9.90,39,4,0,2017.4,140,7
1777486770,42,36.00,12.96,81.42,59.75,81.42,14.51,37,6,0,2018.0,140,7
1777486771,43,44.77,17.46,176.66,132.87,176.66,32.76,39,8,4,2018.0,140,7
1777486772,42,33.85,11.92,118.91,51.58,118.91,16.60,36,3,1,2018.0,140,7
1777486773,43,34.02,13.33,65.62,63.16,65.62,12.35,39,4,0,2018.1,140,7
1777486774,43,37.02,16.50,83.92,61.67,83.92,13.48,41,7,0,2019.0,140,7
1777486775,42,37.25,11.96,83.21,70.54,83.21,16.56,38,8,0,2019.0,140,7
1777486776,43,39.17,20.37,84.92,61.50,84.92,13.98,43,6,0,2019.0,140,7
1777486777,43,33.19,15.79,84.75,47.75,84.75,12.78,36,1,0,2019.0,140,7
1777486778,43,34.41,13.54,74.62,69.62,74.62,13.89,38,4,0,2019.8,140,7
1777486779,42,35.98,14.25,75.29,48.04,75.29,11.43,39,2,0,2020.0,140,7
1777486780,44,34.10,14.42,81.29,56.54,81.29,12.77,38,3,0,2020.0,140,7
1777486781,43,34.27,14.29,70.04,63.29,70.04,13.01,38,3,0,2020.0,140,7
1777486782,43,36.93,16.96,162.58,51.96,162.58,21.82,38,6,1,2020.5,140,7
1777486783,42,36.19,12.54,116.21,72.42,116.21,19.27,38,6,1,2021.0,140,7
1777486784,42,32.12,12.67,126.66,43.54,126.66,16.43,39,1,1,2021.0,140,7
1777486785,43,34.71,16.21,64.12,51.33,64.12,10.81,40,3,0,2021.0,140,7
1777486786,43,36.16,20.08,90.75,62.37,90.75,13.71,43,3,0,2021.2,140,7
1777486787,43,35.27,15.92,75.21,57.83,75.21,12.30,38,5,0,2022.0,140,7
1777486788,42,32.57,13.12,53.42,47.79,53.42,9.44,38,2,0,2022.0,140,7
1777486789,43,34.20,15.21,103.75,49.37,103.75,16.03,41,2,1,2022.0,140,7
1777486790,42,32.36,11.62,50.87,44.08,50.87,8.28,39,1,0,2022.0,140,7
1777486791,42,37.04,16.00,146.21,48.83,146.21,21.09,36,2,1,2022.9,140,7
1777486792,42,33.43,13.08,79.75,48.37,79.75,10.97,40,1,0,2023.0,140,7
1777486793,43,29.76,14.79,46.50,41.96,46.50,7.86,38,0,0,2023.0,140,7
1777486794,43,35.65,12.04,99.08,56.66,99.08,14.13,41,3,0,2023.0,140,7
1777486795,42,32.14,13.54,61.12,46.62,61.12,10.31,38,2,0,2023.6,140,7
1777486796,42,34.57,17.00,66.87,51.83,66.87,11.23,40,3,0,2024.0,140,7
1777486797,43,29.23,9.12,45.96,43.12,45.96,8.60,36,0,0,2024.0,140,7
1777486798,43,33.78,14.71,70.62,47.17,70.62,10.35,40,2,0,2024.0,140,7
1777486799,42,34.49,12.33,79.92,47.54,79.92,12.32,38,2,0,2024.3,140,7
1777486800,43,38.10,13.21,75.12,69.87,75.12,15.03,40,9,0,2025.0,140,7
1777486801,43,38.09,12.21,133.46,58.21,133.46,19.35,39,6,1,2025.0,140,7
1777486802,42,32.14,14.92,61.37,55.33,61.37,11.10,37,4,0,2025.0,140,7
1777486803,43,36.03,10.79,136.41,67.12,136.41,19.56,38,4,1,2025.0,140,7
1777486804,43,37.30,12.04,157.25,65.54,157.25,24.38,39,5,2,2026.0,140,7
1777486805,43,33.80,9.21,72.96,52.75,72.96,12.01,40,4,0,2026.0,140,7
1777486806,44,31.84,13.46,94.08,48.08,94.08,13.88,37,2,0,2026.0,140,7
1777486807,43,34.82,17.04,76.12,52.96,76.12,12.29,40,4,0,2026.0,140,7
1777486808,43,27.35,8.17,90.87,43.08,90.87,13.89,33,2,0,2026.7,140,7
1777486809,43,34.44,15.33,120.16,55.21,120.16,16.57,37,3,1,2027.0,140,7
1777486810,44,31.61,13.12,104.96,52.00,104.96,15.03,37,3,1,2027.0,140,7
1777486811,42,33.56,11.83,73.58,51.87,73.58,12.95,36,4,0,2027.0,140,7
1777486812,44,31.08,14.00,85.54,43.62,85.54,13.30,39,2,0,2027.5,140,7
1777486813,43,38.27,14.62,267.33,52.87,267.33,37.97,38,3,1,2028.0,140,7
1777486814,43,33.76,12.25,75.96,47.92,75.96,11.86,37,2,0,2028.0,140,7
1777486815,43,38.19,13.46,208.45,59.62,208.45,28.71,37,4,1,2028.0,140,7
1777486816,43,35.45,13.37,72.79,48.33,72.79,10.87,41,2,0,2028.2,140,7
1777486817,43,35.02,14.88,80.33,54.79,80.33,13.15,37,3,0,2029.0,140,7
1777486818,43,34.63,9.17,62.21,53.42,62.21,11.06,39,5,0,2029.0,140,7
1777486819,42,34.43,17.75,104.71,48.54,104.71,13.88,40,1,1,2029.0,140,7
1777486820,42,35.62,16.58,74.79,55.71,74.79,12.83,38,5,0,2029.0,140,7
1777486821,38,36.73,16.04,69.29,60.12,69.29,11.64,34,5,0,2029.9,140,7
1777486822,38,38.67,18.04,104.00,87.12,104.00,17.35,37,5,1,2030.0,140,7
1777486823,37,37.40,15.54,86.62,70.87,86.62,15.81,34,6,0,2030.0,140,7
1777486824,40,35.00,16.50,85.92,82.67,85.92,14.85,35,4,0,2030.0,140,7
1777486825,39,35.90,12.58,54.12,53.00,54.12,10.39,35,2,0,2030.6,140,7
1777486826,38,39.01,15.67,83.62,81.25,83.62,16.04,34,6,0,2031.0,140,7
1777486827,38,38.46,18.83,72.37,63.87,72.37,11.52,36,4,0,2031.0,140,7
1777486828,37,38.06,19.33,61.33,60.91,61.33,11.00,36,5,0,2031.0,140,7
1777486829,38,41.50,17.62,120.92,118.29,120.92,22.53,34,6,2,2031.3,140,7
1777486830,38,40.24,21.92,88.00,82.00,88.00,16.29,38,6,0,2032.0,140,7
1777486831,37,76.42,11.04,1092.02,278.79,1092.02,179.16,30,7,4,2032.0,140,7
1777486832,40,37.08,5.92,242.87,105.46,242.87,39.22,34,6,3,2032.0,140,7
1777486833,37,30.49,13.17,54.41,53.79,54.41,10.90,33,2,0,2032.0,140,7
1777486834,38,18.30,10.29,72.58,43.96,72.58,11.33,5,1,0,2033.0,140,7
1777486835,37,23.54,8.54,84.92,78.67,84.92,18.35,11,4,0,2033.0,140,7
1777486836,36,16.91,11.75,42.25,32.67,42.25,6.37,5,0,0,2033.0,140,7
1777486837,37,22.34,12.54,103.41,64.08,103.41,16.98,14,2,1,2033.0,140,7
1777486838,36,27.63,14.04,128.37,83.96,128.37,21.63,21,3,1,2033.7,140,7
1777486839,37,28.59,14.00,96.87,94.58,96.87,20.35,25,4,0,2034.0,140,7
1777486840,37,19.57,11.92,82.87,38.46,82.87,12.14,8,1,0,2034.0,140,7
1777486841,37,22.16,12.17,98.29,34.08,98.29,13.76,19,1,0,2034.0,140,7
1777486842,38,25.98,10.71,102.08,63.87,102.08,16.21,24,3,1,2034.4,140,7
1777486843,38,22.90,12.33,93.58,78.71,93.58,16.22,15,2,0,2035.0,140,7
1777486844,39,19.96,11.29,108.25,63.91,108.25,17.26,6,2,1,2035.0,140,7
1777486845,41,20.94,8.00,34.75,32.58,34.75,6.77,23,0,0,2035.0,140,7
1777486846,43,32.18,9.50,144.71,91.79,144.71,27.72,27,6,2,2035.1,140,7
1777486847,44,29.46,12.17,101.25,49.91,101.25,15.53,37,2,1,2036.0,140,7
1777486848,42,28.51,11.21,59.46,48.62,59.46,11.63,34,2,0,2036.0,140,7
1777486849,44,25.22,8.87,40.96,36.00,40.96,6.70,37,0,0,2036.0,140,7
1777486850,42,37.58,8.17,323.12,69.83,323.12,49.29,33,6,2,2036.0,140,7
1777486851,43,34.62,13.46,142.66,68.71,142.66,21.50,38,4,1,2036.8,140,7
1777486852,44,32.86,10.04,82.12,43.66,82.12,10.37,43,1,0,2037.0,140,7
1777486853,43,34.79,7.79,150.33,60.08,150.33,23.13,34,4,1,2037.0,140,7
1777486854,43,43.04,18.67,136.50,65.46,136.50,21.19,41,8,2,2037.0,140,7
1777486855,42,36.02,14.46,63.46,54.16,63.46,11.54,38,4,0,2037.5,140,7
1777486856,44,35.15,19.42,53.83,51.41,53.83,8.48,43,5,0,2038.0,140,7
1777486857,42,34.36,13.96,79.71,55.96,79.71,13.80,39,5,0,2038.0,140,7
1777486858,44,38.67,16.58,104.29,88.75,104.29,19.65,39,5,2,2038.0,140,7
1777486859,44,32.57,16.29,104.17,46.58,104.17,13.91,38,2,1,2038.2,140,7
1777486860,42,40.60,16.67,133.37,71.92,133.37,22.81,39,6,2,2039.0,140,7
1777486861,42,33.86,17.42,81.33,54.92,81.33,13.13,39,3,0,2039.0,140,7
1777486862,44,30.15,9.25,134.33,47.33,134.33,18.41,36,1,1,2039.0,140,7
1777486863,42,32.44,10.21,70.17,56.58,70.17,13.62,34,5,0,2039.0,140,7
1777486864,43,36.22,14.42,127.46,59.75,127.46,17.58,39,3,1,2039.9,140,7
1777486865,42,32.76,11.21,53.92,46.08,53.92,9.85,38,1,0,2040.0,140,7
1777486866,43,34.49,21.25,51.21,48.42,51.21,8.62,43,2,0,2040.0,140,7
1777486867,42,38.26,13.25,141.71,77.00,141.71,21.86,38,7,1,2040.0,140,7
1777486868,43,29.25,10.46,45.21,44.04,45.21,7.68,39,0,0,2040.6,140,7
1777486869,42,36.86,14.83,119.50,57.12,119.50,19.60,36,7,1,2041.0,140,7
1777486870,43,40.02,17.88,152.87,58.96,152.87,24.67,39,3,2,2041.0,140,7
1777486871,43,37.25,15.75,84.79,69.04,84.79,15.17,39,6,0,2041.0,140,7
1777486872,42,35.63,15.96,97.00,50.58,97.00,13.10,39,4,0,2041.3,140,7
1777486873,42,40.97,17.38,179.79,79.50,179.79,28.02,40,6,2,2042.0,140,7
1777486874,43,38.32,13.83,131.46,98.37,131.46,21.81,40,4,2,2042.0,140,7
1777486875,42,31.61,17.50,52.46,45.75,52.46,7.97,38,1,0,2042.0,140,7
1777486876,43,34.15,11.12,75.50,48.54,75.50,10.44,40,1,0,2042.0,140,7
1777486877,44,33.59,8.21,95.62,55.25,95.62,14.98,38,3,0,2043.0,140,7
1777486878,43,39.35,4.58,70.42,60.75,70.42,12.56,41,8,0,2043.0,140,7
1777486879,41,35.51,17.25,57.75,53.79,57.75,11.99,35,7,0,2043.0,140,7
1777486880,42,34.99,17.29,101.79,49.83,101.79,13.78,40,2,1,2043.0,140,7
1777486881,43,34.20,17.71,154.83,45.96,154.83,20.16,40,1,1,2043.7,140,7
1777486882,43,33.98,17.21,93.67,50.33,93.67,12.96,40,3,0,2044.0,140,7
1777486883,43,39.57,19.54,181.83,67.42,181.83,24.67,42,4,1,2044.0,140,7
1777486884,42,34.53,18.62,69.04,49.58,69.04,10.30,39,1,0,2044.0,140,7
1777486885,43,35.40,16.83,81.29,49.29,81.29,12.13,41,2,0,2044.4,140,7
1777486886,43,42.73,20.25,210.37,79.08,210.37,33.12,43,6,2,2045.0,140,7
1777486887,42,34.96,16.12,73.58,54.71,73.58,12.89,37,4,0,2045.0,140,7
1777486888,42,34.91,17.46,75.08,57.46,75.08,13.00,41,3,0,2045.0,140,7
1777486889,44,33.51,18.00,60.42,45.58,60.42,8.79,43,1,0,2045.1,140,7
1777486890,42,33.15,9.50,56.29,47.04,56.29,10.01,38,2,0,2046.0,140,7
1777486891,43,33.38,18.25,74.00,47.08,74.00,10.74,39,1,0,2046.0,140,7
1777486892,43,32.66,12.42,59.79,47.33,59.79,10.16,39,1,0,2046.0,140,7
1777486893,43,34.63,15.71,50.71,49.71,50.71,8.97,41,2,0,2046.0,140,7
1777486894,42,38.02,20.79,110.58,51.83,110.58,14.38,42,4,1,2046.9,140,7
1777486895,42,37.38,11.46,80.33,54.46,80.33,13.12,40,5,0,2047.0,140,7
1777486896,41,36.82,20.29,70.54,50.12,70.54,9.59,41,3,0,2047.0,140,7
1777486897,43,34.94,18.96,82.08,53.46,82.08,12.64,39,4,0,2047.0,140,7
1777486898,44,33.37,8.58,94.50,46.17,94.50,13.63,37,2,0,2047.6,140,7
1777486899,44,34.97,16.08,68.96,52.42,68.96,10.19,43,4,0,2048.0,140,7
1777486900,42,37.28,16.75,81.54,51.87,81.54,11.99,41,4,0,2048.0,140,7
1777486901,44,35.58,12.58,123.21,50.41,123.21,18.79,42,3,1,2048.0,140,7
1777486902,43,37.79,9.96,167.41,56.04,167.41,23.63,39,5,1,2048.3,140,7
1777486903,42,34.54,16.42,62.62,47.79,62.62,10.46,39,2,0,2049.0,140,7
1777486904,43,39.90,15.21,131.62,99.67,131.62,24.63,40,7,2,2049.0,140,7
1777486905,43,38.04,15.96,99.17,57.00,99.17,16.72,41,5,0,2049.0,140,7
1777486906,42,33.78,16.17,56.96,49.71,56.96,10.22,38,2,0,2049.0,140,7
1777486907,43,34.62,13.71,104.29,50.25,104.29,16.18,38,3,1,2050.0,140,7
1777486908,43,39.46,16.58,189.46,47.87,189.46,26.64,41,2,1,2050.0,140,7
1777486909,43,27.73,10.08,52.00,50.00,52.00,9.87,33,2,0,2050.0,140,7
1777486910,42,28.16,13.08,45.25,44.12,45.25,9.22,34,0,0,2050.0,140,7
1777486911,44,29.95,9.46,152.66,58.96,152.66,21.98,29,4,1,2050.7,140,7
1777486912,42,33.71,13.42,110.46,48.75,110.46,16.26,37,2,1,2051.0,140,7
1777486913,42,28.89,13.25,105.29,56.50,105.29,16.64,27,5,1,2051.0,140,7
1777486914,42,28.51,12.62,106.79,54.37,106.79,16.74,30,3,1,2051.0,140,7
1777486915,42,29.61,13.58,71.08,59.79,71.08,13.54,32,4,0,2051.4,140,7
1777486916,43,31.01,13.71,197.83,51.46,197.83,28.04,30,3,1,2052.0,140,7
1777486917,42,30.83,9.54,63.25,53.33,63.25,14.49,29,6,0,2052.0,140,7
1777486918,43,28.09,13.92,63.50,53.25,63.50,13.58,26,5,0,2052.0,140,7
1777486919,42,32.87,13.46,196.04,50.83,196.04,27.51,35,3,1,2052.1,140,7
1777486920,44,28.43,9.58,56.62,47.29,56.62,10.94,31,1,0,2053.0,140,7
1777486921,42,26.52,6.88,103.17,53.79,103.17,19.03,21,6,1,2053.0,140,7
1777486922,42,25.22,10.33,54.54,46.67,54.54,11.28,23,1,0,2053.0,140,7
1777486923,41,29.12,8.83,55.17,50.46,55.17,11.59,31,3,0,2053.0,140,7
1777486924,43,24.58,4.83,49.54,42.62,49.54,9.61,28,0,0,2053.8,140,7
1777486925,43,34.57,7.92,109.41,56.37,109.41,18.47,34,5,1,2054.0,140,7
1777486926,42,29.95,11.42,67.62,48.25,67.62,11.68,38,2,0,2054.0,140,7
1777486927,43,29.84,4.88,100.00,50.75,100.00,15.81,33,3,0,2054.0,140,7
1777486928,44,28.95,12.79,49.71,44.96,49.71,9.16,37,0,0,2054.5,140,7
1777486929,43,27.61,6.00,63.50,42.46,63.50,10.30,34,1,0,2055.0,140,7
1777486930,43,37.82,17.08,154.12,59.12,154.12,22.01,40,6,1,2055.0,140,7
1777486931,42,31.17,11.79,61.25,49.37,61.25,10.71,35,2,0,2055.0,140,7
1777486932,43,33.69,18.33,48.75,45.96,48.75,8.10,42,0,0,2055.2,140,7
1777486933,43,36.89,17.92,198.70,47.50,198.70,26.35,41,1,1,2056.0,140,7
1777486934,43,33.22,15.87,50.92,49.46,50.92,10.74,37,2,0,2056.0,140,7
1777486935,43,33.06,11.92,56.29,49.21,56.29,10.72,36,2,0,2056.0,140,7
1777486936,44,37.06,16.50,63.96,58.46,63.96,11.88,40,6,0,2056.0,140,7
1777486937,43,34.70,11.12,89.46,62.46,89.46,14.49,37,3,0,2056.9,140,7
1777486938,43,31.06,13.71,82.54,56.50,82.54,14.36,35,4,0,2057.0,140,7
1777486939,42,27.52,9.88,68.50,51.75,68.50,12.53,30,3,0,2057.0,140,7
1777486940,41,29.12,10.29,114.21,50.17,114.21,17.04,29,3,1,2057.0,140,7
1777486941,43,41.31,8.79,204.20,84.83,204.20,30.97,37,10,2,2057.6,140,7
1777486942,41,27.52,15.50,104.96,50.92,104.96,15.74,34,3,1,2058.0,140,7
1777486943,43,31.40,12.42,50.75,46.17,50.75,9.00,39,1,0,2058.0,140,7
1777486944,42,29.98,9.54,302.12,42.50,302.12,43.24,29,1,1,2058.0,140,7
1777486945,42,27.75,10.33,53.62,51.37,53.62,10.65,33,3,0,2058.3,140,7
1777486946,43,27.11,7.00,81.71,53.62,81.71,14.69,30,4,0,2059.0,140,7
1777486947,42,26.72,8.79,78.33,51.71,78.33,13.80,26,4,0,2059.0,140,7
1777486948,42,26.44,9.42,101.04,64.04,101.04,17.68,23,4,1,2059.0,140,7
1777486949,43,25.08,11.79,49.08,46.79,49.08,10.73,25,0,0,2059.0,140,7
1777486950,42,25.95,14.46,77.67,56.08,77.67,13.86,23,4,0,2060.0,140,7
1777486951,43,29.85,12.29,93.58,88.04,93.58,19.21,29,4,0,2060.0,140,7
1777486952,43,21.43,12.12,51.50,41.50,51.50,9.76,18,2,0,2060.0,140,7
1777486953,44,23.99,8.33,115.33,50.67,115.33,18.23,17,3,1,2060.0,140,7
1777486954,42,26.07,12.38,163.16,54.21,163.16,24.79,16,4,1,2060.7,140,7
1777486955,43,22.31,11.92,67.75,44.29,67.75,11.89,16,2,0,2061.0,140,7
1777486956,42,23.64,10.38,91.33,53.87,91.33,16.65,16,3,0,2061.0,140,7
1777486957,42,20.10,9.71,57.25,46.12,57.25,9.98,12,1,0,2061.0,140,7
1777486958,42,23.91,8.50,58.33,43.33,58.33,11.55,20,1,0,2061.4,140,7
1777486959,43,22.29,12.67,48.79,43.21,48.79,9.43,19,0,0,2062.0,140,7
1777486960,42,23.43,8.08,44.38,39.83,44.38,8.57,23,0,0,2062.0,140,7
1777486961,43,24.28,9.67,54.62,51.04,54.62,11.20,25,3,0,2062.0,140,7
1777486962,42,27.14,8.42,78.00,49.21,78.00,15.03,25,2,0,2062.1,140,7
1777486963,43,27.11,12.42,53.96,50.29,53.96,12.23,26,3,0,2063.0,140,7
1777486964,42,26.59,9.25,53.37,51.25,53.37,11.99,27,3,0,2063.0,140,7
1777486965,43,25.40,7.46,113.96,51.87,113.96,20.16,16,3,1,2063.0,140,7
1777486966,43,23.97,9.21,67.96,40.00,67.96,10.77,21,2,0,2063.0,140,7
1777486967,43,23.98,12.12,74.79,40.25,74.79,10.52,26,1,0,2063.8,140,7
1777486968,44,22.50,9.17,40.71,34.25,40.71,6.71,29,0,0,2064.0,140,7
1777486969,43,28.17,11.25,198.21,54.42,198.21,28.10,24,3,1,2064.0,140,7
1777486970,44,27.63,9.33,249.62,29.62,249.62,34.33,29,1,1,2064.0,140,7
1777486971,43,31.02,10.21,98.33,53.54,98.33,16.60,33,5,0,2064.5,140,7
1777486972,42,23.68,11.67,46.87,37.83,46.87,7.30,29,0,0,2065.0,140,7
1777486973,43,28.57,9.08,63.66,50.37,63.66,13.47,30,5,0,2065.0,140,7
1777486974,43,40.29,6.04,176.33,134.08,176.33,35.78,31,8,4,2065.0,140,7
1777486975,46,27.96,10.83,53.33,47.75,53.33,10.51,36,1,0,2065.2,140,7
1777486976,43,26.21,13.62,119.37,39.00,119.37,17.35,24,2,1,2066.0,140,7
1777486977,43,23.61,8.75,79.96,41.54,79.96,12.15,22,1,0,2066.0,140,7
1777486978,42,26.84,8.50,100.08,44.62,100.08,16.16,27,2,1,2066.0,140,7
1777486979,42,21.44,10.00,50.12,43.25,50.12,9.62,19,1,0,2066.0,140,7
1777486980,43,29.74,11.21,186.70,48.37,186.70,26.96,26,2,1,2066.9,140,7
1777486981,43,27.74,8.33,99.67,44.96,99.67,15.85,27,2,0,2067.0,140,7
1777486982,42,24.14,7.04,86.83,43.75,86.83,14.31,19,1,0,2067.0,140,7
1777486983,43,25.37,9.46,132.21,67.62,132.21,23.33,19,4,2,2067.0,140,7
1777486984,43,18.87,7.58,39.04,33.21,39.04,7.08,15,0,0,2067.7,140,7
1777486985,42,73.37,9.62,1479.80,62.12,1479.80,235.65,30,3,2,2068.0,140,7
1777486986,42,25.03,11.25,94.37,49.46,94.37,15.67,20,2,0,2068.0,140,7
1777486987,43,28.71,8.92,84.79,56.50,84.79,15.23,31,3,0,2068.0,140,7
1777486988,43,28.19,11.00,123.58,51.54,123.58,17.29,31,3,1,2068.3,140,7
1777486989,42,23.19,9.21,48.87,36.04,48.87,7.88,27,0,0,2069.0,140,7
1777486990,43,20.96,8.75,37.41,33.62,37.41,6.93,23,0,0,2069.0,140,7
1777486991,42,49.04,11.96,904.65,63.21,904.65,135.38,21,4,2,2069.0,140,7
1777486992,43,25.72,12.17,48.46,43.71,48.46,9.69,27,0,0,2069.1,140,7
1777486993,43,24.87,12.12,50.25,39.25,50.25,9.63,28,1,0,2070.0,140,7
1777486994,43,26.32,7.42,65.50,49.87,65.50,12.59,29,1,0,2070.0,140,7
1777486995,44,26.66,12.46,52.54,43.83,52.54,9.88,31,2,0,2070.0,140,7
1777486996,43,29.27,9.75,58.04,49.67,58.04,11.76,33,2,0,2070.0,140,7
1777486997,43,26.25,10.33,55.96,45.87,55.96,9.89,29,1,0,2070.8,140,7
1777486998,44,26.33,5.08,52.87,42.87,52.87,10.75,32,1,0,2071.0,140,7
1777486999,43,25.30,8.25,55.37,43.29,55.37,9.55,30,2,0,2071.0,140,7
1777487000,43,27.91,9.04,139.08,48.54,139.08,19.48,29,2,1,2071.0,140,7
1777487001,43,22.58,12.54,67.67,42.87,67.67,10.31,21,1,0,2071.5,140,7
1777487002,43,31.96,9.67,319.62,58.46,319.62,46.67,28,3,1,2072.0,140,7
1777487003,44,21.49,9.21,44.25,29.42,44.25,6.06,25,0,0,2072.0,140,7
1777487004,42,26.47,8.21,142.33,37.04,142.33,19.88,29,2,1,2072.0,140,7
1777487005,43,27.81,9.25,191.21,43.62,191.21,26.91,24,2,1,2072.2,140,7
1777487006,43,27.16,14.46,133.87,34.75,133.87,17.43,33,1,1,2073.0,140,7
1777487007,42,27.69,9.12,60.83,47.25,60.83,11.67,29,2,0,2073.0,140,7
1777487008,43,30.42,7.67,110.41,43.75,110.41,15.26,33,1,1,2073.0,140,7
1777487009,43,25.48,8.00,57.33,50.33,57.33,11.76,25,3,0,2073.0,140,7
1777487010,43,32.71,6.96,151.00,50.46,151.00,21.52,33,3,1,2073.9,140,7
1777487011,43,36.15,9.83,137.62,108.71,137.62,26.66,31,7,3,2074.0,140,7
1777487012,43,26.00,9.25,57.04,42.21,57.04,10.57,27,1,0,2074.0,140,7
1777487013,41,28.23,9.42,52.33,48.71,52.33,11.28,30,1,0,2074.0,140,7
1777487014,43,32.70,7.67,84.87,50.37,84.87,15.22,36,4,0,2074.6,140,7
1777487015,44,29.72,10.96,90.67,53.96,90.67,13.95,36,3,0,2075.0,140,7
1777487016,43,29.58,7.92,63.00,49.83,63.00,11.87,36,2,0,2075.0,140,7
1777487017,43,31.55,14.46,94.87,55.75,94.87,13.49,35,3,0,2075.0,140,7
1777487018,43,29.03,9.71,59.12,51.50,59.12,11.66,35,3,0,2075.3,140,7
1777487019,43,33.97,15.75,118.54,75.46,118.54,19.21,37,4,1,2076.0,140,7
1777487020,43,31.60,10.50,140.50,53.21,140.50,19.81,37,3,1,2076.0,140,7
1777487021,43,28.98,7.88,97.83,50.58,97.83,16.83,30,3,0,2076.0,140,7
1777487022,42,26.89,14.04,50.67,45.41,50.67,9.16,30,1,0,2076.0,140,7
1777487023,42,27.28,9.71,74.46,49.33,74.46,12.28,31,2,0,2077.0,140,7
1777487024,43,23.43,12.62,46.12,37.79,46.12,8.56,25,0,0,2077.0,140,7
1777487025,41,30.55,12.42,235.50,51.12,235.50,35.49,24,3,1,2077.0,140,7
1777487026,42,25.61,12.71,62.75,51.25,62.75,12.29,26,3,0,2077.0,140,7
1777487027,42,28.32,12.75,112.04,45.79,112.04,16.07,31,2,1,2077.7,140,7
1777487028,42,25.85,12.67,87.96,36.91,87.96,12.20,30,1,0,2078.0,140,7
1777487029,44,21.62,3.29,68.96,44.21,68.96,13.78,20,1,0,2078.0,140,7
1777487030,45,21.40,3.08,85.71,43.71,85.71,17.15,25,2,0,2078.0,140,7
1777487031,44,27.68,8.88,132.25,57.75,132.25,20.90,27,3,1,2078.4,140,7
1777487032,43,26.54,10.46,81.08,43.92,81.08,12.29,28,1,0,2079.0,140,7
1777487033,41,28.92,11.62,73.75,52.25,73.75,13.79,29,3,0,2079.0,140,7
1777487034,41,30.82,12.38,108.29,57.33,108.29,18.44,29,5,1,2079.0,140,7
1777487035,43,27.42,12.96,122.00,47.96,122.00,18.25,26,2,1,2079.1,140,7
1777487036,43,24.59,7.83,47.62,43.04,47.62,10.03,27,0,0,2080.0,140,7
1777487037,42,25.17,11.92,59.67,38.25,59.67,9.98,29,2,0,2080.0,140,7
1777487038,43,30.00,11.04,52.96,48.29,52.96,12.21,29,2,0,2080.0,140,7
1777487039,43,28.90,13.42,56.75,44.54,56.75,9.02,35,1,0,2080.0,140,7
1777487040,42,28.58,12.29,167.12,47.08,167.12,24.03,25,2,1,2080.8,140,7
1777487041,42,22.83,9.50,39.37,37.83,39.37,7.76,24,0,0,2081.0,140,7
1777487042,43,24.02,11.29,45.46,40.75,45.46,9.57,25,0,0,2081.0,140,7
1777487043,42,23.99,7.67,60.96,46.96,60.96,10.89,23,1,0,2081.0,140,7
1777487044,41,26.99,8.46,61.79,49.92,61.79,12.22,28,2,0,2081.5,140,7
1777487045,43,20.97,6.42,53.75,39.00,53.75,9.26,22,1,0,2082.0,140,7
1777487046,41,23.66,7.83,46.54,38.33,46.54,9.28,24,0,0,2082.0,140,7
1777487047,43,28.36,10.17,173.25,39.21,173.25,23.83,31,1,1,2082.0,140,7
1777487048,42,25.89,9.79,108.71,44.79,108.71,16.29,25,1,1,2082.2,140,7
1777487049,43,25.60,9.21,75.04,44.62,75.04,12.33,29,2,0,2083.0,140,7
1777487050,43,27.97,10.21,136.29,48.71,136.29,23.20,24,2,2,2083.0,140,7
1777487051,43,26.68,12.25,93.75,65.83,93.75,16.08,26,3,0,2083.0,140,7
1777487052,42,25.61,11.42,44.75,41.79,44.75,8.90,33,0,0,2083.0,140,7
1777487053,44,25.44,12.54,89.92,41.92,89.92,13.07,31,1,0,2083.9,140,7
1777487054,43,35.22,13.33,123.08,51.17,123.08,20.52,38,4,2,2084.0,140,7
1777487055,42,34.13,10.29,105.00,77.42,105.00,20.57,34,6,1,2084.0,140,7
1777487056,42,30.36,13.04,162.25,46.08,162.25,22.34,33,2,1,2084.0,140,7
1777487057,42,29.13,9.37,90.00,86.87,90.00,17.96,33,4,0,2084.6,140,7
1777487058,42,27.14,12.04,113.58,43.71,113.58,17.54,26,2,1,2085.0,140,7
1777487059,42,25.93,12.04,48.71,41.17,48.71,8.99,34,0,0,2085.0,140,7
1777487060,42,23.73,7.33,58.29,42.96,58.29,10.03,23,1,0,2085.0,140,7
1777487061,43,27.19,11.79,113.25,45.79,113.25,18.69,27,2,1,2085.3,140,7
1777487062,42,25.55,12.29,52.37,39.21,52.37,9.22,29,1,0,2086.0,140,7
1777487063,42,22.24,12.37,40.08,32.46,40.08,6.85,24,0,0,2086.0,140,7
1777487064,43,30.17,14.25,55.04,48.58,55.04,10.13,36,2,0,2086.0,140,7
1777487065,42,27.13,15.62,45.54,39.25,45.54,7.41,31,0,0,2086.0,140,7
1777487066,42,25.88,9.71,49.00,41.75,49.00,9.20,29,0,0,2087.0,140,7
1777487067,42,23.55,10.29,39.08,36.96,39.08,7.57,29,0,0,2087.0,140,7
1777487068,42,27.15,13.29,56.00,46.37,56.00,8.61,36,1,0,2087.0,140,7
1777487069,43,27.82,8.50,58.79,50.54,58.79,12.10,31,3,0,2087.0,140,7
1777487070,43,25.76,9.21,95.79,53.50,95.79,15.24,26,3,0,2087.7,140,7
1777487071,43,22.14,10.33,48.58,33.38,48.58,7.37,27,0,0,2088.0,140,7
1777487072,42,29.56,13.29,146.29,57.37,146.29,23.02,31,3,1,2088.0,140,7
1777487073,42,32.55,13.50,137.29,54.71,137.29,21.68,32,3,1,2088.0,140,7
1777487074,42,28.88,10.21,101.17,43.54,101.17,15.62,31,2,1,2088.5,140,7
1777487075,43,25.12,10.50,43.75,40.62,43.75,8.55,30,0,0,2089.0,140,7
1777487076,43,24.17,12.00,137.46,35.79,137.46,18.59,22,1,1,2089.0,140,7
1777487077,42,24.43,8.62,105.25,33.12,105.25,15.66,25,2,1,2089.0,140,7
1777487078,43,27.21,13.21,76.58,47.08,76.58,12.44,28,1,0,2089.2,140,7
1777487079,43,26.92,13.33,113.62,50.58,113.62,16.05,29,3,1,2090.0,140,7
1777487080,42,26.46,11.96,74.00,46.21,74.00,12.00,30,1,0,2090.0,140,7
1777487081,43,29.88,9.00,233.45,44.08,233.45,32.85,29,2,1,2090.0,140,7
1777487082,42,32.81,15.42,124.83,58.17,124.83,18.15,38,3,1,2090.0,140,7
1777487083,44,27.62,8.96,72.37,49.46,72.37,12.69,30,2,0,2090.8,140,7
1777487084,42,23.33,12.50,42.12,39.00,42.12,7.98,26,0,0,2091.0,140,7
1777487085,43,23.60,12.29,45.12,36.25,45.12,8.22,27,0,0,2091.0,140,7
1777487086,44,23.52,12.25,62.37,35.87,62.37,9.91,28,2,0,2091.0,140,7
1777487087,42,24.04,6.42,43.96,39.37,43.96,9.24,26,0,0,2091.6,140,7
1777487088,42,22.42,12.42,82.75,32.25,82.75,11.60,20,1,0,2092.0,140,7
1777487089,44,29.91,8.46,164.46,46.33,164.46,23.20,27,2,1,2092.0,140,7
1777487090,42,26.69,11.33,51.62,41.96,51.62,9.48,29,1,0,2092.0,140,7
1777487091,42,32.03,7.17,59.29,55.42,59.29,12.81,33,4,0,2092.3,140,7
1777487092,42,36.65,14.79,192.75,50.17,192.75,28.90,34,3,2,2093.0,140,7
1777487093,44,33.52,9.29,115.21,59.37,115.21,19.50,31,6,1,2093.0,140,7
1777487094,43,33.96,14.08,165.46,46.67,165.46,22.25,35,1,1,2093.0,140,7
1777487095,43,32.26,11.29,64.00,48.04,64.00,10.84,40,2,0,2093.0,140,7
1777487096,43,33.58,11.42,193.54,53.96,193.54,27.24,35,3,1,2094.0,140,7
1777487097,43,27.22,10.83,50.17,42.50,50.17,9.61,32,1,0,2094.0,140,7
1777487098,44,25.67,13.83,52.50,45.17,52.50,8.70,35,2,0,2094.0,140,7
1777487099,42,21.12,12.17,110.46,25.54,110.46,14.51,22,1,1,2094.0,140,7
1777487100,42,27.36,12.67,88.04,51.33,88.04,13.97,32,4,0,2094.7,140,7
1777487101,42,23.59,11.46,66.87,43.96,66.87,10.65,27,1,0,2095.0,140,7
1777487102,44,29.03,9.33,97.25,50.87,97.25,16.57,29,3,0,2095.0,140,7
1777487103,43,31.72,13.96,117.54,53.21,117.54,16.60,37,3,1,2095.0,140,7
1777487104,42,27.98,12.62,95.75,49.08,95.75,15.58,26,2,0,2095.4,140,7
1777487105,44,28.75,10.79,72.92,46.37,72.92,13.09,31,2,0,2096.0,140,7
1777487106,42,31.55,13.92,233.29,40.71,233.29,35.29,35,2,2,2096.0,140,7
1777487107,43,29.98,9.62,127.66,87.04,127.66,22.29,30,5,1,2096.0,140,7
1777487108,42,23.98,12.25,50.50,39.92,50.50,8.24,29,1,0,2096.1,140,7
1777487109,42,25.07,8.00,104.62,35.00,104.62,17.56,25,2,1,2097.0,140,7
1777487110,42,25.50,13.17,112.16,37.50,112.16,15.39,30,1,1,2097.0,140,7
1777487111,43,24.58,12.50,163.58,39.21,163.58,22.88,24,2,1,2097.0,140,7
1777487112,42,22.31,12.87,55.12,32.54,55.12,7.67,29,1,0,2097.0,140,7
1777487113,44,24.58,10.25,101.83,51.87,101.83,16.33,26,3,1,2097.8,140,7
1777487114,43,24.39,12.54,64.00,45.17,64.00,10.59,24,2,0,2098.0,140,7
1777487115,42,24.85,12.12,95.92,42.12,95.92,13.65,28,1,0,2098.0,140,7
1777487116,41,21.97,7.46,49.37,32.00,49.37,7.18,28,0,0,2098.0,140,7
1777487117,43,23.03,12.50,52.91,44.21,52.91,9.23,26,1,0,2098.5,140,7
1777487118,44,22.28,12.21,72.00,45.54,72.00,11.34,23,2,0,2099.0,140,7
1777487119,42,37.03,12.75,206.66,72.83,206.66,34.99,35,6,2,2099.0,140,7
1777487120,42,28.75,11.92,89.75,44.17,89.75,13.34,34,2,0,2099.0,140,7
1777487120,9,23.08,6.42,38.54,38.54,38.54,10.13,6,0,0,2099.0,140,7
1777487159,26,61.77,7.42,128.21,112.75,128.21,40.37,20,14,6,2108.0,140,8
1777487160,43,29.79,8.79,114.12,86.25,114.12,20.77,32,4,1,2108.5,140,8
1777487161,45,33.40,13.33,233.54,64.58,233.54,32.31,37,3,1,2109.0,140,8
1777487162,46,25.23,4.83,60.00,42.33,60.00,9.93,33,2,0,2109.0,140,8
1777487163,43,29.82,14.46,75.37,53.25,75.37,13.08,32,4,0,2109.0,140,8
1777487164,44,29.88,12.71,82.62,48.25,82.62,14.14,33,2,0,2109.3,140,8
1777487165,42,34.41,14.83,88.67,49.04,88.67,12.39,38,1,0,2110.0,140,8
1777487166,43,34.67,17.88,67.50,52.75,67.50,10.22,41,4,0,2110.0,140,8
1777487167,43,36.78,7.42,122.08,52.08,122.08,17.37,39,6,1,2110.0,140,8
1777487168,42,34.13,16.17,83.54,50.21,83.54,12.89,38,3,0,2110.0,140,8
1777487169,43,32.36,15.29,53.71,44.75,53.71,8.57,40,1,0,2111.0,140,8
1777487170,44,33.55,16.62,73.50,48.67,73.50,11.29,41,2,0,2111.0,140,8
1777487171,42,34.20,8.88,87.33,49.83,87.33,14.47,36,2,0,2111.0,140,8
1777487172,44,36.53,15.25,126.58,48.33,126.58,17.29,38,2,1,2111.0,140,8
1777487173,43,29.81,12.92,48.08,46.16,48.08,8.92,37,0,0,2111.7,140,8
1777487174,43,36.65,14.21,134.66,52.08,134.66,18.57,40,3,1,2112.0,140,8
1777487175,42,33.78,9.75,124.21,56.08,124.21,17.62,36,3,1,2112.0,140,8
1777487176,43,31.80,10.96,59.79,45.21,59.79,10.50,38,2,0,2112.0,140,8
1777487177,43,36.54,10.92,178.95,46.92,178.95,23.53,40,2,1,2112.4,140,8
1777487178,42,39.21,18.17,103.37,71.96,103.37,18.56,39,8,1,2113.0,140,8
1777487179,44,39.24,18.04,206.95,62.08,206.95,27.36,41,4,1,2113.0,140,8
1777487180,42,38.83,14.17,127.96,61.67,127.96,18.51,39,6,1,2113.0,140,8
1777487181,42,33.47,13.79,87.75,55.54,87.75,13.18,36,3,0,2113.1,140,8
1777487182,42,35.07,13.25,76.21,47.04,76.21,12.56,40,2,0,2114.0,140,8
1777487183,44,31.94,13.71,49.08,46.41,49.08,9.75,40,0,0,2114.0,140,8
1777487184,43,38.06,13.46,174.79,69.83,174.79,24.85,37,4,1,2114.0,140,8
1777487185,43,35.90,15.75,90.00,55.54,90.00,14.21,36,4,0,2114.0,140,8
1777487186,44,36.88,10.50,83.21,54.83,83.21,13.14,40,6,0,2114.8,140,8
1777487187,42,33.46,16.50,110.33,53.50,110.33,15.55,38,4,1,2115.0,140,8
1777487188,43,34.98,14.12,73.87,60.12,73.87,11.06,41,3,0,2115.0,140,8
1777487189,43,42.95,13.67,241.50,70.87,241.50,37.31,38,4,2,2115.0,140,8
1777487190,43,36.32,12.75,114.96,60.04,114.96,16.85,38,4,1,2115.5,140,8
1777487191,43,36.81,11.21,161.66,52.79,161.66,21.82,40,3,1,2116.0,140,8
1777487192,42,32.70,10.46,80.87,48.12,80.87,12.16,39,2,0,2116.0,140,8
1777487193,43,41.32,15.42,194.62,114.62,194.62,32.48,38,6,3,2116.0,140,8
1777487194,43,34.81,14.08,68.00,48.12,68.00,9.98,39,1,0,2116.2,140,8
1777487195,41,35.56,14.75,176.54,47.33,176.54,23.59,40,1,1,2117.0,140,8
1777487196,43,35.13,18.46,53.21,48.71,53.21,9.90,40,2,0,2117.0,140,8
1777487197,43,38.64,12.12,130.91,76.96,130.91,20.89,39,6,1,2117.0,140,8
1777487198,43,40.48,13.67,215.95,60.00,215.95,30.73,40,5,2,2117.0,140,8
1777487199,42,38.01,19.50,96.83,81.00,96.83,18.14,41,6,0,2117.9,140,8
1777487200,42,37.58,18.25,82.46,56.62,82.46,13.00,40,6,0,2118.0,140,8
1777487201,43,38.49,19.25,140.21,82.12,140.21,20.24,42,4,1,2118.0,140,8
1777487202,42,35.97,12.08,68.33,51.33,68.33,11.13,39,3,0,2118.0,140,8
1777487203,43,42.96,13.21,139.71,97.21,139.71,24.00,40,7,1,2118.6,140,8
1777487204,42,40.04,13.42,216.12,90.37,216.12,32.66,36,6,1,2119.0,140,8
1777487205,43,41.59,14.50,215.95,96.62,215.95,33.04,40,6,2,2119.0,140,8
1777487206,43,34.66,14.62,55.42,51.29,55.42,11.27,38,3,0,2119.0,140,8
1777487207,43,34.94,13.33,70.21,54.04,70.21,12.27,36,4,0,2119.3,140,8
1777487208,43,38.06,18.54,124.71,51.29,124.71,16.07,41,4,1,2120.0,140,8
1777487209,43,37.34,12.83,191.41,49.25,191.41,25.78,38,2,1,2120.0,140,8
1777487210,41,34.88,13.96,96.04,51.50,96.04,13.99,37,3,0,2120.0,140,8
1777487211,43,33.62,14.33,60.00,52.16,60.00,10.57,40,3,0,2120.0,140,8
1777487212,43,39.08,15.87,167.71,62.91,167.71,23.38,38,5,1,2121.0,140,8
1777487213,44,32.32,11.08,54.46,48.00,54.46,10.48,38,1,0,2121.0,140,8
1777487214,42,34.76,12.92,66.29,54.04,66.29,12.20,36,4,0,2121.0,140,8
1777487215,43,31.39,16.71,47.33,45.87,47.33,8.73,37,0,0,2121.0,140,8
1777487216,41,33.70,9.75,53.54,47.79,53.54,10.45,34,1,0,2121.7,140,8
1777487217,43,35.93,17.00,81.12,55.50,81.12,11.74,41,4,0,2122.0,140,8
1777487218,43,33.75,14.46,55.29,54.04,55.29,9.90,40,3,0,2122.0,140,8
1777487219,43,35.46,13.54,80.79,56.41,80.79,13.82,39,6,0,2122.0,140,8
1777487220,43,37.54,14.46,80.87,62.58,80.87,13.88,40,5,0,2122.4,140,8
1777487221,43,35.43,15.71,126.96,60.66,126.96,17.45,41,4,1,2123.0,140,8
1777487222,42,33.04,18.54,63.83,48.37,63.83,9.85,41,2,0,2123.0,140,8
1777487223,42,33.05,14.71,58.33,48.04,58.33,10.29,37,2,0,2123.0,140,8
1777487224,43,29.40,7.67,64.21,48.92,64.21,11.94,33,2,0,2123.1,140,8
1777487225,44,35.58,16.62,167.58,50.71,167.58,22.88,41,3,1,2124.0,140,8
1777487226,41,41.14,9.42,202.75,84.87,202.75,30.42,36,5,1,2124.0,140,8
1777487227,43,24.25,9.12,46.00,41.33,46.00,10.68,23,0,0,2124.0,140,8
1777487228,46,56.48,7.87,166.25,138.96,166.25,47.93,33,16,10,2124.0,140,8
1777487229,43,35.61,16.08,76.54,64.87,76.54,13.10,39,6,0,2124.8,140,8
1777487230,43,25.05,6.00,45.33,43.04,45.33,10.21,30,0,0,2125.0,140,8
1777487231,43,48.75,12.54,657.90,65.50,657.90,94.80,39,4,1,2125.0,140,8
1777487232,42,35.56,14.96,59.00,47.08,59.00,9.71,41,2,0,2125.0,140,8
1777487233,42,35.33,13.88,75.29,53.17,75.29,11.91,38,3,0,2125.5,140,8
1777487234,43,34.01,12.88,77.83,46.62,77.83,11.84,37,2,0,2126.0,140,8
1777487235,43,35.73,16.62,94.29,65.62,94.29,15.49,37,5,0,2126.0,140,8
1777487236,42,33.60,19.21,68.62,48.83,68.62,9.76,39,2,0,2126.0,140,8
1777487237,43,32.77,11.79,68.00,49.33,68.00,11.60,36,2,0,2126.2,140,8
1777487238,43,33.75,10.12,63.71,49.00,63.71,10.97,38,1,0,2127.0,140,8
1777487239,42,37.41,17.17,92.37,68.29,92.37,14.06,41,5,0,2127.0,140,8
1777487240,43,33.43,15.71,61.41,46.25,61.41,9.59,40,1,0,2127.0,140,8
1777487241,44,36.81,17.25,123.37,54.62,123.37,16.63,42,3,1,2127.0,140,8
1777487242,42,31.48,12.17,51.25,45.29,51.25,9.20,38,1,0,2128.0,140,8
1777487243,43,36.33,9.08,94.92,78.12,94.92,16.75,38,4,0,2128.0,140,8
1777487244,43,38.57,18.00,169.66,64.29,169.66,24.01,42,6,1,2128.0,140,8
1777487245,42,30.50,16.88,72.62,48.04,72.62,10.98,37,2,0,2128.0,140,8
1777487246,43,36.12,13.17,85.79,54.87,85.79,13.66,39,5,0,2128.7,140,8
1777487247,44,37.33,18.33,112.04,75.58,112.04,17.76,42,5,1,2129.0,140,8
1777487248,42,39.65,19.75,142.16,56.12,142.16,20.63,40,4,2,2129.0,140,8
1777487249,41,36.25,16.46,75.92,51.25,75.92,11.60,37,3,0,2129.0,140,8
1777487250,42,35.46,19.33,77.75,50.92,77.75,12.19,41,3,0,2129.4,140,8
1777487251,42,35.68,14.62,148.66,48.87,148.66,20.33,37,2,1,2130.0,140,8
1777487252,42,36.93,15.71,94.62,57.04,94.62,13.68,39,5,0,2130.0,140,8
1777487253,43,39.47,12.88,124.08,69.33,124.08,17.91,42,4,1,2130.0,140,8
1777487254,42,38.58,18.62,82.87,58.12,82.87,11.89,40,4,0,2130.1,140,8
1777487255,42,32.78,13.79,55.04,47.29,55.04,8.89,40,2,0,2131.0,140,8
1777487256,43,36.64,16.29,53.12,51.33,53.12,9.08,40,4,0,2131.0,140,8
1777487257,42,34.79,15.17,99.83,54.37,99.83,16.50,36,5,0,2131.0,140,8
1777487258,43,39.99,16.83,139.79,91.42,139.79,24.77,41,4,2,2131.0,140,8
1777487259,42,31.59,14.25,69.29,47.96,69.29,10.29,38,2,0,2131.8,140,8
1777487260,43,36.26,16.87,80.46,49.54,80.46,11.46,41,2,0,2132.0,140,8
1777487261,42,36.04,15.38,120.42,51.62,120.42,19.41,37,3,2,2132.0,140,8
1777487262,42,37.29,17.67,132.08,63.87,132.08,19.14,40,5,1,2132.0,140,8
1777487263,43,33.19,16.08,67.79,47.25,67.79,11.32,37,2,0,2132.5,140,8
1777487264,42,35.60,11.29,99.92,48.29,99.92,14.59,39,2,0,2133.0,140,8
1777487265,42,39.80,18.04,189.87,46.91,189.87,27.83,40,2,2,2133.0,140,8
1777487266,42,34.87,18.75,80.54,50.04,80.54,12.77,41,3,0,2133.0,140,8
1777487267,43,36.59,12.38,123.42,54.92,123.42,18.80,38,5,1,2133.2,140,8
1777487268,43,36.13,18.58,146.71,48.08,146.71,19.05,41,2,1,2134.0,140,8
1777487269,42,34.87,18.92,79.92,52.50,79.92,11.58,40,4,0,2134.0,140,8
1777487270,43,37.66,14.54,174.66,53.41,174.66,25.06,39,3,2,2134.0,140,8
1777487271,43,39.05,11.75,176.87,77.79,176.87,26.80,37,6,1,2134.0,140,8
1777487272,42,37.54,18.33,110.54,48.58,110.54,15.02,40,2,1,2134.9,140,8
1777487273,42,35.07,13.00,87.33,50.50,87.33,12.88,37,3,0,2135.0,140,8
1777487274,43,33.45,13.00,80.54,46.83,80.54,11.27,39,1,0,2135.0,140,8
1777487275,42,34.07,18.25,49.79,48.50,49.79,8.70,39,0,0,2135.0,140,8
1777487276,42,35.13,17.92,54.75,46.62,54.75,8.69,39,2,0,2135.6,140,8
1777487277,43,32.01,11.62,57.96,46.58,57.96,9.22,39,1,0,2136.0,140,8
1777487278,43,43.17,17.58,191.83,113.25,191.83,30.91,40,4,3,2136.0,140,8
1777487279,42,40.35,12.12,113.46,76.96,113.46,17.81,40,6,1,2136.0,140,8
1777487280,43,36.68,19.42,84.87,48.75,84.87,13.22,41,2,0,2136.3,140,8
1777487281,41,35.74,15.58,67.50,51.21,67.50,11.64,37,3,0,2137.0,140,8
1777487282,42,39.24,10.33,201.45,56.04,201.45,27.93,37,4,1,2137.0,140,8
1777487283,43,40.18,12.92,123.58,84.04,123.58,23.15,36,9,2,2137.0,140,8
1777487284,43,34.80,14.62,63.16,53.41,63.16,10.68,41,4,0,2137.0,140,8
1777487285,43,31.77,10.92,71.75,49.04,71.75,10.55,39,2,0,2138.0,140,8
1777487286,42,37.89,11.08,184.12,62.25,184.12,24.92,39,3,1,2138.0,140,8
1777487287,42,37.60,16.46,119.87,50.75,119.87,18.69,40,3,2,2138.0,140,8
1777487288,42,37.44,18.33,114.79,53.75,114.79,15.40,41,5,1,2138.0,140,8
1777487289,43,41.15,14.33,219.29,51.91,219.29,33.79,39,3,2,2138.7,140,8
1777487290,42,35.80,19.46,112.41,47.25,112.41,14.67,39,1,1,2139.0,140,8
1777487291,43,31.95,12.62,48.96,45.54,48.96,9.04,40,0,0,2139.0,140,8
1777487292,42,36.95,16.54,87.83,55.33,87.83,13.09,38,4,0,2139.0,140,8
1777487293,44,35.50,16.87,56.79,55.75,56.79,10.88,41,4,0,2139.4,140,8
1777487294,42,37.92,11.17,85.75,51.25,85.75,13.47,41,3,0,2140.0,140,8
1777487295,44,40.84,12.37,160.29,51.42,160.29,23.29,41,4,2,2140.0,140,8
1777487296,42,35.61,12.46,73.00,47.17,73.00,10.55,40,1,0,2140.0,140,8
1777487297,43,34.41,15.50,58.75,47.71,58.75,9.58,41,2,0,2140.1,140,8
1777487298,42,38.56,13.33,132.12,55.29,132.12,18.94,37,7,1,2141.0,140,8
1777487299,43,37.55,17.75,85.96,53.00,85.96,13.42,42,6,0,2141.0,140,8
1777487300,43,33.86,8.33,50.12,48.33,50.12,10.78,37,1,0,2141.0,140,8
1777487301,42,35.86,16.42,81.92,52.25,81.92,11.99,40,3,0,2141.0,140,8
1777487302,42,35.08,16.46,55.04,51.29,55.04,9.65,40,3,0,2141.8,140,8
1777487303,43,33.83,16.37,54.33,47.38,54.33,9.52,40,2,0,2142.0,140,8
1777487304,43,36.39,15.17,72.58,51.12,72.58,11.56,40,3,0,2142.0,140,8
1777487305,44,35.93,16.08,101.62,55.54,101.62,14.57,41,5,1,2142.0,140,8
1777487306,42,39.53,18.12,112.12,71.87,112.12,17.44,41,5,1,2142.5,140,8
1777487307,42,34.88,14.42,114.00,57.62,114.00,16.72,39,4,1,2143.0,140,8
1777487308,43,39.41,19.08,107.00,71.75,107.00,16.39,42,5,1,2143.0,140,8
1777487309,42,36.21,16.08,103.08,53.37,103.08,15.40,39,5,1,2143.0,140,8
1777487310,43,41.45,14.38,168.33,75.62,168.33,23.54,40,7,1,2143.2,140,8
1777487311,44,40.22,14.62,97.00,76.37,97.00,18.95,40,8,0,2144.0,140,8
1777487312,42,37.37,17.08,98.83,48.96,98.83,13.42,40,2,0,2144.0,140,8
1777487313,43,34.95,10.46,68.17,52.33,68.17,12.01,38,4,0,2144.0,140,8
1777487314,43,35.88,17.12,77.37,56.96,77.37,12.97,40,4,0,2144.0,140,8
1777487315,43,38.13,13.25,162.25,70.08,162.25,22.78,38,4,1,2144.9,140,8
1777487316,43,35.21,17.21,68.00,52.08,68.00,10.78,38,4,0,2145.0,140,8
1777487317,42,37.09,15.46,107.04,58.66,107.04,16.33,39,4,1,2145.0,140,8
1777487318,43,33.48,14.67,54.21,50.16,54.21,9.25,40,3,0,2145.0,140,8
1777487319,43,33.93,14.96,56.50,47.17,56.50,9.68,39,2,0,2145.7,140,8
1777487320,42,40.15,21.21,176.54,56.16,176.54,23.38,42,4,1,2146.0,140,8
1777487321,43,35.91,10.08,113.54,54.25,113.54,16.97,39,3,1,2146.0,140,8
1777487322,43,43.94,16.29,315.95,74.37,315.95,47.40,40,4,2,2146.0,140,8
1777487323,43,34.48,14.58,52.75,50.29,52.75,10.23,38,3,0,2146.3,140,8
1777487324,43,36.34,11.46,84.67,57.75,84.67,13.31,41,3,0,2147.0,140,8
1777487325,43,33.43,18.29,52.29,47.54,52.29,8.50,41,1,0,2147.0,140,8
1777487326,43,37.62,14.33,151.04,50.75,151.04,21.79,38,3,1,2147.0,140,8
1777487327,42,40.99,17.67,165.75,50.58,165.75,22.60,41,4,1,2147.0,140,8
1777487328,43,36.97,11.46,105.66,57.67,105.66,17.26,38,5,1,2148.0,140,8
1777487329,42,32.99,17.25,49.87,46.37,49.87,9.17,36,0,0,2148.0,140,8
1777487330,42,36.01,14.67,80.33,59.21,80.33,12.37,40,4,0,2148.0,140,8
1777487331,43,36.15,14.75,109.79,53.79,109.79,15.27,39,4,1,2148.0,140,8
1777487332,43,36.18,11.08,74.33,55.21,74.33,12.62,39,6,0,2148.7,140,8
1777487333,44,39.03,21.04,129.71,54.29,129.71,17.44,44,4,1,2149.0,140,8
1777487334,43,33.19,15.92,79.75,46.83,79.75,11.42,39,2,0,2149.0,140,8
1777487335,42,34.07,12.92,67.42,49.54,67.42,11.17,37,2,0,2149.0,140,8
1777487336,42,39.55,17.54,160.41,51.33,160.41,22.34,39,3,1,2149.5,140,8
1777487337,43,35.07,13.88,73.37,49.75,73.37,11.94,38,2,0,2150.0,140,8
1777487338,43,36.98,12.87,96.12,73.00,96.12,16.16,38,4,0,2150.0,140,8
1777487339,43,32.97,17.25,64.21,52.67,64.21,9.65,41,3,0,2150.0,140,8
1777487340,42,37.62,16.62,137.21,51.75,137.21,19.65,39,4,1,2150.2,140,8
1777487341,42,36.43,17.79,88.83,53.83,88.83,13.85,38,7,0,2151.0,140,8
1777487342,43,31.87,7.92,113.79,45.62,113.79,15.56,34,1,1,2151.0,140,8
1777487343,44,33.66,16.00,110.17,52.17,110.17,14.91,37,3,1,2151.0,140,8
1777487344,43,36.73,15.92,78.67,49.04,78.67,11.16,40,1,0,2151.0,140,8
1777487345,43,38.06,15.58,183.58,53.08,183.58,25.78,38,6,1,2151.9,140,8
1777487346,43,41.10,17.25,198.71,62.66,198.71,29.00,40,5,2,2152.0,140,8
1777487347,42,36.69,17.92,139.25,47.54,139.25,17.71,40,1,1,2152.0,140,8
1777487348,43,35.83,13.62,74.87,53.91,74.87,12.82,38,4,0,2152.0,140,8
1777487349,43,36.83,14.58,127.79,50.67,127.79,17.79,39,3,1,2152.6,140,8
1777487350,43,36.90,17.88,81.71,56.37,81.71,12.68,41,3,0,2153.0,140,8
1777487351,42,31.88,9.58,49.92,47.58,49.92,8.55,39,0,0,2153.0,140,8
1777487352,42,34.76,15.37,64.79,48.37,64.79,11.14,35,2,0,2153.0,140,8
1777487353,43,42.31,13.79,236.62,66.00,236.62,35.35,40,6,2,2153.3,140,8
1777487354,43,41.16,10.04,134.71,82.29,134.71,23.29,40,8,2,2154.0,140,8
1777487355,43,33.82,12.21,85.67,49.83,85.67,11.92,40,2,0,2154.0,140,8
1777487356,42,35.37,17.79,106.37,54.58,106.37,15.72,38,3,1,2154.0,140,8
1777487357,45,33.91,14.50,71.42,56.75,71.42,12.80,42,6,0,2154.0,140,8
1777487358,43,35.41,16.67,113.25,47.46,113.25,14.72,42,2,1,2155.0,140,8
1777487359,43,42.73,17.04,165.54,106.00,165.54,30.66,41,4,3,2155.0,140,8
1777487360,42,36.78,12.92,80.37,55.58,80.37,12.29,39,5,0,2155.0,140,8
1777487361,43,34.69,11.21,94.08,50.37,94.08,14.28,38,3,0,2155.0,140,8
1777487362,41,36.70,14.96,71.25,51.58,71.25,12.04,37,3,0,2155.7,140,8
1777487363,43,35.13,15.62,97.54,50.46,97.54,13.68,41,3,0,2156.0,140,8
1777487364,43,37.42,17.83,119.16,56.33,119.16,17.45,39,7,1,2156.0,140,8
1777487365,42,35.41,16.67,78.04,55.83,78.04,12.25,40,3,0,2156.0,140,8
1777487366,42,34.81,16.33,53.33,50.29,53.33,8.84,39,3,0,2156.4,140,8
1777487367,43,35.57,13.67,175.16,49.29,175.16,24.17,38,2,1,2157.0,140,8
1777487368,43,35.81,14.96,156.79,48.29,156.79,20.36,41,2,1,2157.0,140,8
1777487369,42,38.95,11.00,195.29,48.12,195.29,27.40,37,2,1,2157.0,140,8
1777487370,43,33.48,17.29,81.25,49.29,81.25,12.94,39,2,0,2157.1,140,8
1777487371,43,33.57,16.75,66.54,51.67,66.54,9.96,40,3,0,2158.0,140,8
1777487372,42,36.39,17.42,72.62,52.62,72.62,11.78,40,3,0,2158.0,140,8
1777487373,42,46.31,16.71,273.37,93.96,273.37,48.41,41,4,2,2158.0,140,8
1777487374,43,34.50,11.54,114.96,51.58,114.96,18.34,40,3,1,2158.0,140,8
1777487375,43,35.98,10.21,125.54,52.83,125.54,17.61,37,3,1,2158.8,140,8
1777487376,42,34.86,12.21,69.87,55.12,69.87,11.19,38,4,0,2159.0,140,8
1777487377,43,33.16,17.00,57.33,47.21,57.33,9.23,40,1,0,2159.0,140,8
1777487378,43,35.18,13.75,113.00,50.12,113.00,15.27,40,3,1,2159.0,140,8
1777487379,42,33.11,13.67,52.91,50.79,52.91,10.21,37,3,0,2159.5,140,8
1777487380,42,35.04,18.42,61.08,53.29,61.08,10.12,41,5,0,2160.0,140,8
1777487381,42,39.43,13.67,117.37,72.92,117.37,18.22,41,4,1,2160.0,140,8
1777487382,42,40.19,17.46,167.37,88.87,167.37,25.56,41,3,2,2160.0,140,8
1777487383,42,34.35,18.42,77.08,51.62,77.08,11.09,39,3,0,2160.2,140,8
1777487384,42,37.77,11.46,125.16,54.17,125.16,17.84,36,6,1,2161.0,140,8
1777487385,45,33.37,17.25,51.71,48.92,51.71,8.79,43,1,0,2161.0,140,8
1777487386,43,34.99,11.75,61.08,49.79,61.08,10.55,39,2,0,2161.0,140,8
1777487387,42,34.05,12.38,54.83,47.21,54.83,9.58,39,2,0,2161.0,140,8
1777487388,42,38.75,17.25,150.79,51.00,150.79,19.88,40,3,1,2161.9,140,8
1777487389,43,35.55,7.62,64.87,52.96,64.87,11.67,38,4,0,2162.0,140,8
1777487390,42,36.70,12.50,108.46,57.71,108.46,16.28,38,3,1,2162.0,140,8
1777487391,42,38.62,17.00,93.25,69.29,93.25,15.13,39,6,0,2162.0,140,8
1777487392,42,35.61,16.17,72.37,47.75,72.37,10.34,41,2,0,2162.6,140,8
1777487393,44,35.72,13.79,110.29,60.00,110.29,18.04,36,6,1,2163.0,140,8
1777487394,42,38.50,16.29,86.37,66.71,86.37,13.15,41,3,0,2163.0,140,8
1777487395,43,36.12,13.54,145.83,46.42,145.83,20.06,38,2,1,2163.0,140,8
1777487396,42,41.54,19.12,242.62,70.21,242.62,33.68,40,5,1,2163.3,140,8
1777487397,42,38.53,9.21,143.87,56.67,143.87,23.73,38,3,2,2164.0,140,8
1777487398,43,35.87,16.04,92.04,52.21,92.04,12.52,40,3,0,2164.0,140,8
1777487399,42,39.94,16.96,99.79,72.96,99.79,17.64,41,8,0,2164.0,140,8
1777487400,42,153.03,14.96,2417.45,901.27,2417.45,437.06,40,8,4,2164.0,140,8
1777487401,44,48.15,15.92,396.58,124.04,396.58,59.08,41,9,3,2165.0,140,8
1777487402,43,35.92,13.62,178.08,44.87,178.08,23.17,39,2,1,2165.0,140,8
1777487403,43,39.66,20.17,141.58,91.25,141.58,22.84,43,6,1,2165.0,140,8
1777487404,42,35.72,17.04,71.87,49.33,71.87,9.99,39,1,0,2165.0,140,8
1777487405,44,34.52,16.25,121.71,55.04,121.71,16.70,41,5,1,2165.7,140,8
1777487406,42,36.67,15.83,78.87,50.37,78.87,12.02,39,3,0,2166.0,140,8
1777487407,43,37.47,15.33,85.21,64.00,85.21,13.54,40,4,0,2166.0,140,8
1777487408,43,25.63,3.17,63.54,60.96,63.54,16.89,26,4,0,2166.0,140,8
1777487409,43,34.62,15.37,84.12,48.75,84.12,13.24,38,2,0,2166.4,140,8
1777487410,42,35.96,12.75,147.08,47.00,147.08,19.87,37,1,1,2167.0,140,8
1777487411,42,38.40,9.33,110.25,105.29,110.25,22.18,40,8,3,2167.0,140,8
1777487412,42,35.25,16.79,97.87,47.33,97.87,13.51,37,2,0,2167.0,140,8
1777487413,43,34.65,16.12,62.46,49.71,62.46,10.60,38,2,0,2167.2,140,8
1777487414,42,40.17,13.71,210.12,51.37,210.12,28.22,40,4,1,2168.0,140,8
1777487415,43,37.91,12.42,114.96,48.79,114.96,16.12,39,2,1,2168.0,140,8
1777487416,43,34.44,11.83,67.75,51.58,67.75,11.67,37,3,0,2168.0,140,8
1777487417,42,34.11,12.29,94.33,55.67,94.33,14.03,36,4,0,2168.0,140,8
1777487418,43,33.26,14.75,103.04,44.54,103.04,13.78,37,2,1,2168.9,140,8
1777487419,42,32.66,14.00,129.54,45.62,129.54,17.20,38,1,1,2169.0,140,8
1777487420,42,33.53,16.87,63.62,45.04,63.62,8.58,40,1,0,2169.0,140,8
1777487421,43,33.14,9.62,119.54,59.83,119.54,17.04,38,4,1,2169.0,140,8
1777487422,43,32.34,16.04,95.91,58.37,95.91,14.01,38,3,0,2169.6,140,8
1777487423,43,39.05,10.29,228.62,71.58,228.62,32.68,38,6,1,2170.0,140,8
1777487424,43,49.50,17.88,349.74,96.75,349.74,52.51,41,7,2,2170.0,140,8
1777487425,42,39.12,13.67,178.00,72.33,178.00,25.31,37,3,1,2170.0,140,8
1777487426,44,40.45,13.04,122.91,92.29,122.91,21.17,42,6,2,2170.3,140,8
1777487427,43,36.04,17.92,114.92,69.87,114.92,16.79,41,3,1,2171.0,140,8
1777487428,42,40.93,16.00,299.74,57.54,299.74,41.50,40,3,1,2171.0,140,8
1777487429,43,35.31,12.29,73.87,71.04,73.87,14.58,38,5,0,2171.0,140,8
1777487430,42,32.43,7.71,67.00,50.92,67.00,11.18,38,3,0,2171.0,140,8
1777487431,43,27.93,9.54,50.37,47.25,50.37,10.90,33,1,0,2172.0,140,8
1777487432,41,33.38,9.92,56.96,53.33,56.96,12.47,36,5,0,2172.0,140,8
1777487433,43,34.52,17.42,86.42,60.79,86.42,13.89,40,3,0,2172.0,140,8
1777487434,44,33.67,15.21,147.37,48.62,147.37,19.80,40,2,1,2172.0,140,8
1777487435,44,38.61,10.54,130.12,86.25,130.12,23.76,39,8,1,2172.7,140,8
1777487436,44,30.72,11.83,80.75,46.25,80.75,12.57,35,1,0,2173.0,140,8
1777487437,44,37.52,8.29,136.54,59.42,136.54,21.01,38,4,1,2173.0,140,8
1777487438,42,40.04,11.17,412.24,47.54,412.24,59.09,38,2,1,2173.0,140,8
1777487439,44,34.52,10.50,100.04,70.62,100.04,15.78,38,3,1,2173.4,140,8
1777487440,42,31.40,17.17,55.37,45.25,55.37,8.63,40,1,0,2174.0,140,8
1777487441,44,34.81,10.37,115.08,102.21,115.08,22.78,36,6,3,2174.0,140,8
1777487442,43,25.80,13.46,72.21,42.46,72.21,10.26,29,1,0,2174.0,140,8
1777487443,42,24.78,10.75,48.04,39.88,48.04,8.77,25,0,0,2174.1,140,8
1777487444,44,53.00,8.87,633.70,178.21,633.70,118.14,29,3,3,2175.0,140,8
1777487445,42,30.77,9.92,210.46,85.79,210.46,33.44,23,4,1,2175.0,140,8
1777487446,43,30.20,10.62,54.17,47.62,54.17,10.35,37,1,0,2175.0,140,8
1777487447,43,30.20,8.79,108.12,43.58,108.12,18.40,29,2,1,2175.0,140,8
1777487448,44,31.01,8.08,113.75,49.42,113.75,16.73,36,2,1,2175.8,140,8
1777487449,42,64.21,5.67,1670.68,56.37,1670.68,251.16,30,3,1,2176.0,140,8
1777487450,45,29.68,9.92,122.79,71.75,122.79,22.20,35,3,2,2176.0,140,8
1777487451,42,31.07,12.17,56.75,47.33,56.75,10.38,35,1,0,2176.0,140,8
1777487452,43,28.71,10.00,139.46,48.54,139.46,20.22,29,2,1,2176.5,140,8
1777487453,44,21.50,14.58,39.33,28.58,39.33,5.00,23,0,0,2177.0,140,8
1777487454,43,25.50,7.71,51.00,40.71,51.00,9.39,29,1,0,2177.0,140,8
1777487455,42,30.34,10.04,118.87,47.96,118.87,16.68,33,1,1,2177.0,140,8
1777487456,44,23.35,7.46,66.92,46.96,66.92,12.34,23,1,0,2177.2,140,8
1777487457,43,27.40,8.25,136.54,41.54,136.54,18.64,28,1,1,2178.0,140,8
1777487458,43,21.07,6.25,42.42,41.75,42.42,9.27,16,0,0,2178.0,140,8
1777487459,42,28.57,6.38,383.78,43.75,383.78,56.78,15,2,1,2178.0,140,8
1777487460,43,22.93,6.50,105.54,43.62,105.54,15.18,19,1,1,2178.0,140,8
1777487461,41,25.18,10.46,143.79,54.75,143.79,25.39,13,3,2,2178.9,140,8
1777487462,42,23.46,8.54,160.04,44.79,160.04,23.23,15,1,1,2179.0,140,8
1777487463,42,27.24,12.92,52.29,44.75,52.29,9.54,32,2,0,2179.0,140,8
1777487464,43,41.57,11.42,327.54,98.54,327.54,48.57,37,5,2,2179.0,140,8
1777487465,43,55.77,10.04,655.20,84.21,655.20,108.82,36,6,2,2179.6,140,8
1777487466,42,20.71,5.00,40.79,35.67,40.79,8.90,24,0,0,2180.0,140,8
1777487467,43,31.95,11.12,126.16,52.54,126.16,19.09,38,3,1,2180.0,140,8
1777487468,43,28.30,9.83,55.83,42.50,55.83,9.85,36,1,0,2180.0,140,8
1777487469,43,35.37,11.58,79.42,59.41,79.42,13.73,38,5,0,2180.3,140,8
1777487470,42,30.79,9.75,74.33,54.54,74.33,13.59,35,4,0,2181.0,140,8
1777487471,43,29.89,8.29,56.04,43.29,56.04,9.72,38,2,0,2181.0,140,8
1777487472,43,29.52,12.12,72.54,42.79,72.54,10.71,39,2,0,2181.0,140,8
1777487473,43,30.16,8.88,74.12,60.00,74.12,13.70,35,3,0,2181.0,140,8
1777487474,43,27.96,11.21,56.50,41.21,56.50,10.21,33,2,0,2182.0,140,8
1777487475,42,28.97,10.25,44.46,43.08,44.46,9.27,36,0,0,2182.0,140,8
1777487476,43,30.11,11.00,42.29,41.17,42.29,7.72,40,0,0,2182.0,140,8
1777487477,42,28.38,11.08,48.29,44.46,48.29,9.54,34,0,0,2182.0,140,8
1777487478,43,29.08,13.75,51.21,41.54,51.21,8.30,38,1,0,2182.7,140,8
1777487479,43,30.30,10.25,55.25,44.83,55.25,10.03,36,1,0,2183.0,140,8
1777487480,43,35.73,9.75,142.87,83.58,142.87,24.01,38,3,2,2183.0,140,8
1777487481,44,30.28,11.08,104.71,45.58,104.71,14.76,38,2,1,2183.0,140,8
1777487482,43,31.74,11.42,112.58,45.08,112.58,16.34,37,2,1,2183.4,140,8
1777487483,45,31.16,11.58,106.21,63.58,106.21,18.39,36,4,1,2184.0,140,8
1777487484,42,32.10,13.08,62.83,48.50,62.83,9.89,38,2,0,2184.0,140,8
1777487485,43,31.82,12.33,47.71,45.37,47.71,9.21,38,0,0,2184.0,140,8
1777487486,43,34.96,11.58,102.21,74.12,102.21,19.04,38,6,1,2184.1,140,8
1777487487,43,30.59,14.75,55.12,43.58,55.12,8.49,39,1,0,2185.0,140,8
1777487488,43,31.61,11.00,72.12,50.87,72.12,12.36,40,3,0,2185.0,140,8
1777487489,44,29.92,11.67,128.25,44.46,128.25,17.79,35,2,1,2185.0,140,8
1777487490,43,28.45,10.58,64.92,44.96,64.92,10.31,36,1,0,2185.0,140,8
1777487491,43,30.02,10.83,72.67,45.00,72.67,11.46,37,2,0,2185.9,140,8
1777487492,43,57.78,10.17,1079.60,71.12,1079.60,158.40,38,6,1,2186.0,140,8
1777487493,43,31.46,16.04,73.58,45.54,73.58,11.24,40,2,0,2186.0,140,8
1777487494,43,30.29,12.42,48.62,42.00,48.62,8.26,40,0,0,2186.0,140,8
1777487495,43,29.12,12.29,65.71,46.12,65.71,10.83,34,1,0,2186.5,140,8
1777487496,43,32.51,9.79,66.08,46.04,66.08,10.61,41,2,0,2187.0,140,8
1777487497,44,28.41,10.79,45.33,41.00,45.33,9.41,36,0,0,2187.0,140,8
1777487498,42,33.36,9.79,85.29,69.04,85.29,15.26,38,4,0,2187.0,140,8
1777487499,43,29.13,8.62,53.25,44.87,53.25,9.81,37,1,0,2187.3,140,8
1777487500,44,34.14,14.08,174.16,43.08,174.16,23.27,40,2,1,2188.0,140,8
1777487501,43,43.89,9.21,281.04,135.62,281.04,45.60,39,7,3,2188.0,140,8
1777487502,43,31.26,11.21,170.12,47.33,170.12,23.71,36,2,1,2188.0,140,8
1777487503,43,27.50,10.96,67.58,41.83,67.58,9.44,40,1,0,2188.0,140,8
1777487504,42,28.32,12.62,52.54,40.87,52.54,8.12,38,1,0,2189.0,140,8
1777487505,44,34.60,10.79,132.75,62.96,132.75,19.82,39,3,1,2189.0,140,8
1777487506,42,31.11,14.50,136.71,45.12,136.71,18.96,37,2,1,2189.0,140,8
1777487507,42,32.27,10.21,123.71,63.96,123.71,21.65,32,4,2,2189.0,140,8
1777487508,44,31.61,8.71,67.87,55.87,67.87,12.27,40,4,0,2189.7,140,8
1777487509,43,32.14,13.79,125.16,54.29,125.16,17.50,40,4,1,2190.0,140,8
1777487510,43,28.76,9.67,78.21,41.58,78.21,11.35,38,1,0,2190.0,140,8
1777487511,43,30.09,10.50,76.79,43.62,76.79,11.65,36,1,0,2190.0,140,8
1777487512,43,35.67,16.33,143.25,71.21,143.25,20.51,41,4,1,2190.4,140,8
1777487513,43,33.27,10.50,112.54,71.04,112.54,17.85,37,3,1,2191.0,140,8
1777487514,44,30.64,12.83,62.00,52.00,62.00,10.79,39,3,0,2191.0,140,8
1777487515,43,31.81,12.67,106.54,44.25,106.54,15.88,39,2,1,2191.0,140,8
1777487516,43,29.39,9.75,110.92,41.46,110.92,14.79,37,1,1,2191.1,140,8
1777487517,42,33.56,9.75,85.04,62.66,85.04,14.34,37,3,0,2192.0,140,8
1777487518,44,28.85,10.96,42.37,41.25,42.37,7.93,41,0,0,2192.0,140,8
1777487519,43,27.12,9.54,47.91,40.37,47.91,8.96,35,0,0,2192.0,140,8
1777487520,44,31.42,12.38,59.50,56.08,59.50,10.75,39,4,0,2192.0,140,8
1777487521,43,29.65,12.50,71.00,45.04,71.00,12.05,38,2,0,2192.8,140,8
1777487522,43,30.57,10.88,67.17,42.37,67.17,10.18,40,1,0,2193.0,140,8
1777487523,43,32.02,11.71,87.50,42.54,87.50,12.05,39,1,0,2193.0,140,8
1777487524,43,29.47,10.00,46.12,43.25,46.12,9.37,38,0,0,2193.0,140,8
1777487525,43,28.47,9.00,105.12,42.83,105.12,14.57,35,1,1,2193.5,140,8
1777487526,44,31.38,15.12,149.25,42.21,149.25,19.85,36,1,1,2194.0,140,8
1777487527,42,35.59,12.58,110.83,56.79,110.83,19.37,40,5,2,2194.0,140,8
1777487528,43,34.95,11.21,113.00,73.37,113.00,19.70,37,5,1,2194.0,140,8
1777487529,43,30.98,8.08,112.92,52.00,112.92,18.51,33,3,1,2194.2,140,8
1777487530,44,31.32,9.00,75.62,61.12,75.62,13.08,40,3,0,2195.0,140,8
1777487531,43,28.99,10.12,78.71,51.50,78.71,12.93,32,3,0,2195.0,140,8
1777487532,43,28.90,11.46,58.37,42.37,58.37,9.53,37,1,0,2195.0,140,8
1777487533,43,31.26,10.96,71.75,67.54,71.75,13.01,38,3,0,2195.0,140,8
1777487534,43,27.70,10.75,55.87,40.54,55.87,8.23,38,1,0,2195.9,140,8
1777487535,43,34.25,9.88,122.75,79.46,122.75,21.33,37,3,2,2196.0,140,8
1777487536,42,30.03,15.83,76.67,45.25,76.67,10.93,37,1,0,2196.0,140,8
1777487537,43,28.29,10.75,75.83,43.12,75.83,11.07,37,1,0,2196.0,140,8
1777487538,43,29.32,9.25,44.21,41.37,44.21,8.64,38,0,0,2196.6,140,8
1777487539,43,32.11,12.83,122.91,45.79,122.91,17.04,39,2,1,2197.0,140,8
1777487540,43,33.14,10.79,85.96,61.04,85.96,14.25,40,4,0,2197.0,140,8
1777487541,44,31.84,8.75,68.37,59.87,68.37,12.55,36,3,0,2197.0,140,8
1777487542,43,27.81,8.62,46.17,41.67,46.17,9.86,34,0,0,2197.3,140,8
1777487543,42,29.17,13.54,80.58,48.08,80.58,11.67,37,2,0,2198.0,140,8
1777487544,42,28.30,9.67,61.17,42.92,61.17,10.68,34,1,0,2198.0,140,8
1777487545,43,35.04,11.58,180.12,59.42,180.12,26.92,36,4,2,2198.0,140,8
1777487546,43,28.93,11.71,49.46,48.04,49.46,10.10,35,0,0,2198.0,140,8
1777487547,43,31.18,10.46,103.75,50.12,103.75,16.02,37,3,1,2199.0,140,8
1777487548,42,30.01,12.33,48.37,41.42,48.37,7.74,39,0,0,2199.0,140,8
1777487549,43,29.69,9.17,104.29,43.29,104.29,17.97,37,2,1,2199.0,140,8
1777487550,44,29.21,10.17,114.92,39.87,114.92,15.82,37,1,1,2199.0,140,8
1777487551,43,32.97,8.54,149.58,45.96,149.58,24.14,36,2,2,2199.7,140,8
1777487552,42,33.68,8.21,125.71,62.33,125.71,18.83,36,4,1,2200.0,140,8
1777487553,43,27.02,8.67,44.58,40.87,44.58,9.68,32,0,0,2200.0,140,8
1777487554,43,33.84,13.54,187.20,49.71,187.20,25.68,38,2,1,2200.0,140,8
1777487555,43,30.08,9.08,79.83,49.29,79.83,13.94,35,2,0,2200.4,140,8
1777487556,43,31.56,8.71,95.37,49.29,95.37,15.70,38,2,0,2201.0,140,8
1777487557,42,31.75,9.62,69.17,67.96,69.17,13.86,37,3,0,2201.0,140,8
1777487558,44,28.94,11.12,110.33,40.88,110.33,14.98,37,2,1,2201.0,140,8
1777487559,42,32.39,11.58,109.29,58.96,109.29,17.03,35,4,1,2201.1,140,8
1777487560,43,32.90,9.17,79.37,61.46,79.37,13.58,40,3,0,2202.0,140,8
1777487561,43,28.20,11.50,87.54,41.58,87.54,12.73,34,2,0,2202.0,140,8
1777487562,43,30.98,11.46,87.87,46.46,87.87,12.45,39,2,0,2202.0,140,8
1777487563,42,29.13,14.00,73.46,40.50,73.46,10.17,35,1,0,2202.0,140,8
1777487564,44,28.47,8.58,44.87,40.08,44.87,8.05,37,0,0,2202.8,140,8
1777487565,43,30.12,8.21,70.21,47.50,70.21,12.52,35,2,0,2203.0,140,8
1777487566,43,28.50,10.42,47.25,39.42,47.25,8.14,38,0,0,2203.0,140,8
1777487567,43,30.22,11.83,70.17,47.87,70.17,11.86,38,2,0,2203.0,140,8
1777487568,42,29.18,11.12,70.17,45.54,70.17,10.01,37,1,0,2203.5,140,8
1777487569,44,29.97,3.25,105.41,47.87,105.41,19.25,33,2,1,2204.0,140,8
1777487570,43,17.27,3.12,47.42,29.08,47.42,9.95,23,0,0,2204.0,140,8
1777487571,44,28.58,11.71,74.21,44.33,74.21,13.57,32,2,0,2204.0,140,8
1777487572,41,29.84,15.00,67.42,40.79,67.42,9.60,37,1,0,2204.2,140,8
1777487573,43,31.21,10.96,88.79,46.29,88.79,15.49,36,2,0,2205.0,140,8
1777487574,42,28.26,10.96,50.58,40.33,50.58,9.00,36,1,0,2205.0,140,8
1777487575,44,33.08,11.46,95.58,69.04,95.58,15.88,40,3,0,2205.0,140,8
1777487576,43,27.90,9.92,54.83,45.38,54.83,9.79,36,1,0,2205.0,140,8
1777487577,44,31.65,12.62,65.62,57.58,65.62,11.59,39,4,0,2205.9,140,8
1777487578,44,29.88,8.50,64.67,42.04,64.67,9.89,39,1,0,2206.0,140,8
1777487579,43,30.75,14.37,86.17,50.25,86.17,14.37,37,3,0,2206.0,140,8
1777487580,44,32.98,10.58,95.33,67.17,95.33,15.71,37,3,0,2206.0,140,8
1777487581,42,29.37,11.25,45.91,44.25,45.91,9.19,35,0,0,2206.6,140,8
1777487582,43,30.93,9.50,140.12,41.96,140.12,19.65,37,2,1,2207.0,140,8
1777487583,43,30.19,11.54,73.58,44.67,73.58,11.40,36,1,0,2207.0,140,8
1777487584,43,32.07,14.92,56.58,48.75,56.58,10.28,39,2,0,2207.0,140,8
1777487585,43,28.14,10.29,44.75,40.50,44.75,9.00,36,0,0,2207.3,140,8
1777487586,44,33.00,10.92,158.04,43.33,158.04,21.00,41,2,1,2208.0,140,8
1777487587,43,29.28,9.42,54.83,41.08,54.83,9.92,38,2,0,2208.0,140,8
1777487588,42,32.36,11.00,77.08,53.87,77.08,12.75,36,3,0,2208.0,140,8
1777487589,43,27.87,9.67,48.33,40.62,48.33,8.93,37,0,0,2208.1,140,8
1777487590,43,29.63,7.79,70.79,45.96,70.79,11.76,36,2,0,2209.0,140,8
1777487591,44,26.57,9.08,64.33,42.58,64.33,11.66,32,1,0,2209.0,140,8
1777487592,43,28.29,11.88,48.58,41.17,48.58,9.12,38,0,0,2209.0,140,8
1777487593,44,25.06,8.71,40.46,37.04,40.46,7.80,34,0,0,2209.0,140,8
1777487594,43,30.26,9.83,55.92,42.75,55.92,9.89,38,1,0,2209.8,140,8
1777487595,43,31.20,12.29,68.46,43.33,68.46,10.10,39,1,0,2210.0,140,8
1777487596,43,29.22,10.58,45.21,39.62,45.21,8.63,37,0,0,2210.0,140,8
1777487597,45,29.11,9.67,69.25,45.79,69.25,11.64,37,2,0,2210.0,140,8
1777487598,43,30.99,12.29,106.33,63.50,106.33,16.19,36,4,1,2210.5,140,8
1777487599,43,30.33,14.00,90.42,52.37,90.42,13.28,37,3,0,2211.0,140,8
1777487600,43,29.79,11.29,72.79,49.92,72.79,11.67,36,2,0,2211.0,140,8
1777487601,43,29.40,15.92,63.83,46.83,63.83,10.12,36,1,0,2211.0,140,8
1777487602,43,33.35,10.04,144.21,72.04,144.21,23.61,37,3,2,2211.2,140,8
1777487603,44,31.31,9.54,95.21,45.50,95.21,13.68,41,2,0,2212.0,140,8
1777487604,43,26.95,12.25,45.29,40.67,45.29,7.88,37,0,0,2212.0,140,8
1777487605,43,29.85,9.04,67.04,47.75,67.04,11.38,36,2,0,2212.0,140,8
1777487606,42,30.49,11.12,69.87,40.71,69.87,9.95,38,1,0,2212.0,140,8
1777487607,44,29.69,9.21,60.33,50.42,60.33,11.39,36,3,0,2212.9,140,8
1777487608,43,29.51,15.38,56.12,41.66,56.12,9.10,37,1,0,2213.0,140,8
1777487609,43,32.24,9.54,134.29,62.37,134.29,20.53,37,4,1,2213.0,140,8
1777487610,43,28.61,11.08,44.00,42.71,44.00,7.90,39,0,0,2213.0,140,8
1777487611,43,30.54,9.25,65.46,52.67,65.46,11.67,37,3,0,2213.6,140,8
1777487612,43,37.95,13.33,328.87,63.96,328.87,46.43,38,4,1,2214.0,140,8
1777487613,43,31.34,12.25,68.87,48.04,68.87,11.00,39,2,0,2214.0,140,8
1777487614,43,29.71,10.46,94.17,44.54,94.17,12.61,39,1,0,2214.0,140,8
1777487615,42,34.65,14.25,111.83,72.62,111.83,17.91,39,4,1,2214.3,140,8
1777487616,43,28.74,10.79,50.29,43.46,50.29,9.67,36,1,0,2215.0,140,8
1777487617,43,31.79,9.50,92.29,60.08,92.29,16.10,35,4,0,2215.0,140,8
1777487618,43,30.56,10.29,71.87,60.00,71.87,12.86,36,3,0,2215.0,140,8
1777487619,43,29.29,9.54,83.67,51.92,83.67,13.36,36,3,0,2215.0,140,8
1777487620,42,30.58,11.71,77.37,43.08,77.37,11.43,36,1,0,2216.0,140,8
1777487621,43,29.43,10.88,73.83,58.96,73.83,14.67,30,4,0,2216.0,140,8
1777487622,43,29.46,13.38,71.54,45.08,71.54,11.16,38,2,0,2216.0,140,8
1777487623,42,27.07,12.04,66.87,41.17,66.87,9.86,33,1,0,2216.0,140,8
1777487624,43,27.94,10.54,44.00,41.00,44.00,8.45,38,0,0,2216.7,140,8
1777487625,42,29.51,19.04,40.91,40.00,40.91,7.40,39,0,0,2217.0,140,8
1777487626,43,29.53,9.04,67.75,45.67,67.75,11.68,37,2,0,2217.0,140,8
1777487627,43,30.02,10.54,41.25,40.33,41.25,8.85,37,0,0,2217.0,140,8
1777487628,42,30.17,13.42,102.46,41.88,102.46,14.34,35,2,1,2217.4,140,8
1777487629,43,32.77,11.50,98.62,64.87,98.62,15.45,38,4,0,2218.0,140,8
1777487630,43,30.65,10.83,78.37,49.00,78.37,12.53,36,2,0,2218.0,140,8
1777487631,43,29.21,11.38,44.83,43.66,44.83,8.49,37,0,0,2218.0,140,8
1777487632,42,31.27,11.04,71.79,46.87,71.79,10.38,39,2,0,2218.1,140,8
1777487633,43,27.74,8.96,69.33,40.67,69.33,10.85,34,1,0,2219.0,140,8
1777487634,42,31.27,9.04,98.62,48.37,98.62,14.91,36,1,0,2219.0,140,8
1777487635,43,28.69,11.04,65.17,42.71,65.17,9.73,39,1,0,2219.0,140,8
1777487636,43,31.83,10.25,107.71,54.08,107.71,16.90,37,5,1,2219.0,140,8
1777487637,43,30.13,12.08,77.29,54.75,77.29,13.76,37,3,0,2219.8,140,8
1777487638,43,32.80,9.17,171.91,42.50,171.91,23.20,38,1,1,2220.0,140,8
1777487639,44,27.92,10.04,91.92,41.08,91.92,13.11,36,1,0,2220.0,140,8
1777487640,42,27.76,8.25,102.54,45.33,102.54,14.47,34,1,1,2220.0,140,8
1777487641,43,29.01,11.92,67.62,40.58,67.62,10.28,34,1,0,2220.5,140,8
1777487642,42,29.05,9.50,44.75,40.87,44.75,8.09,38,0,0,2221.0,140,8
1777487643,44,29.84,10.08,123.71,43.12,123.71,17.06,37,2,1,2221.0,140,8
1777487644,43,29.61,15.25,82.92,46.00,82.92,11.46,38,2,0,2221.0,140,8
1777487645,42,30.84,10.50,188.70,42.33,188.70,26.13,36,1,1,2221.2,140,8
1777487646,42,29.18,14.83,70.04,39.87,70.04,9.34,40,1,0,2222.0,140,8
1777487647,43,31.14,11.42,124.91,43.37,124.91,17.26,35,2,1,2222.0,140,8
1777487648,42,29.63,10.29,70.50,51.04,70.50,11.84,35,3,0,2222.0,140,8
1777487649,44,30.06,9.96,72.50,52.12,72.50,11.79,37,3,0,2222.0,140,8
1777487650,43,32.35,8.79,126.00,57.62,126.00,18.95,35,4,1,2222.9,140,8
1777487651,44,35.83,10.87,157.54,114.08,157.54,29.49,35,3,3,2223.0,140,8
1777487652,42,32.65,12.46,128.79,67.04,128.79,19.56,38,3,1,2223.0,140,8
1777487653,42,30.66,14.46,74.42,41.67,74.42,11.65,38,2,0,2223.0,140,8
1777487654,45,28.70,10.29,66.37,42.33,66.37,11.43,36,2,0,2223.6,140,8
1777487655,42,28.94,13.71,43.96,41.37,43.96,8.38,36,0,0,2224.0,140,8
1777487656,42,28.93,13.12,83.42,39.08,83.42,13.05,35,2,0,2224.0,140,8
1777487657,43,28.69,9.87,111.96,39.71,111.96,15.03,37,1,1,2224.0,140,8
1777487658,43,29.84,9.00,56.54,46.92,56.54,10.71,38,2,0,2224.3,140,8
1777487659,43,32.60,13.00,68.50,47.29,68.50,11.09,39,2,0,2225.0,140,8
1777487660,44,28.46,8.17,69.29,41.50,69.29,9.46,39,1,0,2225.0,140,8
1777487661,42,32.71,10.50,131.54,65.42,131.54,19.99,34,3,1,2225.0,140,8
1777487662,44,34.70,9.08,160.41,59.54,160.41,25.72,39,3,2,2225.0,140,8
1777487663,44,28.53,11.75,110.54,44.50,110.54,15.35,33,1,1,2226.0,140,8
1777487664,43,29.53,8.79,45.96,42.88,45.96,9.09,36,0,0,2226.0,140,8
1777487665,43,27.01,12.50,55.29,38.12,55.29,8.17,37,1,0,2226.0,140,8
1777487666,43,28.33,8.33,54.08,41.46,54.08,10.03,34,1,0,2226.0,140,8
1777487667,43,29.15,13.00,43.83,42.87,43.83,8.32,39,0,0,2226.7,140,8
1777487668,43,31.10,10.29,98.87,44.25,98.87,13.21,39,1,0,2227.0,140,8
1777487669,43,31.94,11.88,91.71,48.87,91.71,14.70,38,2,0,2227.0,140,8
1777487670,43,32.20,13.67,76.33,47.58,76.33,10.90,40,2,0,2227.0,140,8
1777487671,43,31.13,10.12,65.75,42.17,65.75,9.81,38,1,0,2227.5,140,8
1777487672,42,29.76,10.21,46.62,43.96,46.62,9.04,37,0,0,2228.0,140,8
1777487673,44,31.57,9.25,112.12,47.96,112.12,15.71,39,1,1,2228.0,140,8
1777487674,44,31.54,12.46,74.71,61.91,74.71,13.53,37,4,0,2228.0,140,8
1777487675,43,31.90,13.04,78.33,61.58,78.33,13.50,36,3,0,2228.2,140,8
1777487676,42,31.95,11.46,93.37,47.25,93.37,14.08,33,2,0,2229.0,140,8
1777487677,42,31.41,12.75,99.83,43.67,99.83,13.76,37,1,0,2229.0,140,8
1777487678,43,30.38,9.25,58.75,44.62,58.75,10.49,38,2,0,2229.0,140,8
1777487679,43,31.64,15.88,70.08,52.12,70.08,10.82,39,3,0,2229.0,140,8
1777487680,43,28.45,9.71,78.12,41.83,78.12,11.02,39,1,0,2229.9,140,8
1777487681,43,28.91,8.62,102.62,45.04,102.62,14.99,35,2,1,2230.0,140,8
1777487682,43,30.86,8.96,62.37,39.79,62.37,9.42,39,1,0,2230.0,140,8
1777487683,43,28.45,7.96,75.75,47.12,75.75,12.29,34,1,0,2230.0,140,8
1777487684,43,30.33,12.71,72.17,43.46,72.17,10.09,38,1,0,2230.6,140,8
1777487685,42,29.14,10.62,67.42,44.00,67.42,10.78,35,1,0,2231.0,140,8
1777487686,43,31.26,10.71,73.75,48.29,73.75,11.48,40,2,0,2231.0,140,8
1777487687,44,31.24,10.62,100.25,64.04,100.25,15.46,40,3,1,2231.0,140,8
1777487688,42,29.32,8.75,43.58,40.50,43.58,8.34,38,0,0,2231.3,140,8
1777487689,43,32.92,10.87,114.00,76.54,114.00,19.19,37,4,1,2232.0,140,8
1777487690,42,33.99,9.17,189.54,43.75,189.54,25.76,38,1,1,2232.0,140,8
1777487691,44,28.16,10.00,63.29,42.42,63.29,11.08,33,2,0,2232.0,140,8
1777487692,43,30.76,9.71,76.21,48.21,76.21,13.05,36,2,0,2232.0,140,8
1777487693,43,31.05,10.83,91.33,46.83,91.33,14.29,36,2,0,2233.0,140,8
1777487694,43,34.91,17.25,113.33,65.50,113.33,17.88,38,6,1,2233.0,140,8
1777487695,43,50.24,10.12,403.95,96.50,403.95,73.77,36,7,2,2233.0,140,8
1777487696,44,32.27,12.88,133.21,103.71,133.21,25.62,30,4,3,2233.0,140,8
1777487697,44,25.15,9.17,49.83,43.79,49.83,9.40,32,0,0,2233.7,140,8
1777487698,44,23.31,8.83,36.29,32.83,36.29,6.07,29,0,0,2234.0,140,8
1777487699,42,29.43,9.79,100.37,47.00,100.37,14.65,32,2,1,2234.0,140,8
1777487700,43,24.23,9.62,100.50,36.42,100.50,13.99,27,2,1,2234.0,140,8
1777487701,44,30.41,13.33,137.37,56.54,137.37,21.25,31,3,1,2234.4,140,8
1777487702,43,23.86,8.75,68.46,38.50,68.46,10.48,28,1,0,2235.0,140,8
1777487703,43,32.78,10.62,278.20,67.50,278.20,42.47,32,3,2,2235.0,140,8
1777487704,42,29.69,9.04,71.96,52.04,71.96,12.34,34,3,0,2235.0,140,8
1777487705,43,26.87,9.50,55.91,47.75,55.91,10.62,33,2,0,2235.1,140,8
1777487706,42,27.82,8.46,106.50,41.92,106.50,18.28,33,2,2,2236.0,140,8
1777487707,44,24.71,13.46,38.88,35.29,38.88,6.35,32,0,0,2236.0,140,8
1777487708,43,26.18,7.79,150.16,41.83,150.16,20.71,30,1,1,2236.0,140,8
1777487709,42,24.69,10.29,56.17,42.75,56.17,10.25,25,1,0,2236.0,140,8
1777487710,43,23.23,10.04,46.46,35.67,46.46,7.07,25,0,0,2236.8,140,8
1777487711,44,16.09,6.67,32.04,27.29,32.04,5.47,7,0,0,2237.0,140,8
1777487712,42,16.94,7.46,33.62,28.67,33.62,6.72,11,0,0,2237.0,140,8
1777487713,42,15.04,5.88,65.71,33.75,65.71,11.46,7,1,0,2237.0,140,8
1777487714,43,20.59,7.17,61.33,34.83,61.33,9.22,17,1,0,2237.5,140,8
1777487715,43,24.06,10.00,113.71,47.42,113.71,19.83,16,2,2,2238.0,140,8
1777487716,42,22.19,12.62,81.79,36.92,81.79,11.29,19,1,0,2238.0,140,8
1777487717,43,26.90,8.12,114.75,50.08,114.75,19.46,23,3,1,2238.0,140,8
1777487718,43,23.49,8.67,38.62,38.00,38.62,8.04,28,0,0,2238.2,140,8
1777487719,43,28.00,9.54,62.42,48.04,62.42,11.60,31,2,0,2239.0,140,8
1777487720,43,27.50,8.04,91.21,53.46,91.21,13.98,30,3,0,2239.0,140,8
1777487721,43,35.42,8.67,248.83,103.58,248.83,41.95,24,4,3,2239.0,140,8
1777487722,43,24.21,9.88,117.54,43.66,117.54,17.24,23,2,1,2239.0,140,8
1777487723,43,24.86,10.88,136.96,69.29,136.96,22.12,19,3,1,2239.9,140,8
1777487724,44,24.85,10.54,99.71,36.08,99.71,13.39,26,1,0,2240.0,140,8
1777487725,44,26.12,8.17,65.50,37.83,65.50,9.89,36,2,0,2240.0,140,8
1777487726,42,27.03,15.50,69.04,39.54,69.04,9.63,29,1,0,2240.0,140,8
1777487727,42,24.25,11.08,94.54,72.50,94.54,18.03,17,4,0,2240.6,140,8
1777487728,43,44.69,11.21,336.16,158.37,336.16,53.77,38,7,3,2241.0,140,8
1777487729,43,39.42,7.08,412.82,70.42,412.82,59.46,33,6,1,2241.0,140,8
1777487730,45,34.78,10.04,156.08,67.00,156.08,23.33,38,4,1,2241.0,140,8
1777487731,42,32.48,17.67,78.62,48.46,78.62,10.75,38,2,0,2241.3,140,8
1777487732,43,38.60,17.04,125.62,75.21,125.62,18.59,41,5,1,2242.0,140,8
1777487733,42,35.96,18.50,167.87,48.50,167.87,22.48,39,2,1,2242.0,140,8
1777487734,43,32.83,20.33,50.21,48.08,50.21,7.99,43,1,0,2242.0,140,8
1777487735,43,34.59,15.33,99.42,52.00,99.42,14.40,38,3,0,2242.0,140,8
1777487736,42,41.68,15.46,130.62,83.96,130.62,20.79,40,9,1,2243.0,140,8
1777487737,42,40.12,20.04,129.21,73.67,129.21,22.54,42,6,2,2243.0,140,8
1777487738,42,40.29,18.12,96.17,74.54,96.17,17.27,38,7,0,2243.0,140,8
1777487739,44,34.63,13.71,92.62,60.00,92.62,15.19,40,4,0,2243.0,140,8
1777487740,43,37.32,10.71,163.66,72.08,163.66,26.03,39,3,2,2243.7,140,8
1777487741,42,32.66,12.54,61.04,49.96,61.04,11.07,34,2,0,2244.0,140,8
1777487742,44,36.15,13.21,86.17,75.67,86.17,15.62,38,6,0,2244.0,140,8
1777487743,43,39.89,10.17,184.46,75.00,184.46,27.27,37,5,2,2244.0,140,8
1777487744,42,32.96,19.21,49.46,47.12,49.46,8.62,40,0,0,2244.4,140,8
1777487744,5,21.78,8.50,42.79,42.79,42.79,12.54,2,0,0,2245.0,140,8
1777493106,45,41.08,5.38,273.20,165.25,273.20,52.40,31,9,3,2269.0,140,9
1777493107,46,67.22,6.33,641.95,134.96,641.95,94.59,39,17,10,2269.8,140,9
1777493108,44,48.21,10.75,659.32,195.91,659.32,103.71,31,5,3,2270.0,140,9
1777493109,44,24.53,6.62,58.12,45.87,58.12,11.75,29,2,0,2270.0,140,9
1777493110,43,29.18,10.92,107.21,75.33,107.21,18.75,34,4,1,2270.0,140,9
1777493111,43,29.80,13.71,80.62,42.58,80.62,11.10,40,2,0,2270.5,140,9
1777493112,44,34.67,10.21,246.75,57.87,246.75,35.23,37,3,1,2271.0,140,9
1777493113,44,32.08,11.58,153.91,63.71,153.91,21.70,40,3,1,2271.0,140,9
1777493114,42,32.30,9.33,54.54,47.54,54.54,9.90,37,1,0,2271.0,140,9
1777493115,42,38.15,10.00,139.50,47.92,139.50,23.62,39,2,2,2271.2,140,9
1777493116,44,37.11,19.25,117.71,91.83,117.71,20.25,42,4,2,2272.0,140,9
1777493117,43,34.04,16.54,59.04,51.33,59.04,9.26,40,4,0,2272.0,140,9
1777493118,42,41.85,14.42,176.12,69.87,176.12,32.23,39,6,2,2272.0,140,9
1777493119,44,35.86,14.46,142.25,66.00,142.25,20.95,38,6,1,2272.0,140,9
1777493120,42,49.67,18.42,346.33,116.12,346.33,54.04,40,9,3,2272.9,140,9
1777493121,42,38.44,19.46,77.87,52.91,77.87,11.53,41,9,0,2273.0,140,9
1777493122,43,32.05,13.88,58.83,47.00,58.83,10.30,38,2,0,2273.0,140,9
1777493123,42,39.09,17.29,196.50,53.04,196.50,26.22,39,3,1,2273.0,140,9
1777493124,43,34.39,16.25,60.96,48.12,60.96,9.53,40,1,0,2273.6,140,9
1777493125,43,42.11,8.75,307.24,70.21,307.24,45.08,35,5,2,2274.0,140,9
1777493126,44,33.23,14.96,88.71,56.37,88.71,13.15,41,5,0,2274.0,140,9
1777493127,42,37.60,17.33,103.21,54.33,103.21,14.03,39,6,1,2274.0,140,9
1777493128,44,35.99,11.96,107.87,73.46,107.87,17.07,38,4,1,2274.3,140,9
1777493129,43,34.76,10.04,66.79,52.71,66.79,12.42,38,5,0,2275.0,140,9
1777493130,44,35.78,13.25,88.42,55.50,88.42,14.50,37,4,0,2275.0,140,9
1777493131,42,34.31,15.88,47.12,46.67,47.12,7.57,41,0,0,2275.0,140,9
1777493132,43,40.83,19.25,100.92,60.00,100.92,15.55,40,7,1,2275.0,140,9
1777493133,43,35.01,15.62,90.29,57.12,90.29,13.24,37,4,0,2276.0,140,9
1777493134,43,31.03,14.33,71.58,48.87,71.58,11.40,35,2,0,2276.0,140,9
1777493135,42,38.02,13.79,129.29,69.08,129.29,20.04,38,3,1,2276.0,140,9
1777493136,42,36.73,13.92,116.21,68.08,116.21,17.13,39,3,1,2276.0,140,9
1777493137,43,37.26,17.62,117.04,61.33,117.04,19.64,40,5,2,2276.7,140,9
1777493138,42,34.04,14.29,81.67,50.87,81.67,11.85,38,3,0,2277.0,140,9
1777493139,42,45.67,10.67,266.62,65.08,266.62,38.53,40,7,2,2277.0,140,9
1777493140,46,55.99,8.17,275.41,177.29,275.41,59.62,31,13,9,2277.0,140,9
1777493141,45,33.27,13.04,168.46,105.54,168.46,28.02,34,3,3,2277.4,140,9
1777493142,44,26.76,9.87,115.00,51.50,115.00,17.46,28,3,1,2278.0,140,9
1777493143,43,35.55,11.58,125.50,99.37,125.50,23.12,32,5,2,2278.0,140,9
1777493144,43,27.68,11.62,56.96,44.29,56.96,8.93,37,1,0,2278.0,140,9
1777493145,44,25.93,9.96,117.87,36.04,117.87,17.54,32,2,1,2278.1,140,9
1777493146,42,29.19,11.38,112.50,64.83,112.50,19.59,29,6,1,2279.0,140,9
1777493147,43,24.09,9.29,44.79,42.79,44.79,8.62,27,0,0,2279.0,140,9
1777493148,44,26.94,11.50,56.79,45.71,56.79,8.80,39,2,0,2279.0,140,9
1777493149,42,24.37,13.87,47.37,43.96,47.37,8.59,32,0,0,2279.0,140,9
1777493150,44,34.29,10.33,206.29,76.12,206.29,32.39,35,6,2,2279.8,140,9
1777493151,43,22.46,12.79,55.41,41.37,55.41,8.63,21,1,0,2280.0,140,9
1777493152,43,23.98,9.54,50.92,37.08,50.92,8.10,27,1,0,2280.0,140,9
1777493153,43,25.08,10.96,70.62,39.58,70.62,12.01,27,2,0,2280.0,140,9
1777493154,41,27.31,9.79,101.54,56.92,101.54,16.49,24,3,1,2280.5,140,9
1777493155,43,26.61,11.00,49.79,45.71,49.79,9.58,29,0,0,2281.0,140,9
1777493156,43,27.10,9.96,136.29,44.42,136.29,19.27,25,2,1,2281.0,140,9
1777493157,42,24.28,13.17,48.12,41.33,48.12,7.11,29,0,0,2281.0,140,9
1777493158,44,33.56,11.46,194.50,73.92,194.50,28.67,36,6,1,2281.2,140,9
1777493159,43,27.49,10.25,121.46,58.00,121.46,19.49,27,3,1,2282.0,140,9
1777493160,43,23.04,6.83,111.71,38.04,111.71,15.41,27,1,1,2282.0,140,9
1777493161,44,24.32,6.87,40.21,37.17,40.21,7.01,33,0,0,2282.0,140,9
1777493162,43,37.63,11.71,445.41,59.17,445.41,64.00,36,3,1,2282.0,140,9
1777493163,42,56.34,11.92,1235.52,81.50,1235.52,184.67,36,3,1,2283.0,140,9
1777493164,43,24.96,8.83,68.71,41.71,68.71,11.34,27,2,0,2283.0,140,9
1777493165,43,27.67,10.83,86.50,43.21,86.50,13.25,33,2,0,2283.0,140,9
1777493166,42,30.39,17.00,106.71,66.33,106.71,17.35,38,3,1,2283.0,140,9
1777493167,44,30.27,11.17,243.50,35.71,243.50,35.80,31,2,2,2283.7,140,9
1777493168,42,27.37,8.88,79.08,51.21,79.08,12.13,37,3,0,2284.0,140,9
1777493169,43,39.96,9.54,482.53,71.12,482.53,69.45,37,4,1,2284.0,140,9
1777493170,43,36.33,9.29,194.16,57.21,194.16,32.41,40,4,2,2284.0,140,9
1777493171,43,27.96,10.33,58.75,42.79,58.75,9.81,31,1,0,2284.4,140,9
1777493172,43,29.92,10.46,59.37,46.75,59.37,11.55,34,2,0,2285.0,140,9
1777493173,43,37.64,8.96,103.83,65.33,103.83,17.02,39,7,1,2285.0,140,9
1777493174,43,32.86,15.83,102.66,72.83,102.66,17.52,37,5,1,2285.0,140,9
1777493175,44,34.55,8.08,338.45,43.58,338.45,47.31,35,2,1,2285.1,140,9
1777493176,42,31.07,8.71,94.00,57.21,94.00,16.25,32,6,0,2286.0,140,9
1777493177,43,27.46,8.38,62.42,42.17,62.42,9.78,37,1,0,2286.0,140,9
1777493178,43,29.16,13.46,52.29,46.58,52.29,9.17,37,1,0,2286.0,140,9
1777493179,43,27.89,11.25,67.83,40.87,67.83,10.29,35,2,0,2286.0,140,9
1777493180,43,28.04,9.21,47.04,44.67,47.04,9.47,34,0,0,2286.8,140,9
1777493181,43,31.92,10.75,81.29,47.04,81.29,11.23,39,1,0,2287.0,140,9
1777493182,41,33.09,17.67,81.54,56.62,81.54,13.88,39,6,0,2287.0,140,9
1777493183,41,112.32,18.04,3411.85,47.83,3411.85,521.77,35,2,1,2287.0,140,9
1777493184,42,30.02,10.54,145.33,47.50,145.33,19.85,32,1,1,2287.5,140,9
1777493185,44,34.61,14.04,129.71,71.75,129.71,19.33,38,4,1,2288.0,140,9
1777493186,43,35.30,9.38,141.87,51.29,141.87,18.96,38,3,1,2288.0,140,9
1777493187,43,34.94,13.71,128.00,68.17,128.00,20.33,40,4,2,2288.0,140,9
1777493188,43,34.24,15.12,91.12,62.41,91.12,14.22,39,5,0,2288.2,140,9
1777493189,42,32.76,10.54,108.17,87.75,108.17,20.14,35,3,2,2289.0,140,9
1777493190,42,36.14,14.21,237.16,51.33,237.16,33.16,34,3,1,2289.0,140,9
1777493191,43,28.13,9.21,73.29,44.92,73.29,11.31,32,2,0,2289.0,140,9
1777493192,42,31.48,9.46,100.92,51.37,100.92,16.18,31,3,1,2289.0,140,9
1777493193,44,34.44,13.71,115.62,63.12,115.62,19.81,38,4,2,2289.9,140,9
1777493194,42,25.81,7.87,55.21,38.54,55.21,9.35,30,1,0,2290.0,140,9
1777493195,43,32.07,13.67,74.75,59.58,74.75,12.77,38,4,0,2290.0,140,9
1777493196,43,33.29,11.88,127.58,71.79,127.58,20.56,35,4,1,2290.0,140,9
1777493197,43,26.21,10.54,47.42,38.46,47.42,7.63,35,0,0,2290.6,140,9
1777493198,42,27.77,13.96,52.33,41.87,52.33,8.06,34,1,0,2291.0,140,9
1777493199,43,29.31,11.54,96.83,49.71,96.83,14.34,36,2,0,2291.0,140,9
1777493200,43,30.34,13.54,78.79,49.75,78.79,12.60,36,2,0,2291.0,140,9
1777493201,43,28.27,9.67,51.96,46.29,51.96,9.78,33,1,0,2291.3,140,9
1777493202,42,41.06,14.04,246.04,82.71,246.04,39.06,33,6,2,2292.0,140,9
1777493203,43,33.51,15.33,71.75,47.46,71.75,10.86,39,2,0,2292.0,140,9
1777493204,42,34.14,14.12,105.79,91.92,105.79,20.34,37,4,1,2292.0,140,9
1777493205,43,36.50,12.33,343.95,52.50,343.95,48.51,37,3,1,2292.0,140,9
1777493206,42,40.92,12.62,332.37,60.04,332.37,52.99,35,3,2,2293.0,140,9
1777493207,43,26.84,12.88,52.37,36.04,52.37,6.84,37,1,0,2293.0,140,9
1777493208,43,32.60,12.83,91.87,60.25,91.87,13.93,39,3,0,2293.0,140,9
1777493209,42,30.51,11.25,64.37,62.87,64.37,12.26,36,3,0,2293.0,140,9
1777493210,43,35.95,13.04,126.54,61.75,126.54,21.14,40,5,2,2293.7,140,9
1777493211,42,32.31,12.46,170.75,47.17,170.75,23.75,36,2,1,2294.0,140,9
1777493212,44,31.40,11.67,91.96,54.12,91.96,14.64,37,4,0,2294.0,140,9
1777493213,43,34.37,7.25,138.83,80.46,138.83,22.28,36,3,1,2294.0,140,9
1777493214,44,28.12,9.92,62.58,48.00,62.58,10.43,38,2,0,2294.4,140,9
1777493215,42,30.07,10.29,66.92,47.04,66.92,10.50,36,2,0,2295.0,140,9
1777493216,43,26.05,8.62,51.46,47.17,51.46,9.37,30,2,0,2295.0,140,9
1777493217,44,26.56,11.75,45.54,37.58,45.54,7.44,36,0,0,2295.0,140,9
1777493218,43,30.22,8.96,93.58,40.83,93.58,12.30,36,1,0,2295.1,140,9
1777493219,43,29.00,9.08,90.46,43.25,90.46,12.17,36,1,0,2296.0,140,9
1777493220,42,36.78,7.08,220.41,53.33,220.41,35.69,31,4,2,2296.0,140,9
1777493221,42,30.61,9.67,69.08,45.25,69.08,11.77,32,2,0,2296.0,140,9
1777493222,42,31.11,9.29,97.91,48.54,97.91,13.80,34,2,0,2296.0,140,9
1777493223,43,35.75,11.17,218.58,52.25,218.58,30.41,39,4,1,2296.8,140,9
1777493224,42,29.25,9.96,66.75,50.08,66.75,11.56,31,3,0,2297.0,140,9
1777493225,43,33.42,9.29,100.67,55.83,100.67,16.45,36,7,1,2297.0,140,9
1777493226,43,38.88,16.54,152.46,105.66,152.46,28.90,40,5,4,2297.0,140,9
1777493227,44,30.62,7.79,75.46,57.00,75.46,12.10,36,3,0,2297.5,140,9
1777493228,42,43.32,17.67,488.87,60.91,488.87,71.01,37,5,1,2298.0,140,9
1777493229,43,30.70,11.21,76.37,46.79,76.37,12.37,36,2,0,2298.0,140,9
1777493230,43,33.72,11.38,104.08,53.50,104.08,17.17,38,3,1,2298.0,140,9
1777493231,43,33.60,14.12,146.37,46.50,146.37,25.71,38,2,2,2298.3,140,9
1777493232,43,31.84,8.88,169.87,43.83,169.87,23.29,34,1,1,2299.0,140,9
1777493233,43,29.24,9.29,53.58,45.58,53.58,10.39,36,1,0,2299.0,140,9
1777493234,44,28.17,8.29,73.54,45.87,73.54,11.92,34,2,0,2299.0,140,9
1777493235,43,32.00,8.17,60.79,49.91,60.79,11.56,36,2,0,2299.0,140,9
1777493236,42,35.04,15.67,117.25,106.58,117.25,22.42,34,4,3,2300.0,140,9
1777493237,42,31.31,13.75,98.79,52.41,98.79,14.78,36,3,0,2300.0,140,9
1777493238,44,39.80,8.25,406.03,47.37,406.03,58.22,39,2,2,2300.0,140,9
1777493239,44,29.18,7.92,70.58,52.75,70.58,11.82,33,3,0,2300.0,140,9
1777493240,43,28.46,10.54,80.67,47.62,80.67,12.04,34,2,0,2300.7,140,9
1777493241,41,37.38,11.88,224.91,87.21,224.91,34.36,38,3,2,2301.0,140,9
1777493242,42,28.87,15.92,48.42,46.96,48.42,10.59,31,0,0,2301.0,140,9
1777493243,42,36.16,7.83,136.46,54.62,136.46,19.75,39,5,1,2301.0,140,9
1777493244,41,28.09,11.88,56.16,47.96,56.16,10.74,30,2,0,2301.3,140,9
1777493245,43,31.44,15.42,92.21,47.54,92.21,13.12,37,1,0,2302.0,140,9
1777493246,42,27.55,9.75,59.04,41.21,59.04,9.89,33,2,0,2302.0,140,9
1777493247,42,29.48,8.46,69.12,53.62,69.12,12.80,34,3,0,2302.0,140,9
1777493248,43,28.29,8.62,52.08,44.29,52.08,9.36,36,1,0,2302.1,140,9
1777493249,43,26.94,10.29,80.83,37.50,80.83,10.77,33,1,0,2303.0,140,9
1777493250,43,31.97,11.67,104.46,47.83,104.46,13.83,38,2,1,2303.0,140,9
1777493251,42,29.27,14.21,50.54,44.75,50.54,8.78,36,1,0,2303.0,140,9
1777493252,43,32.17,8.58,72.04,54.17,72.04,13.07,39,4,0,2303.0,140,9
1777493253,41,30.29,8.75,53.71,41.79,53.71,8.80,38,1,0,2303.8,140,9
1777493254,43,27.02,6.50,50.83,45.33,50.83,10.49,32,1,0,2304.0,140,9
1777493255,43,37.23,14.96,119.33,54.33,119.33,17.86,41,3,1,2304.0,140,9
1777493256,43,32.50,17.21,88.71,65.83,88.71,13.90,37,4,0,2304.0,140,9
1777493257,43,27.86,15.71,42.83,38.87,42.83,6.94,37,0,0,2304.5,140,9
1777493258,42,37.55,9.83,308.66,46.96,308.66,43.41,36,1,1,2305.0,140,9
1777493259,43,29.81,4.92,79.87,71.37,79.87,15.03,35,5,0,2305.0,140,9
1777493260,42,33.01,8.67,128.75,68.75,128.75,20.94,39,3,1,2305.0,140,9
1777493261,43,32.67,9.79,251.08,50.16,251.08,35.46,36,3,1,2305.2,140,9
1777493262,43,38.62,8.21,188.66,92.25,188.66,35.16,36,5,2,2306.0,140,9
1777493263,43,27.38,7.17,66.37,54.37,66.37,13.79,29,3,0,2306.0,140,9
1777493264,44,26.72,11.04,53.42,39.04,53.42,8.01,38,1,0,2306.0,140,9
1777493265,43,33.01,17.46,196.62,48.33,196.62,29.65,35,2,2,2306.0,140,9
1777493266,43,30.77,7.71,138.16,78.12,138.16,23.95,33,3,2,2306.9,140,9
1777493267,44,26.40,12.00,42.12,35.75,42.12,6.53,35,0,0,2307.0,140,9
1777493268,43,31.13,10.46,79.46,50.96,79.46,12.98,38,3,0,2307.0,140,9
1777493269,42,29.34,12.79,48.92,46.58,48.92,8.28,37,0,0,2307.0,140,9
1777493270,42,33.07,14.50,58.08,53.08,58.08,10.76,38,3,0,2307.6,140,9
1777493271,43,33.84,14.21,92.17,53.12,92.17,13.94,37,5,0,2308.0,140,9
1777493272,43,34.64,10.38,108.91,97.21,108.91,21.79,33,6,2,2308.0,140,9
1777493273,42,31.08,9.04,78.21,49.46,78.21,12.60,36,2,0,2308.0,140,9
1777493274,42,28.01,13.96,42.04,39.54,42.04,6.29,36,0,0,2308.3,140,9
1777493275,42,39.21,18.29,111.08,67.25,111.08,17.58,38,8,1,2309.0,140,9
1777493276,42,34.28,9.50,95.87,62.58,95.87,15.38,40,5,0,2309.0,140,9
1777493277,43,31.29,11.92,96.87,53.29,96.87,14.36,36,5,0,2309.0,140,9
1777493278,43,34.04,14.42,112.79,62.16,112.79,16.65,36,4,1,2309.0,140,9
1777493279,42,29.63,10.54,47.37,43.71,47.37,8.92,37,0,0,2310.0,140,9
1777493280,43,31.90,11.00,52.54,50.21,52.54,10.21,38,3,0,2310.0,140,9
1777493281,42,26.54,12.12,43.42,42.37,43.42,7.92,32,0,0,2310.0,140,9
1777493282,43,30.49,9.67,172.33,49.29,172.33,23.38,38,2,1,2310.0,140,9
1777493283,42,29.86,14.88,127.25,41.21,127.25,17.04,34,1,1,2310.7,140,9
1777493284,43,24.85,10.33,56.46,39.16,56.46,8.85,31,1,0,2311.0,140,9
1777493285,42,30.94,13.42,65.25,54.87,65.25,11.02,36,3,0,2311.0,140,9
1777493286,43,27.30,10.50,69.29,56.67,69.29,11.62,35,3,0,2311.0,140,9
1777493287,43,28.63,10.46,52.71,47.08,52.71,9.57,34,2,0,2311.4,140,9
1777493288,42,30.77,16.50,64.12,47.92,64.12,10.28,35,2,0,2312.0,140,9
1777493289,43,28.76,10.67,80.37,47.91,80.37,12.11,34,1,0,2312.0,140,9
1777493290,44,30.24,12.75,78.96,43.41,78.96,13.01,37,2,0,2312.0,140,9
1777493291,42,27.13,12.75,45.67,44.12,45.67,7.68,35,0,0,2312.1,140,9
1777493292,42,32.09,10.92,99.75,52.66,99.75,15.31,33,3,0,2313.0,140,9
1777493293,44,31.25,14.42,60.96,50.08,60.96,11.38,36,3,0,2313.0,140,9
1777493294,43,28.14,12.50,71.67,48.41,71.67,11.60,32,2,0,2313.0,140,9
1777493295,43,33.82,15.75,73.21,47.83,73.21,10.90,40,1,0,2313.0,140,9
1777493296,44,30.16,10.92,92.29,67.04,92.29,15.14,37,3,0,2313.8,140,9
1777493297,42,28.32,13.29,42.33,38.75,42.33,7.49,35,0,0,2314.0,140,9
1777493298,43,30.20,9.42,65.17,49.62,65.17,11.36,36,2,0,2314.0,140,9
1777493299,42,31.22,10.42,117.08,52.25,117.08,16.63,37,3,1,2314.0,140,9
1777493300,43,36.71,10.33,105.83,93.17,105.83,20.05,38,6,1,2314.5,140,9
1777493301,42,33.11,10.75,123.96,50.04,123.96,18.26,34,3,1,2315.0,140,9
1777493302,42,32.01,8.50,68.33,46.92,68.33,11.69,36,2,0,2315.0,140,9
1777493303,43,34.63,16.71,85.87,47.79,85.87,11.66,42,2,0,2315.0,140,9
1777493304,42,26.21,10.42,45.16,38.46,45.16,7.79,32,0,0,2315.2,140,9
1777493305,42,34.40,14.33,65.04,53.25,65.04,11.82,37,4,0,2316.0,140,9
1777493306,44,35.26,8.58,151.12,130.75,151.12,29.20,35,4,3,2316.0,140,9
1777493307,43,31.11,11.62,101.46,46.41,101.46,14.05,37,2,1,2316.0,140,9
1777493308,43,29.07,9.04,57.96,51.12,57.96,11.46,35,3,0,2316.0,140,9
1777493309,43,27.90,7.42,52.87,40.29,52.87,8.60,36,2,0,2316.9,140,9
1777493310,42,36.28,14.21,188.83,55.50,188.83,26.47,37,4,1,2317.0,140,9
1777493311,43,34.42,14.42,126.16,71.33,126.16,20.85,37,6,2,2317.0,140,9
1777493312,43,34.30,11.12,103.46,54.25,103.46,15.56,37,5,1,2317.0,140,9
1777493313,42,40.87,14.79,235.83,83.96,235.83,34.30,38,7,1,2317.6,140,9
1777493314,43,29.71,8.54,104.41,51.29,104.41,15.43,33,4,1,2318.0,140,9
1777493315,43,32.79,10.88,75.25,50.37,75.25,12.00,38,3,0,2318.0,140,9
1777493316,43,31.80,9.46,98.83,55.16,98.83,17.12,36,3,0,2318.0,140,9
1777493317,44,29.43,8.62,55.25,53.08,55.25,9.98,37,3,0,2318.3,140,9
1777493318,44,36.15,9.25,107.87,100.33,107.87,21.23,35,5,3,2319.0,140,9
1777493319,43,25.98,9.92,46.42,39.58,46.42,7.48,38,0,0,2319.0,140,9
1777493320,44,30.69,9.00,91.62,70.33,91.62,15.55,37,4,0,2319.0,140,9
1777493321,41,31.95,17.25,118.62,49.62,118.62,17.01,35,2,1,2319.0,140,9
1777493322,43,33.44,11.88,87.37,54.33,87.37,13.27,39,3,0,2320.0,140,9
1777493323,42,33.04,11.00,57.08,55.00,57.08,11.87,35,4,0,2320.0,140,9
1777493324,43,27.49,8.79,62.58,43.04,62.58,10.14,34,2,0,2320.0,140,9
1777493325,42,34.34,8.17,92.08,75.37,92.08,16.39,36,3,0,2320.0,140,9
1777493326,43,26.91,13.46,86.42,43.41,86.42,12.54,30,1,0,2320.7,140,9
1777493327,43,28.46,12.46,60.46,45.29,60.46,8.94,37,1,0,2321.0,140,9
1777493328,42,34.91,11.54,286.99,54.50,286.99,40.94,32,3,1,2321.0,140,9
1777493329,43,28.50,10.88,76.71,39.46,76.71,11.66,34,2,0,2321.0,140,9
1777493330,44,28.31,7.42,76.29,50.04,76.29,12.31,34,3,0,2321.4,140,9
1777493331,42,28.95,8.83,77.92,44.71,77.92,11.91,34,2,0,2322.0,140,9
1777493332,42,29.27,9.04,77.04,45.17,77.04,11.37,38,2,0,2322.0,140,9
1777493333,42,34.74,14.21,89.87,53.17,89.87,14.26,37,4,0,2322.0,140,9
1777493334,43,28.72,9.46,51.33,46.71,51.33,10.08,34,1,0,2322.2,140,9
1777493335,44,28.85,12.33,53.04,47.79,53.04,9.90,33,1,0,2323.0,140,9
1777493336,42,30.30,7.79,160.29,43.21,160.29,22.66,35,2,1,2323.0,140,9
1777493337,43,32.75,13.21,96.71,56.91,96.71,15.76,35,5,0,2323.0,140,9
1777493338,43,32.21,9.42,70.17,56.87,70.17,13.38,35,5,0,2323.0,140,9
1777493339,43,29.61,9.29,57.46,47.41,57.46,9.94,34,2,0,2323.9,140,9
1777493340,43,33.04,10.04,240.54,46.92,240.54,33.36,34,1,1,2324.0,140,9
1777493341,43,53.14,8.42,1115.27,50.83,1115.27,164.24,35,3,1,2324.0,140,9
1777493342,42,30.74,13.12,102.21,47.33,102.21,13.96,33,1,1,2324.0,140,9
1777493343,42,35.34,13.79,98.67,54.92,98.67,16.88,38,5,0,2324.6,140,9
1777493344,43,29.97,12.29,66.83,46.96,66.83,10.37,34,1,0,2325.0,140,9
1777493345,43,34.55,14.83,127.33,53.21,127.33,19.78,36,4,1,2325.0,140,9
1777493346,42,35.66,17.54,124.37,84.12,124.37,21.16,39,3,2,2325.0,140,9
1777493347,43,30.92,15.33,53.54,44.25,53.54,8.77,39,2,0,2325.3,140,9
1777493348,42,30.29,11.50,75.21,50.50,75.21,12.54,37,3,0,2326.0,140,9
1777493349,42,44.07,12.33,587.86,95.04,587.86,86.51,33,4,1,2326.0,140,9
1777493350,42,33.17,11.58,113.92,53.71,113.92,18.36,36,4,1,2326.0,140,9
1777493351,42,31.13,10.33,141.58,50.75,141.58,19.82,31,3,1,2326.0,140,9
1777493352,43,30.52,11.67,50.41,47.67,50.41,10.81,34,1,0,2327.0,140,9
1777493353,43,34.57,14.83,143.66,68.25,143.66,20.44,39,3,1,2327.0,140,9
1777493354,43,26.44,13.33,43.42,38.87,43.42,7.52,30,0,0,2327.0,140,9
1777493355,42,33.21,18.33,54.54,51.12,54.54,9.83,36,3,0,2327.0,140,9
1777493356,42,28.43,10.96,55.37,43.79,55.37,10.37,32,2,0,2327.7,140,9
1777493357,44,29.06,9.42,53.58,46.66,53.58,9.77,36,2,0,2328.0,140,9
1777493358,43,41.88,12.58,461.82,56.00,461.82,65.71,39,4,1,2328.0,140,9
1777493359,42,30.04,10.25,109.54,49.92,109.54,16.21,34,2,1,2328.0,140,9
1777493360,43,34.32,12.79,109.91,57.50,109.91,17.07,37,6,1,2328.4,140,9
1777493361,42,29.45,13.46,62.41,48.62,62.41,9.44,36,2,0,2329.0,140,9
1777493362,43,29.57,7.62,51.46,46.08,51.46,11.19,35,1,0,2329.0,140,9
1777493363,43,32.69,11.50,69.04,48.75,69.04,11.28,39,2,0,2329.0,140,9
1777493364,44,27.52,8.21,52.42,46.96,52.42,10.41,35,2,0,2329.1,140,9
1777493365,43,33.28,10.21,140.87,53.83,140.87,20.82,37,4,1,2330.0,140,9
1777493366,42,31.30,10.21,126.16,52.29,126.16,18.65,32,3,1,2330.0,140,9
1777493367,43,31.76,8.29,66.67,52.75,66.67,11.70,38,3,0,2330.0,140,9
1777493368,42,32.57,13.75,142.91,50.12,142.91,22.08,34,3,2,2330.0,140,9
1777493369,43,24.69,9.92,39.21,33.96,39.21,6.84,34,0,0,2330.8,140,9
1777493370,43,27.69,10.62,42.67,37.21,42.67,7.17,34,0,0,2331.0,140,9
1777493371,43,33.30,10.21,150.21,47.29,150.21,20.57,35,1,1,2331.0,140,9
1777493372,43,30.33,9.50,53.00,48.46,53.00,10.76,36,2,0,2331.0,140,9
1777493373,42,30.89,14.75,69.54,51.00,69.54,11.83,38,3,0,2331.5,140,9
1777493374,44,30.74,13.92,68.00,54.75,68.00,11.04,38,3,0,2332.0,140,9
1777493375,43,32.76,10.58,54.71,51.42,54.71,10.60,37,3,0,2332.0,140,9
1777493376,42,28.23,10.08,63.33,49.79,63.33,11.17,30,2,0,2332.0,140,9
1777493377,43,27.79,13.83,47.75,46.66,47.75,9.42,33,0,0,2332.2,140,9
1777493378,44,36.11,11.50,140.71,50.67,140.71,22.76,39,3,2,2333.0,140,9
1777493379,42,29.22,9.04,76.00,44.75,76.00,11.63,35,2,0,2333.0,140,9
1777493380,43,32.14,8.71,115.87,51.87,115.87,17.44,35,3,1,2333.0,140,9
1777493381,43,33.61,12.12,231.45,50.42,231.45,32.18,34,3,1,2333.0,140,9
1777493382,42,30.02,13.83,54.62,47.25,54.62,9.31,36,2,0,2333.9,140,9
1777493383,42,30.13,11.83,70.67,52.96,70.67,11.67,32,3,0,2334.0,140,9
1777493384,43,28.41,9.54,53.37,50.37,53.37,9.66,36,3,0,2334.0,140,9
1777493385,43,31.47,11.29,110.54,51.54,110.54,16.39,33,3,1,2334.0,140,9
1777493386,42,31.07,8.08,93.71,57.91,93.71,16.26,32,4,0,2334.6,140,9
1777493387,44,32.84,7.96,158.46,45.91,158.46,25.05,36,2,2,2335.0,140,9
1777493388,43,28.53,10.58,73.04,41.46,73.04,10.59,36,1,0,2335.0,140,9
1777493389,42,33.21,9.71,151.66,50.62,151.66,22.96,36,3,2,2335.0,140,9
1777493390,44,38.19,13.54,142.71,98.12,142.71,26.36,39,6,2,2335.3,140,9
1777493391,43,29.80,10.62,56.46,42.46,56.46,9.54,36,2,0,2336.0,140,9
1777493392,43,37.69,8.62,145.46,84.83,145.46,27.08,37,6,2,2336.0,140,9
1777493393,43,32.95,9.62,81.62,53.58,81.62,14.35,36,3,0,2336.0,140,9
1777493394,42,26.01,8.12,46.50,43.58,46.50,9.13,29,0,0,2336.0,140,9
1777493395,42,32.27,17.54,51.17,49.04,51.17,9.68,37,1,0,2337.0,140,9
1777493396,43,30.62,11.38,78.17,50.21,78.17,12.91,38,3,0,2337.0,140,9
1777493397,43,27.55,8.67,49.92,48.25,49.92,10.43,31,0,0,2337.0,140,9
1777493398,43,41.01,11.96,267.75,68.04,267.75,45.76,34,6,2,2337.0,140,9
1777493399,42,31.86,10.50,98.08,57.33,98.08,15.81,36,5,0,2337.7,140,9
1777493400,43,31.16,9.04,129.04,45.00,129.04,17.90,35,1,1,2338.0,140,9
1777493401,42,28.97,10.00,54.29,42.96,54.29,9.71,33,1,0,2338.0,140,9
1777493402,44,33.85,9.50,128.46,52.71,128.46,20.15,38,3,2,2338.0,140,9
1777493403,42,35.09,13.29,132.04,53.25,132.04,19.73,36,5,1,2338.5,140,9
1777493404,43,30.90,8.58,66.67,54.12,66.67,12.44,36,5,0,2339.0,140,9
1777493405,43,31.08,9.42,57.91,51.79,57.91,12.29,36,5,0,2339.0,140,9
1777493406,43,24.48,9.46,42.79,35.37,42.79,7.17,31,0,0,2339.0,140,9
1777493407,44,28.82,10.75,50.33,49.58,50.33,9.78,35,1,0,2339.1,140,9
1777493408,43,25.14,4.08,42.54,41.04,42.54,9.52,32,0,0,2340.0,140,9
1777493409,43,37.24,9.88,362.99,49.17,362.99,51.48,35,2,1,2340.0,140,9
1777493410,42,36.71,17.04,204.00,68.17,204.00,30.14,35,6,1,2340.0,140,9
1777493411,43,31.18,10.50,135.00,47.54,135.00,19.45,33,2,1,2340.0,140,9
1777493412,43,29.59,8.75,84.62,56.96,84.62,13.86,35,3,0,2340.8,140,9
1777493413,42,30.52,11.88,90.58,49.58,90.58,13.86,33,2,0,2341.0,140,9
1777493414,42,29.30,11.92,48.83,47.16,48.83,9.77,34,0,0,2341.0,140,9
1777493415,42,32.46,7.75,53.91,51.83,53.91,12.58,35,4,0,2341.0,140,9
1777493416,43,29.45,8.50,52.96,46.66,52.96,11.06,32,1,0,2341.6,140,9
1777493417,44,29.56,9.71,58.87,53.33,58.87,12.21,34,4,0,2342.0,140,9
1777493418,42,35.23,8.88,257.41,52.96,257.41,36.20,35,4,1,2342.0,140,9
1777493419,43,34.18,8.12,195.75,53.87,195.75,26.87,38,4,1,2342.0,140,9
1777493420,44,33.22,11.67,77.58,52.04,77.58,12.22,40,4,0,2342.2,140,9
1777493421,42,29.68,9.50,54.50,45.96,54.50,9.86,34,1,0,2343.0,140,9
1777493422,42,31.98,11.46,96.46,53.12,96.46,14.93,35,4,0,2343.0,140,9
1777493423,43,35.63,9.75,99.12,53.25,99.12,16.17,39,4,0,2343.0,140,9
1777493424,43,27.84,9.17,55.04,43.21,55.04,9.62,34,1,0,2343.0,140,9
1777493425,41,28.58,8.83,97.50,54.54,97.50,16.16,27,3,0,2344.0,140,9
1777493426,42,34.63,11.21,115.75,100.79,115.75,23.43,31,5,3,2344.0,140,9
1777493427,43,30.23,11.33,51.96,47.00,51.96,10.14,37,1,0,2344.0,140,9
1777493428,43,27.61,8.79,73.79,45.75,73.79,12.12,33,1,0,2344.0,140,9
1777493429,42,32.25,9.29,94.75,51.46,94.75,15.39,37,3,0,2344.7,140,9
1777493430,43,32.77,9.54,104.96,71.04,104.96,18.57,35,5,1,2345.0,140,9
1777493431,43,28.84,8.75,46.08,39.54,46.08,9.14,33,0,0,2345.0,140,9
1777493432,44,28.03,10.29,50.42,48.29,50.42,9.46,35,1,0,2345.0,140,9
1777493433,44,35.90,10.96,109.66,64.50,109.66,17.58,36,5,1,2345.4,140,9
1777493434,44,32.22,8.38,122.75,50.21,122.75,17.44,35,4,1,2346.0,140,9
1777493435,42,32.22,10.92,80.96,45.75,80.96,12.41,35,1,0,2346.0,140,9
1777493436,42,29.23,13.00,68.00,49.12,68.00,11.08,36,2,0,2346.0,140,9
1777493437,44,29.71,8.25,49.75,47.87,49.75,11.27,36,0,0,2346.1,140,9
1777493438,42,34.13,11.92,95.87,57.29,95.87,14.67,37,3,0,2347.0,140,9
1777493439,42,29.74,12.67,59.08,44.83,59.08,10.04,34,2,0,2347.0,140,9
1777493440,43,30.90,10.00,80.29,51.71,80.29,13.68,34,4,0,2347.0,140,9
1777493441,45,37.39,13.67,226.41,86.75,226.41,32.19,39,5,1,2347.0,140,9
1777493442,43,33.25,8.88,118.79,65.25,118.79,18.23,35,5,1,2347.8,140,9
1777493443,42,29.82,9.92,94.29,48.66,94.29,13.98,35,2,0,2348.0,140,9
1777493444,41,27.74,9.46,47.17,40.42,47.17,8.01,33,0,0,2348.0,140,9
1777493445,43,30.82,9.17,73.54,49.54,73.54,11.18,39,2,0,2348.0,140,9
1777493446,44,34.77,10.58,103.58,65.42,103.58,18.88,38,5,2,2348.5,140,9
1777493447,43,34.24,8.62,103.08,52.75,103.08,15.42,35,6,1,2349.0,140,9
1777493448,43,31.95,10.04,109.25,73.17,109.25,17.44,37,3,1,2349.0,140,9
1777493449,42,31.40,10.92,66.79,58.50,66.79,12.71,33,4,0,2349.0,140,9
1777493450,43,30.43,9.50,52.71,50.04,52.71,9.80,36,3,0,2349.2,140,9
1777493451,42,34.60,11.08,128.21,81.67,128.21,21.77,35,5,1,2350.0,140,9
1777493452,42,36.26,8.33,142.58,103.71,142.58,27.94,33,4,3,2350.0,140,9
1777493453,43,30.19,9.54,60.96,54.50,60.96,12.69,35,4,0,2350.0,140,9
1777493454,43,27.48,9.00,44.87,40.96,44.87,8.15,34,0,0,2350.0,140,9
1777493455,42,33.76,13.38,130.54,49.12,130.54,17.86,37,2,1,2350.9,140,9
1777493456,42,26.61,9.29,58.62,48.21,58.62,10.30,33,2,0,2351.0,140,9
1777493457,43,29.01,9.83,52.87,49.62,52.87,10.89,34,2,0,2351.0,140,9
1777493458,42,32.00,10.50,177.12,46.50,177.12,24.16,37,2,1,2351.0,140,9
1777493459,43,33.87,16.33,102.08,71.87,102.08,18.31,36,3,2,2351.6,140,9
1777493460,45,32.92,13.75,177.21,54.17,177.21,24.75,39,3,1,2352.0,140,9
1777493461,42,28.22,11.08,63.46,47.96,63.46,10.51,36,2,0,2352.0,140,9
1777493462,43,29.78,8.33,72.08,48.71,72.08,12.12,35,2,0,2352.0,140,9
1777493463,43,28.79,9.92,79.12,45.33,79.12,11.92,34,2,0,2352.3,140,9
1777493464,42,35.71,9.12,139.96,98.00,139.96,25.93,32,5,2,2353.0,140,9
1777493465,43,30.42,12.21,69.12,51.00,69.12,12.58,30,3,0,2353.0,140,9
1777493466,43,26.15,9.79,47.62,39.79,47.62,9.40,30,0,0,2353.0,140,9
1777493467,43,29.70,9.46,56.42,44.25,56.42,10.23,36,2,0,2353.0,140,9
1777493468,43,33.27,10.50,225.00,47.50,225.00,31.22,34,2,1,2354.0,140,9
1777493469,43,30.63,15.17,54.58,50.46,54.58,8.78,39,3,0,2354.0,140,9
1777493470,41,47.18,9.42,255.62,149.58,255.62,48.16,37,5,4,2354.0,140,9
1777493471,43,29.21,9.83,50.79,46.41,50.79,9.08,36,1,0,2354.0,140,9
1777493472,43,31.92,12.62,92.17,51.46,92.17,13.26,37,3,0,2354.7,140,9
1777493473,43,46.21,14.71,608.28,57.67,608.28,87.71,39,6,1,2355.0,140,9
1777493474,43,31.95,13.00,108.29,55.04,108.29,17.47,36,4,1,2355.0,140,9
1777493475,42,31.51,9.71,49.58,47.12,49.58,9.01,38,0,0,2355.0,140,9
1777493476,43,28.38,9.17,64.08,43.04,64.08,9.50,36,1,0,2355.4,140,9
1777493477,42,48.29,12.25,456.95,121.29,456.95,70.11,37,6,4,2356.0,140,9
1777493478,43,36.04,16.38,130.41,55.33,130.41,18.95,41,4,1,2356.0,140,9
1777493479,42,31.46,9.58,126.08,45.96,126.08,16.98,34,1,1,2356.0,140,9
1777493480,41,29.63,9.58,50.66,44.83,50.66,9.73,32,1,0,2356.1,140,9
1777493481,43,31.19,9.12,57.08,51.29,57.08,10.64,35,3,0,2357.0,140,9
1777493482,43,39.10,16.58,234.12,77.42,234.12,33.29,38,4,1,2357.0,140,9
1777493483,43,35.07,15.12,121.62,49.96,121.62,16.20,38,2,1,2357.0,140,9
1777493484,43,30.98,18.04,55.16,50.29,55.16,10.51,36,3,0,2357.0,140,9
1777493485,42,33.17,13.75,92.08,50.75,92.08,13.91,36,3,0,2357.9,140,9
1777493486,42,33.51,15.29,119.66,49.29,119.66,16.07,36,2,1,2358.0,140,9
1777493487,43,34.70,10.92,68.17,57.79,68.17,13.79,35,7,0,2358.0,140,9
1777493488,43,31.12,8.29,52.58,48.67,52.58,10.88,37,2,0,2358.0,140,9
1777493489,43,29.80,12.75,49.42,41.38,49.42,7.01,40,0,0,2358.5,140,9
1777493490,44,49.71,8.67,750.44,52.25,750.44,109.55,40,3,2,2359.0,140,9
1777493491,43,27.50,10.08,44.83,42.21,44.83,8.18,37,0,0,2359.0,140,9
1777493492,43,33.76,9.21,133.25,53.42,133.25,19.47,35,4,1,2359.0,140,9
1777493493,43,33.03,9.54,122.46,54.71,122.46,19.02,37,4,1,2359.3,140,9
1777493494,42,33.44,11.04,118.12,56.71,118.12,18.27,36,4,1,2360.0,140,9
1777493495,43,33.87,9.79,56.33,54.00,56.33,12.13,39,5,0,2360.0,140,9
1777493496,42,31.28,9.17,58.96,51.00,58.96,12.03,35,3,0,2360.0,140,9
1777493497,43,35.73,16.88,113.92,55.42,113.92,15.96,40,5,1,2360.0,140,9
1777493498,43,37.15,15.33,119.58,68.17,119.58,18.25,38,7,1,2361.0,140,9
1777493499,43,32.18,17.00,105.54,44.21,105.54,15.35,39,2,1,2361.0,140,9
1777493500,42,33.38,11.29,87.92,51.58,87.92,13.08,38,4,0,2361.0,140,9
1777493501,42,31.00,11.33,72.17,47.75,72.17,11.21,36,2,0,2361.0,140,9
1777493502,42,36.96,10.50,388.53,49.08,388.53,55.67,35,2,1,2361.6,140,9
1777493503,42,34.51,9.21,87.92,78.08,87.92,16.57,36,6,0,2362.0,140,9
1777493504,43,31.64,14.12,108.79,60.62,108.79,17.85,38,3,2,2362.0,140,9
1777493505,43,35.29,8.38,103.16,76.25,103.16,17.47,37,3,1,2362.0,140,9
1777493506,42,30.69,10.29,161.08,46.17,161.08,22.43,31,2,1,2362.4,140,9
1777493507,43,33.92,16.12,80.50,55.79,80.50,12.31,41,4,0,2363.0,140,9
1777493508,42,30.70,10.88,55.25,44.87,55.25,8.66,38,1,0,2363.0,140,9
1777493509,43,26.55,8.04,44.33,34.58,44.33,6.53,37,0,0,2363.0,140,9
1777493510,42,35.57,11.38,88.12,75.67,88.12,17.32,35,7,0,2363.0,140,9
1777493511,42,29.29,10.04,44.79,39.50,44.79,6.96,38,0,0,2364.0,140,9
1777493512,43,33.99,9.67,154.87,52.50,154.87,21.69,38,4,1,2364.0,140,9
1777493513,43,43.47,9.33,308.16,77.79,308.16,46.62,37,7,2,2364.0,140,9
1777493514,43,34.10,13.46,129.08,54.17,129.08,20.13,39,4,2,2364.0,140,9
1777493515,42,37.84,12.08,89.71,72.21,89.71,15.85,37,6,0,2364.8,140,9
1777493516,44,29.67,8.29,123.25,40.96,123.25,16.83,32,2,1,2365.0,140,9
1777493517,43,30.24,11.46,51.12,44.71,51.12,8.49,38,2,0,2365.0,140,9
1777493518,42,29.67,12.00,54.87,44.58,54.87,9.37,35,1,0,2365.0,140,9
1777493519,42,32.48,9.92,107.71,53.37,107.71,16.82,36,3,1,2365.5,140,9
1777493520,43,37.57,19.04,164.62,53.50,164.62,22.94,42,4,1,2366.0,140,9
1777493521,43,31.07,8.42,143.79,43.33,143.79,19.54,33,1,1,2366.0,140,9
1777493522,43,30.77,9.12,92.12,47.21,92.12,12.66,38,2,0,2366.0,140,9
1777493523,45,33.02,13.12,109.54,58.37,109.54,17.18,37,8,1,2366.2,140,9
1777493524,43,31.00,10.08,115.21,46.29,115.21,16.13,35,2,1,2367.0,140,9
1777493525,42,33.06,8.04,118.21,46.33,118.21,17.88,32,2,1,2367.0,140,9
1777493526,43,36.23,7.87,381.53,49.17,381.53,55.19,34,2,1,2367.0,140,9
1777493527,43,27.36,8.46,112.75,42.42,112.75,16.10,33,2,1,2367.0,140,9
1777493528,42,37.19,9.08,164.21,108.87,164.21,29.19,37,4,3,2367.9,140,9
1777493529,42,29.79,9.25,51.77,44.79,51.77,8.70,39,2,0,2368.0,140,9
1777493530,40,48.36,9.75,192.51,192.02,192.51,44.31,34,7,5,2368.0,140,9
1777493531,41,33.56,11.64,113.03,60.12,113.03,18.56,32,5,1,2368.0,140,9
1777493532,40,41.44,11.24,102.10,99.84,102.10,18.80,38,7,1,2368.6,140,9
1777493533,39,42.32,9.34,157.08,128.46,157.08,30.39,36,7,3,2369.0,140,9
1777493534,42,35.49,14.99,71.41,56.06,71.41,12.75,38,4,0,2369.0,140,9
1777493535,42,34.94,8.83,75.13,57.47,75.13,13.20,37,6,0,2369.0,140,9
1777493536,44,33.89,12.12,72.17,55.79,72.17,11.29,40,3,0,2369.3,140,9
1777493537,44,36.49,9.96,262.58,109.46,262.58,40.41,36,4,3,2370.0,140,9
1777493538,42,26.29,10.71,59.66,36.00,59.66,9.17,34,2,0,2370.0,140,9
1777493539,43,26.46,11.04,47.58,33.25,47.58,6.53,37,0,0,2370.0,140,9
1777493540,43,26.28,9.79,55.67,36.58,55.67,7.62,36,1,0,2370.0,140,9
1777493541,43,29.59,8.04,108.37,44.12,108.37,18.42,35,2,2,2371.0,140,9
1777493542,43,35.36,10.12,110.54,55.91,110.54,16.62,40,4,1,2371.0,140,9
1777493543,42,37.55,7.96,121.33,60.54,121.33,20.93,37,5,2,2371.0,140,9
1777493544,43,32.74,8.29,81.62,46.46,81.62,11.95,37,1,0,2371.0,140,9
1777493545,43,33.03,10.00,82.42,56.83,82.42,13.38,38,3,0,2371.7,140,9
1777493546,43,31.84,17.04,62.62,49.50,62.62,10.94,36,2,0,2372.0,140,9
1777493547,42,35.02,16.50,171.50,49.21,171.50,23.12,36,2,1,2372.0,140,9
1777493548,42,33.11,11.50,123.33,46.04,123.33,16.58,37,1,1,2372.0,140,9
1777493549,43,34.41,9.92,158.21,53.29,158.21,23.24,34,4,1,2372.4,140,9
1777493550,44,35.14,12.50,107.92,82.58,107.92,20.15,39,6,1,2373.0,140,9
1777493551,42,30.89,5.33,123.12,47.92,123.12,18.29,33,2,1,2373.0,140,9
1777493552,43,31.78,14.42,66.92,52.33,66.92,12.59,33,5,0,2373.0,140,9
1777493553,43,28.98,11.79,59.96,46.58,59.96,12.24,28,2,0,2373.1,140,9
1777493554,43,29.76,10.25,106.42,47.79,106.42,17.86,34,2,1,2374.0,140,9
1777493555,42,26.72,14.79,138.79,34.75,138.79,18.56,27,1,1,2374.0,140,9
1777493556,42,31.23,9.92,108.00,47.08,108.00,17.88,34,2,1,2374.0,140,9
1777493557,44,26.85,14.62,49.62,47.29,49.62,9.24,31,0,0,2374.0,140,9
1777493558,43,27.95,10.25,92.17,48.50,92.17,13.99,33,2,0,2374.8,140,9
1777493559,42,27.03,12.17,42.50,41.17,42.50,7.70,34,0,0,2375.0,140,9
1777493560,43,29.75,14.42,86.58,48.83,86.58,12.25,37,2,0,2375.0,140,9
1777493561,43,29.94,8.58,100.42,43.25,100.42,14.31,35,2,1,2375.0,140,9
1777493562,43,29.70,11.04,46.96,44.12,46.96,8.72,37,0,0,2375.5,140,9
1777493563,42,30.44,8.04,121.62,49.12,121.62,18.82,35,2,1,2376.0,140,9
1777493564,43,28.49,8.17,50.87,45.58,50.87,9.87,36,1,0,2376.0,140,9
1777493565,44,28.88,12.25,105.33,48.46,105.33,14.90,36,1,1,2376.0,140,9
1777493566,44,37.07,9.08,326.08,63.62,326.08,45.90,36,3,1,2376.2,140,9
1777493567,42,30.80,15.08,93.08,44.75,93.08,12.46,36,2,0,2377.0,140,9
1777493568,44,28.04,9.12,77.08,46.79,77.08,11.41,37,1,0,2377.0,140,9
1777493569,44,30.23,11.79,92.71,42.42,92.71,12.24,36,1,0,2377.0,140,9
1777493570,41,27.87,10.71,47.83,42.33,47.83,8.97,32,0,0,2377.0,140,9
1777493571,42,34.11,16.75,140.33,47.79,140.33,18.84,37,2,1,2377.9,140,9
1777493572,43,28.98,8.62,74.67,50.62,74.67,12.06,32,3,0,2378.0,140,9
1777493573,43,30.30,10.04,55.37,51.92,55.37,10.30,38,3,0,2378.0,140,9
1777493574,42,34.46,18.38,190.62,51.37,190.62,26.35,37,4,1,2378.0,140,9
1777493575,42,28.40,11.50,52.29,43.29,52.29,10.08,31,1,0,2378.6,140,9
1777493576,43,30.40,10.17,68.37,42.12,68.37,10.58,38,2,0,2379.0,140,9
1777493577,43,33.85,8.46,201.04,52.21,201.04,28.17,36,3,1,2379.0,140,9
1777493578,43,33.04,9.46,95.46,57.71,95.46,15.56,36,5,0,2379.0,140,9
1777493579,43,30.95,8.50,90.29,46.96,90.29,13.59,36,2,0,2379.3,140,9
1777493580,43,31.69,9.54,106.46,48.62,106.46,15.03,34,2,1,2380.0,140,9
1777493581,43,37.96,17.42,116.91,64.75,116.91,17.74,39,8,1,2380.0,140,9
1777493582,42,39.85,10.71,373.83,75.71,373.83,55.21,35,4,2,2380.0,140,9
1777493583,43,31.97,7.54,85.71,54.42,85.71,13.90,37,4,0,2380.0,140,9
1777493584,43,38.42,7.92,423.66,48.83,423.66,60.45,33,2,1,2381.0,140,9
1777493585,43,30.06,12.75,56.58,45.67,56.58,9.73,37,1,0,2381.0,140,9
1777493586,44,31.32,11.83,179.25,45.96,179.25,24.19,36,1,1,2381.0,140,9
1777493587,42,26.88,8.50,45.29,41.46,45.29,8.80,33,0,0,2381.0,140,9
1777493588,43,45.60,10.08,534.45,70.42,534.45,77.06,38,8,1,2381.7,140,9
1777493589,44,29.44,8.25,55.83,47.42,55.83,11.20,34,2,0,2382.0,140,9
1777493590,42,31.17,11.37,122.58,46.83,122.58,17.54,32,2,1,2382.0,140,9
1777493591,42,30.62,11.50,51.25,48.25,51.25,9.22,40,1,0,2382.0,140,9
1777493592,43,33.19,15.67,79.58,62.41,79.58,14.22,36,4,0,2382.5,140,9
1777493593,43,32.91,7.92,102.00,51.83,102.00,16.73,30,3,1,2383.0,140,9
1777493594,43,31.82,18.62,53.91,49.70,53.91,9.56,40,2,0,2383.0,140,9
1777493595,43,30.06,15.29,51.91,44.66,51.91,9.86,33,2,0,2383.0,140,9
1777493596,42,27.66,14.16,45.91,39.45,45.91,7.85,34,0,0,2383.2,140,9
1777493597,44,27.83,7.04,57.79,48.54,57.79,10.19,34,2,0,2384.0,140,9
1777493598,42,33.25,16.46,110.49,73.70,110.49,19.91,36,4,2,2384.0,140,9
1777493599,43,28.57,12.12,50.33,41.54,50.33,8.46,36,1,0,2384.0,140,9
1777493600,43,53.96,13.54,947.38,113.12,947.38,139.42,39,4,3,2384.0,140,9
1777493601,42,29.60,11.33,47.29,46.41,47.29,9.91,32,0,0,2384.9,140,9
1777493602,43,29.06,10.04,62.79,49.29,62.79,10.71,34,2,0,2385.0,140,9
1777493603,41,35.26,11.46,130.49,55.25,130.49,19.95,34,6,1,2385.0,140,9
1777493604,43,34.07,14.83,128.57,49.04,128.57,19.37,35,2,1,2385.0,140,9
1777493605,42,31.33,15.21,68.83,51.04,68.83,11.80,34,3,0,2385.6,140,9
1777493606,43,28.27,7.00,55.29,44.08,55.29,8.90,38,1,0,2386.0,140,9
1777493607,42,32.99,15.12,145.53,49.29,145.53,20.43,38,2,1,2386.0,140,9
1777493608,43,33.58,14.12,220.19,46.20,220.19,29.97,37,1,1,2386.0,140,9
1777493609,42,31.23,8.87,90.45,53.12,90.45,15.17,35,5,0,2386.3,140,9
1777493610,43,30.70,14.25,67.58,45.54,67.58,9.92,38,2,0,2387.0,140,9
1777493611,42,31.43,11.04,105.41,47.16,105.41,15.21,33,1,1,2387.0,140,9
1777493612,43,32.31,9.88,104.78,53.33,104.78,15.97,33,4,1,2387.0,140,9
1777493613,43,29.34,8.75,54.50,52.04,54.50,10.20,36,3,0,2387.0,140,9
1777493614,43,32.12,15.92,165.78,47.87,165.78,22.58,35,2,1,2388.0,140,9
1777493615,43,36.05,11.42,108.58,53.66,108.58,18.72,37,6,2,2388.0,140,9
1777493616,41,34.35,10.83,99.41,68.91,99.41,17.96,35,6,0,2388.0,140,9
1777493617,43,30.09,10.21,59.91,46.08,59.91,11.05,36,2,0,2388.0,140,9
1777493618,43,29.20,11.79,55.16,45.95,55.16,8.85,41,1,0,2388.7,140,9
1777493619,43,30.92,10.83,112.08,53.62,112.08,16.44,35,4,1,2389.0,140,9
1777493620,42,26.54,14.91,40.62,35.66,40.62,6.58,33,0,0,2389.0,140,9
1777493621,43,29.60,10.46,73.70,63.20,73.70,13.51,36,3,0,2389.0,140,9
1777493622,42,31.55,15.37,70.91,52.54,70.91,11.30,36,4,0,2389.4,140,9
1777493623,42,31.39,14.92,51.87,49.29,51.87,10.55,34,1,0,2390.0,140,9
1777493624,42,29.26,14.67,49.62,46.66,49.62,9.75,35,0,0,2390.0,140,9
1777493625,43,32.21,13.83,144.91,46.54,144.91,19.92,35,2,1,2390.0,140,9
1777493626,44,25.83,9.67,41.75,38.37,41.75,7.59,32,0,0,2390.1,140,9
1777493627,43,28.08,11.33,73.16,45.41,73.16,11.29,31,2,0,2391.0,140,9
1777493628,42,26.89,8.58,44.45,43.25,44.45,9.05,33,0,0,2391.0,140,9
1777493629,42,30.40,12.29,58.50,43.87,58.50,9.95,35,1,0,2391.0,140,9
1777493630,44,29.27,8.50,99.99,52.83,99.99,15.57,34,3,0,2391.0,140,9
1777493631,42,31.60,10.92,124.07,63.74,124.07,22.32,29,3,2,2391.8,140,9
1777493632,43,32.26,15.50,53.49,50.79,53.49,10.49,35,3,0,2392.0,140,9
1777493633,44,32.52,9.79,66.50,51.95,66.50,11.60,39,5,0,2392.0,140,9
1777493634,43,35.45,13.04,114.45,71.79,114.45,18.78,35,4,1,2392.0,140,9
1777493635,43,30.49,8.54,120.37,48.91,120.37,17.00,34,1,1,2392.5,140,9
1777493636,42,30.43,13.83,57.16,49.41,57.16,9.74,37,2,0,2393.0,140,9
1777493637,43,29.23,8.83,104.37,47.62,104.37,14.39,35,1,1,2393.0,140,9
1777493638,43,29.76,14.29,57.00,47.54,57.00,9.64,37,2,0,2393.0,140,9
1777493639,43,31.55,11.08,83.95,47.25,83.95,14.08,32,2,0,2393.2,140,9
1777493640,42,35.35,18.96,117.03,67.54,117.03,17.58,35,5,1,2394.0,140,9
1777493641,42,28.60,10.16,110.37,58.20,110.37,17.34,31,4,1,2394.0,140,9
1777493642,43,29.46,11.37,110.37,47.54,110.37,15.68,32,1,1,2394.0,140,9
1777493643,42,31.57,11.42,99.78,52.37,99.78,15.57,32,3,0,2394.0,140,9
1777493644,42,33.23,11.21,130.12,65.58,130.12,19.88,35,3,1,2394.9,140,9
1777493645,42,32.26,8.12,76.08,47.37,76.08,11.78,39,2,0,2395.0,140,9
1777493646,43,33.94,11.42,113.78,47.95,113.78,16.28,37,2,1,2395.0,140,9
1777493647,43,31.06,8.67,86.95,50.91,86.95,13.47,34,3,0,2395.0,140,9
1777493648,43,33.35,9.33,110.95,89.62,110.95,20.26,40,3,2,2395.6,140,9
1777493649,42,34.59,8.79,76.83,57.91,76.83,13.90,37,6,0,2396.0,140,9
1777493650,44,36.54,17.42,144.61,60.29,144.61,19.87,41,4,1,2396.0,140,9
1777493651,42,34.12,11.29,123.70,65.37,123.70,19.68,36,6,1,2396.0,140,9
1777493652,43,31.89,10.83,51.79,49.12,51.79,10.31,37,1,0,2396.3,140,9
1777493653,43,39.59,8.42,164.11,54.45,164.11,28.29,36,5,2,2397.0,140,9
1777493654,43,33.78,14.08,122.16,51.58,122.16,17.20,36,4,1,2397.0,140,9
1777493655,43,30.32,14.29,53.75,49.83,53.75,10.39,38,2,0,2397.0,140,9
1777493656,43,32.16,14.37,101.20,48.70,101.20,14.12,36,2,1,2397.0,140,9
1777493657,42,30.81,14.79,67.87,57.41,67.87,12.03,35,4,0,2398.0,140,9
1777493658,42,30.61,10.58,257.36,53.41,257.36,36.89,33,3,1,2398.0,140,9
1777493659,42,29.09,9.46,122.66,67.08,122.66,18.40,34,3,1,2398.0,140,9
1777493660,43,31.38,10.25,135.91,75.08,135.91,23.46,32,4,2,2398.0,140,9
1777493661,43,28.98,10.62,84.25,54.71,84.25,12.82,35,4,0,2398.7,140,9
1777493662,41,31.94,7.58,113.12,47.67,113.12,18.30,36,2,1,2399.0,140,9
1777493663,43,56.32,13.29,1122.77,64.21,1122.77,165.09,35,4,1,2399.0,140,9
1777493664,43,30.54,10.29,58.04,43.21,58.04,9.60,37,1,0,2399.0,140,9
1777493665,42,28.75,9.42,69.33,44.54,69.33,10.69,34,2,0,2399.5,140,9
1777493666,42,30.80,10.38,58.12,48.66,58.12,10.67,35,1,0,2400.0,140,9
1777493667,43,29.63,15.17,51.37,48.16,51.37,9.71,35,2,0,2400.0,140,9
1777493668,43,31.18,10.25,75.54,52.96,75.54,12.70,36,5,0,2400.0,140,9
1777493669,42,28.24,8.62,69.04,49.42,69.04,11.39,34,2,0,2400.1,140,9
1777493670,42,32.41,9.33,98.66,50.96,98.66,15.31,34,3,0,2401.0,140,9
1777493671,43,26.53,11.54,52.42,41.71,52.42,8.60,31,1,0,2401.0,140,9
1777493672,43,30.41,11.46,50.83,48.75,50.83,10.67,35,1,0,2401.0,140,9
1777493673,42,30.05,8.42,115.83,52.41,115.83,16.77,31,3,1,2401.0,140,9
1777493674,43,34.96,15.17,81.04,59.62,81.04,13.27,40,6,0,2401.8,140,9
1777493675,44,48.01,12.17,517.36,96.08,517.36,75.33,35,8,2,2402.0,140,9
1777493676,42,38.55,12.83,182.37,65.62,182.37,27.49,40,6,2,2402.0,140,9
1777493677,42,32.23,10.08,82.29,56.46,82.29,15.69,35,5,0,2402.0,140,9
1777493678,43,33.63,11.75,123.21,50.83,123.21,19.40,35,3,1,2402.6,140,9
1777493679,43,30.31,14.33,51.29,46.17,51.29,9.88,33,1,0,2403.0,140,9
1777493680,43,28.24,12.79,43.21,40.92,43.21,6.77,38,0,0,2403.0,140,9
1777493681,42,33.07,15.54,111.21,50.46,111.21,18.16,35,3,1,2403.0,140,9
1777493682,44,30.50,9.29,86.12,52.42,86.12,13.16,35,3,0,2403.2,140,9
1777493683,42,37.27,8.08,340.58,50.54,340.58,48.69,33,3,1,2404.0,140,9
1777493684,44,30.69,10.71,97.50,50.92,97.50,15.03,32,3,0,2404.0,140,9
1777493685,43,35.76,8.79,246.37,55.67,246.37,34.88,36,6,1,2404.0,140,9
1777493686,43,25.62,13.17,43.50,36.12,43.50,7.24,32,0,0,2404.0,140,9
1777493687,44,30.04,9.75,52.29,47.46,52.29,10.66,35,2,0,2405.0,140,9
1777493688,42,32.63,8.46,115.00,61.79,115.00,18.11,35,3,1,2405.0,140,9
1777493689,43,35.85,11.46,144.46,82.79,144.46,24.89,35,6,2,2405.0,140,9
1777493690,42,30.03,18.92,98.54,55.12,98.54,13.83,36,3,0,2405.0,140,9
1777493691,42,27.37,10.04,69.08,48.91,69.08,10.46,34,2,0,2405.7,140,9
1777493692,43,31.71,10.83,120.37,47.58,120.37,16.37,37,1,1,2406.0,140,9
1777493693,43,31.20,10.75,85.08,46.87,85.08,13.22,35,2,0,2406.0,140,9
1777493694,43,31.69,12.92,75.29,52.42,75.29,12.38,34,4,0,2406.0,140,9
1777493695,42,30.15,9.83,65.33,45.92,65.33,10.77,36,1,0,2406.4,140,9
1777493696,42,29.51,11.25,108.37,45.42,108.37,14.77,34,2,1,2407.0,140,9
1777493697,42,28.66,7.62,92.08,42.08,92.08,13.41,32,2,0,2407.0,140,9
1777493698,42,32.36,9.58,89.71,52.79,89.71,15.67,35,3,0,2407.0,140,9
1777493699,43,34.50,11.29,93.83,75.21,93.83,18.02,37,7,0,2407.1,140,9
1777493700,42,33.11,12.33,107.21,48.08,107.21,17.40,38,2,1,2408.0,140,9
1777493701,43,29.18,10.67,89.62,43.62,89.62,12.45,35,1,0,2408.0,140,9
1777493702,42,33.04,8.67,186.87,53.79,186.87,26.30,35,4,1,2408.0,140,9
1777493703,43,32.97,13.33,176.54,50.08,176.54,25.09,33,3,1,2408.0,140,9
1777493704,43,30.25,9.08,119.41,52.58,119.41,20.39,32,3,2,2408.8,140,9
1777493705,43,32.97,12.08,161.04,49.66,161.04,22.36,37,2,1,2409.0,140,9
1777493706,43,27.44,11.08,75.58,40.17,75.58,10.55,33,1,0,2409.0,140,9
1777493707,43,30.89,9.29,71.08,49.50,71.08,12.08,37,2,0,2409.0,140,9
1777493708,43,29.39,8.33,89.83,42.67,89.83,12.42,34,1,0,2409.5,140,9
1777493709,43,28.68,10.54,67.96,55.21,67.96,11.64,33,3,0,2410.0,140,9
1777493710,43,37.09,14.21,145.75,92.42,145.75,27.98,35,5,2,2410.0,140,9
1777493711,42,38.50,10.08,298.70,112.87,298.70,54.35,27,4,3,2410.0,140,9
1777493712,42,30.28,14.92,44.12,43.50,44.12,6.55,40,0,0,2410.2,140,9
1777493712,17,28.70,10.62,52.04,52.04,52.04,10.70,14,1,0,2411.0,140,9
